-- MySQL dump 10.13  Distrib 8.0.23, for Linux (x86_64)
--
-- Host: localhost    Database: django
-- ------------------------------------------------------
-- Server version	8.0.23

/*!40101 SET @OLD_CHARACTER_SET_CLIENT=@@CHARACTER_SET_CLIENT */;
/*!40101 SET @OLD_CHARACTER_SET_RESULTS=@@CHARACTER_SET_RESULTS */;
/*!40101 SET @OLD_COLLATION_CONNECTION=@@COLLATION_CONNECTION */;
/*!50503 SET NAMES utf8mb4 */;
/*!40103 SET @OLD_TIME_ZONE=@@TIME_ZONE */;
/*!40103 SET TIME_ZONE='+00:00' */;
/*!40014 SET @OLD_UNIQUE_CHECKS=@@UNIQUE_CHECKS, UNIQUE_CHECKS=0 */;
/*!40014 SET @OLD_FOREIGN_KEY_CHECKS=@@FOREIGN_KEY_CHECKS, FOREIGN_KEY_CHECKS=0 */;
/*!40101 SET @OLD_SQL_MODE=@@SQL_MODE, SQL_MODE='NO_AUTO_VALUE_ON_ZERO' */;
/*!40111 SET @OLD_SQL_NOTES=@@SQL_NOTES, SQL_NOTES=0 */;

--
-- Table structure for table `auth_group`
--

DROP TABLE IF EXISTS `auth_group`;
/*!40101 SET @saved_cs_client     = @@character_set_client */;
/*!50503 SET character_set_client = utf8mb4 */;
CREATE TABLE `auth_group` (
  `id` int NOT NULL AUTO_INCREMENT,
  `name` varchar(150) CHARACTER SET utf8mb4 COLLATE utf8mb4_general_ci NOT NULL,
  PRIMARY KEY (`id`),
  UNIQUE KEY `name` (`name`)
) ENGINE=InnoDB AUTO_INCREMENT=12 DEFAULT CHARSET=utf8mb4 COLLATE=utf8mb4_general_ci;
/*!40101 SET character_set_client = @saved_cs_client */;

--
-- Dumping data for table `auth_group`
--

LOCK TABLES `auth_group` WRITE;
/*!40000 ALTER TABLE `auth_group` DISABLE KEYS */;
INSERT INTO `auth_group` VALUES (1,'Administrador'),(5,'AuditoriaAdministrativa'),(6,'AuditoriaCentral'),(7,'AuditoriaMedica'),(8,'Contaduria'),(3,'Delegado'),(9,'Presidencia'),(2,'Reintegro'),(10,'SoloLectura'),(11,'Tesoreria');
/*!40000 ALTER TABLE `auth_group` ENABLE KEYS */;
UNLOCK TABLES;

--
-- Table structure for table `auth_group_permissions`
--

DROP TABLE IF EXISTS `auth_group_permissions`;
/*!40101 SET @saved_cs_client     = @@character_set_client */;
/*!50503 SET character_set_client = utf8mb4 */;
CREATE TABLE `auth_group_permissions` (
  `id` int NOT NULL AUTO_INCREMENT,
  `group_id` int NOT NULL,
  `permission_id` int NOT NULL,
  PRIMARY KEY (`id`),
  UNIQUE KEY `auth_group_permissions_group_id_permission_id_0cd325b0_uniq` (`group_id`,`permission_id`),
  KEY `auth_group_permissio_permission_id_84c5c92e_fk_auth_perm` (`permission_id`),
  CONSTRAINT `auth_group_permissio_permission_id_84c5c92e_fk_auth_perm` FOREIGN KEY (`permission_id`) REFERENCES `auth_permission` (`id`),
  CONSTRAINT `auth_group_permissions_group_id_b120cbf9_fk_auth_group_id` FOREIGN KEY (`group_id`) REFERENCES `auth_group` (`id`)
) ENGINE=InnoDB DEFAULT CHARSET=utf8mb4 COLLATE=utf8mb4_general_ci;
/*!40101 SET character_set_client = @saved_cs_client */;

--
-- Dumping data for table `auth_group_permissions`
--

LOCK TABLES `auth_group_permissions` WRITE;
/*!40000 ALTER TABLE `auth_group_permissions` DISABLE KEYS */;
/*!40000 ALTER TABLE `auth_group_permissions` ENABLE KEYS */;
UNLOCK TABLES;

--
-- Table structure for table `auth_permission`
--

DROP TABLE IF EXISTS `auth_permission`;
/*!40101 SET @saved_cs_client     = @@character_set_client */;
/*!50503 SET character_set_client = utf8mb4 */;
CREATE TABLE `auth_permission` (
  `id` int NOT NULL AUTO_INCREMENT,
  `name` varchar(255) CHARACTER SET utf8mb4 COLLATE utf8mb4_general_ci NOT NULL,
  `content_type_id` int NOT NULL,
  `codename` varchar(100) CHARACTER SET utf8mb4 COLLATE utf8mb4_general_ci NOT NULL,
  PRIMARY KEY (`id`),
  UNIQUE KEY `auth_permission_content_type_id_codename_01ab375a_uniq` (`content_type_id`,`codename`),
  CONSTRAINT `auth_permission_content_type_id_2f476e4b_fk_django_co` FOREIGN KEY (`content_type_id`) REFERENCES `django_content_type` (`id`)
) ENGINE=InnoDB AUTO_INCREMENT=121 DEFAULT CHARSET=utf8mb4 COLLATE=utf8mb4_general_ci;
/*!40101 SET character_set_client = @saved_cs_client */;

--
-- Dumping data for table `auth_permission`
--

LOCK TABLES `auth_permission` WRITE;
/*!40000 ALTER TABLE `auth_permission` DISABLE KEYS */;
INSERT INTO `auth_permission` VALUES (1,'Can add log entry',1,'add_logentry'),(2,'Can change log entry',1,'change_logentry'),(3,'Can delete log entry',1,'delete_logentry'),(4,'Can view log entry',1,'view_logentry'),(5,'Can add permission',2,'add_permission'),(6,'Can change permission',2,'change_permission'),(7,'Can delete permission',2,'delete_permission'),(8,'Can view permission',2,'view_permission'),(9,'Can add group',3,'add_group'),(10,'Can change group',3,'change_group'),(11,'Can delete group',3,'delete_group'),(12,'Can view group',3,'view_group'),(13,'Can add content type',4,'add_contenttype'),(14,'Can change content type',4,'change_contenttype'),(15,'Can delete content type',4,'delete_contenttype'),(16,'Can view content type',4,'view_contenttype'),(17,'Can add session',5,'add_session'),(18,'Can change session',5,'change_session'),(19,'Can delete session',5,'delete_session'),(20,'Can view session',5,'view_session'),(21,'Can add Token',6,'add_token'),(22,'Can change Token',6,'change_token'),(23,'Can delete Token',6,'delete_token'),(24,'Can view Token',6,'view_token'),(25,'Can add token',7,'add_tokenproxy'),(26,'Can change token',7,'change_tokenproxy'),(27,'Can delete token',7,'delete_tokenproxy'),(28,'Can view token',7,'view_tokenproxy'),(29,'Can add nomenclador',8,'add_nomenclador'),(30,'Can change nomenclador',8,'change_nomenclador'),(31,'Can delete nomenclador',8,'delete_nomenclador'),(32,'Can view nomenclador',8,'view_nomenclador'),(33,'Can add capitulo',9,'add_capitulo'),(34,'Can change capitulo',9,'change_capitulo'),(35,'Can delete capitulo',9,'delete_capitulo'),(36,'Can view capitulo',9,'view_capitulo'),(37,'Can add afiliado',10,'add_afiliado'),(38,'Can change afiliado',10,'change_afiliado'),(39,'Can delete afiliado',10,'delete_afiliado'),(40,'Can view afiliado',10,'view_afiliado'),(41,'Can add archivo adjunto',11,'add_archivoadjunto'),(42,'Can change archivo adjunto',11,'change_archivoadjunto'),(43,'Can delete archivo adjunto',11,'delete_archivoadjunto'),(44,'Can view archivo adjunto',11,'view_archivoadjunto'),(45,'Can add auditoria',12,'add_auditoria'),(46,'Can change auditoria',12,'change_auditoria'),(47,'Can delete auditoria',12,'delete_auditoria'),(48,'Can view auditoria',12,'view_auditoria'),(49,'Can add categoria',13,'add_categoria'),(50,'Can change categoria',13,'change_categoria'),(51,'Can delete categoria',13,'delete_categoria'),(52,'Can view categoria',13,'view_categoria'),(53,'Can add delegacion',14,'add_delegacion'),(54,'Can change delegacion',14,'change_delegacion'),(55,'Can delete delegacion',14,'delete_delegacion'),(56,'Can view delegacion',14,'view_delegacion'),(57,'Can add etiqueta',15,'add_etiqueta'),(58,'Can change etiqueta',15,'change_etiqueta'),(59,'Can delete etiqueta',15,'delete_etiqueta'),(60,'Can view etiqueta',15,'view_etiqueta'),(61,'Can add factura',16,'add_factura'),(62,'Can change factura',16,'change_factura'),(63,'Can delete factura',16,'delete_factura'),(64,'Can view factura',16,'view_factura'),(65,'Can add prestador',17,'add_prestador'),(66,'Can change prestador',17,'change_prestador'),(67,'Can delete prestador',17,'delete_prestador'),(68,'Can view prestador',17,'view_prestador'),(69,'Can add solicitud',18,'add_solicitud'),(70,'Can change solicitud',18,'change_solicitud'),(71,'Can delete solicitud',18,'delete_solicitud'),(72,'Can view solicitud',18,'view_solicitud'),(73,'Can add prestacion',19,'add_prestacion'),(74,'Can change prestacion',19,'change_prestacion'),(75,'Can delete prestacion',19,'delete_prestacion'),(76,'Can view prestacion',19,'view_prestacion'),(77,'Can add estado solicitud log',20,'add_estadosolicitudlog'),(78,'Can change estado solicitud log',20,'change_estadosolicitudlog'),(79,'Can delete estado solicitud log',20,'delete_estadosolicitudlog'),(80,'Can view estado solicitud log',20,'view_estadosolicitudlog'),(81,'Can add auditoria log',21,'add_auditorialog'),(82,'Can change auditoria log',21,'change_auditorialog'),(83,'Can delete auditoria log',21,'delete_auditorialog'),(84,'Can view auditoria log',21,'view_auditorialog'),(85,'Can add cuenta de terceros',22,'add_cuentadeterceros'),(86,'Can change cuenta de terceros',22,'change_cuentadeterceros'),(87,'Can delete cuenta de terceros',22,'delete_cuentadeterceros'),(88,'Can view cuenta de terceros',22,'view_cuentadeterceros'),(89,'Can add user',23,'add_usuario'),(90,'Can change user',23,'change_usuario'),(91,'Can delete user',23,'delete_usuario'),(92,'Can view user',23,'view_usuario'),(93,'Can add cuenta judicial',24,'add_cuentajudicial'),(94,'Can change cuenta judicial',24,'change_cuentajudicial'),(95,'Can delete cuenta judicial',24,'delete_cuentajudicial'),(96,'Can view cuenta judicial',24,'view_cuentajudicial'),(97,'Can add lote',25,'add_lote'),(98,'Can change lote',25,'change_lote'),(99,'Can delete lote',25,'delete_lote'),(100,'Can view lote',25,'view_lote'),(101,'Can add cupon',26,'add_cupon'),(102,'Can change cupon',26,'change_cupon'),(103,'Can delete cupon',26,'delete_cupon'),(104,'Can view cupon',26,'view_cupon'),(105,'Can add archivo po',27,'add_archivopo'),(106,'Can change archivo po',27,'change_archivopo'),(107,'Can delete archivo po',27,'delete_archivopo'),(108,'Can view archivo po',27,'view_archivopo'),(109,'Can add lote cupon',28,'add_lotecupon'),(110,'Can change lote cupon',28,'change_lotecupon'),(111,'Can delete lote cupon',28,'delete_lotecupon'),(112,'Can view lote cupon',28,'view_lotecupon'),(113,'Can add cuenta solicitud',29,'add_cuentasolicitud'),(114,'Can change cuenta solicitud',29,'change_cuentasolicitud'),(115,'Can delete cuenta solicitud',29,'delete_cuentasolicitud'),(116,'Can view cuenta solicitud',29,'view_cuentasolicitud'),(117,'Can add notificacion',30,'add_notificacion'),(118,'Can change notificacion',30,'change_notificacion'),(119,'Can delete notificacion',30,'delete_notificacion'),(120,'Can view notificacion',30,'view_notificacion');
/*!40000 ALTER TABLE `auth_permission` ENABLE KEYS */;
UNLOCK TABLES;

--
-- Table structure for table `authtoken_token`
--

DROP TABLE IF EXISTS `authtoken_token`;
/*!40101 SET @saved_cs_client     = @@character_set_client */;
/*!50503 SET character_set_client = utf8mb4 */;
CREATE TABLE `authtoken_token` (
  `key` varchar(40) CHARACTER SET utf8mb4 COLLATE utf8mb4_general_ci NOT NULL,
  `created` datetime(6) NOT NULL,
  `user_id` int NOT NULL,
  PRIMARY KEY (`key`),
  UNIQUE KEY `user_id` (`user_id`),
  CONSTRAINT `authtoken_token_user_id_35299eff_fk_usuario_usuario_id` FOREIGN KEY (`user_id`) REFERENCES `usuario_usuario` (`id`)
) ENGINE=InnoDB DEFAULT CHARSET=utf8mb4 COLLATE=utf8mb4_general_ci;
/*!40101 SET character_set_client = @saved_cs_client */;

--
-- Dumping data for table `authtoken_token`
--

LOCK TABLES `authtoken_token` WRITE;
/*!40000 ALTER TABLE `authtoken_token` DISABLE KEYS */;
/*!40000 ALTER TABLE `authtoken_token` ENABLE KEYS */;
UNLOCK TABLES;

--
-- Table structure for table `django_admin_log`
--

DROP TABLE IF EXISTS `django_admin_log`;
/*!40101 SET @saved_cs_client     = @@character_set_client */;
/*!50503 SET character_set_client = utf8mb4 */;
CREATE TABLE `django_admin_log` (
  `id` int NOT NULL AUTO_INCREMENT,
  `action_time` datetime(6) NOT NULL,
  `object_id` longtext CHARACTER SET utf8mb4 COLLATE utf8mb4_general_ci,
  `object_repr` varchar(200) CHARACTER SET utf8mb4 COLLATE utf8mb4_general_ci NOT NULL,
  `action_flag` smallint unsigned NOT NULL,
  `change_message` longtext CHARACTER SET utf8mb4 COLLATE utf8mb4_general_ci NOT NULL,
  `content_type_id` int DEFAULT NULL,
  `user_id` int NOT NULL,
  PRIMARY KEY (`id`),
  KEY `django_admin_log_content_type_id_c4bce8eb_fk_django_co` (`content_type_id`),
  KEY `django_admin_log_user_id_c564eba6_fk_usuario_usuario_id` (`user_id`),
  CONSTRAINT `django_admin_log_content_type_id_c4bce8eb_fk_django_co` FOREIGN KEY (`content_type_id`) REFERENCES `django_content_type` (`id`),
  CONSTRAINT `django_admin_log_user_id_c564eba6_fk_usuario_usuario_id` FOREIGN KEY (`user_id`) REFERENCES `usuario_usuario` (`id`)
) ENGINE=InnoDB AUTO_INCREMENT=505 DEFAULT CHARSET=utf8mb4 COLLATE=utf8mb4_general_ci;
/*!40101 SET character_set_client = @saved_cs_client */;

--
-- Dumping data for table `django_admin_log`
--

LOCK TABLES `django_admin_log` WRITE;
/*!40000 ALTER TABLE `django_admin_log` DISABLE KEYS */;
INSERT INTO `django_admin_log` VALUES (1,'2021-04-30 18:19:44.068156','1','1 - 01-01581912/00 - ENRIQUE - BUSTAMANTE - 0340253708730025384008',1,'[{\"added\": {}}]',10,8),(2,'2021-04-30 18:25:19.554146','2','2 - 02-06705114/00 - MARIA DEL CARMEN - REGIDOR - None',1,'[{\"added\": {}}]',10,8),(3,'2021-04-30 18:26:06.208267','3','3 - 03-03724823/00 - DORA NILSA - RODRIGUEZ - 0110546930054611471833',1,'[{\"added\": {}}]',10,8),(4,'2021-04-30 18:27:08.272882','4','4 - 03-24803604/00 - RICARDO ISMAEL - AGUERO - 0340220908730034304004',1,'[{\"added\": {}}]',10,8),(5,'2021-04-30 18:28:28.269481','5','5 - 03-34289052/00 - JOAQUIN - ABERASTAIN  ORO - None',1,'[{\"added\": {}}]',10,8),(6,'2021-05-05 14:02:38.538396','1','1 - NEUROCIRUGÍA - 10',1,'[{\"added\": {}}]',9,8),(7,'2021-05-05 14:02:59.650819','2','2 - OFTALMOLOGÍA - 10',1,'[{\"added\": {}}]',9,8),(8,'2021-05-05 14:03:37.418840','3','3 - OTORRINOLARINGOLOGÍA - 10',1,'[{\"added\": {}}]',9,8),(9,'2021-05-05 14:04:07.907102','4','4 - OPERACIONES DEL SISTEMA ENDÓCRINO - 10',1,'[{\"added\": {}}]',9,8),(10,'2021-05-05 14:04:32.327915','5','5 - OPERACIONES EN EL TORAX - 10',1,'[{\"added\": {}}]',9,8),(11,'2021-05-05 14:04:48.796790','6','6 - OPERACIONES EN LA MAMA - 10',1,'[{\"added\": {}}]',9,8),(12,'2021-05-05 14:05:06.794484','7','7 - OPERACIONES DEL SISTEMA CARDIOVASCULAR - 10',1,'[{\"added\": {}}]',9,8),(13,'2021-05-05 14:05:25.244181','8','8 - OPERACIONES DEL APARATO DIGESTIVO Y ABDOMEN - 10',1,'[{\"added\": {}}]',9,8),(14,'2021-05-05 15:56:53.305282','6','6 - 03-29898467/00 - NERI EDGARDO - CASTRO - 0340250608122034497013',1,'[{\"added\": {}}]',10,8),(15,'2021-05-05 15:58:27.458885','7','7 - 03-28385233/00 - JULIETA LORENA - PARENTE - 0340250608299009242003',1,'[{\"added\": {}}]',10,8),(16,'2021-05-05 15:59:17.985192','8','8 - 03-20989020/00 - MARIA FERNANDA - BARRAGAN - 0340250608730010938009',1,'[{\"added\": {}}]',10,8),(17,'2021-05-05 16:01:23.358837','9','9 - 01-01597863/00 - ATILIO - PAINEFIL - None',1,'[{\"added\": {}}]',10,8),(18,'2021-05-05 17:06:26.574414','10','10 - 01-01732154/00 - HORACIO AARON - ZADOFF - None',1,'[{\"added\": {}}]',10,8),(19,'2021-05-05 17:08:14.028127','11','11 - 01-02296813/00 - MARIA - CALFINAO - None',1,'[{\"added\": {}}]',10,8),(20,'2021-05-05 17:09:37.985028','12','12 - 01-02498890/00 - FRANCISCO - CORTI - None',1,'[{\"added\": {}}]',10,8),(21,'2021-05-05 17:11:11.070748','13','13 - 01-02498983/00 - GUILLERMINA - MATHIUS - 0340251308122170030008',1,'[{\"added\": {}}]',10,8),(22,'2021-05-05 17:12:14.475385','14','14 - 01-02656230/00 - JOSE GILBERTO - CARDENAS - None',1,'[{\"added\": {}}]',10,8),(23,'2021-05-05 17:51:51.093485','15','15 - 01-02799533/00 - OSCAR MANUEL - ARIAS - None',1,'[{\"added\": {}}]',10,8),(24,'2021-05-05 17:53:33.227234','16','16 - 01-03016644/00 - NESTOR - MAZZUCHELLI - None',1,'[{\"added\": {}}]',10,8),(25,'2021-05-05 17:54:27.733121','17','17 - 01-03025340/00 - MARIO ANTONIO - GASTAMINZA - 0340250608730000375009',1,'[{\"added\": {}}]',10,8),(26,'2021-05-07 17:25:02.109732','1','1 - Prestación medica',1,'[{\"added\": {}}]',13,8),(27,'2021-05-10 12:49:30.762427','1','1 - 12356A',1,'[{\"added\": {}}]',17,8),(28,'2021-05-10 12:49:36.770659','2','2 - 12356B',1,'[{\"added\": {}}]',17,8),(29,'2021-05-10 12:49:40.189520','3','3 - 12356C',1,'[{\"added\": {}}]',17,8),(30,'2021-05-10 12:49:43.188227','4','4 - 12356D',1,'[{\"added\": {}}]',17,8),(31,'2021-05-10 18:01:55.639743','18','18 - 01-03033320/00 - EDUARDO ELIO - GIVAUDANT - None',1,'[{\"added\": {}}]',10,8),(32,'2021-05-10 18:02:36.479774','19','19 - 01-03151058/00 - PEDRO - MANZANO - None',1,'[{\"added\": {}}]',10,8),(33,'2021-05-10 18:03:19.348845','20','20 - 01-03156237/00 - JOSE FELIX - SOSA - None',1,'[{\"added\": {}}]',10,8),(34,'2021-05-10 18:05:33.353313','21','21 - 01-03157912/00 - HECTOR DOMINGO - CORIA - None',1,'[{\"added\": {}}]',10,8),(35,'2021-05-11 12:55:24.628218','1','1 Allen',2,'[{\"changed\": {\"fields\": [\"Nombre\"]}}]',14,8),(36,'2021-05-11 12:55:43.143172','2','2 Bahía Blanca',2,'[{\"changed\": {\"fields\": [\"Nombre\"]}}]',14,8),(37,'2021-05-11 12:56:01.708469','3','3 Buenos Aires',1,'[{\"added\": {}}]',14,8),(38,'2021-05-11 12:57:36.394297','4','4 Campo Grande',1,'[{\"added\": {}}]',14,8),(39,'2021-05-11 13:09:45.951625','5','5 Catriel',1,'[{\"added\": {}}]',14,8),(40,'2021-05-11 13:09:52.589696','6','6 Cervantes',1,'[{\"added\": {}}]',14,8),(41,'2021-05-11 13:09:58.456470','7','7 Chichinales',1,'[{\"added\": {}}]',14,8),(42,'2021-05-11 13:10:03.089255','8','8 Chimpay',1,'[{\"added\": {}}]',14,8),(43,'2021-05-11 13:10:08.263071','9','9 Choele Choel',1,'[{\"added\": {}}]',14,8),(44,'2021-05-11 13:10:42.407844','10','10 Cinco Saltos',1,'[{\"added\": {}}]',14,8),(45,'2021-05-11 13:10:47.324287','11','11 Cipolletti',1,'[{\"added\": {}}]',14,8),(46,'2021-05-11 13:10:52.558078','12','12 Comallo',1,'[{\"added\": {}}]',14,8),(47,'2021-05-11 13:10:59.350175','13','13 Coronel Belisle',1,'[{\"added\": {}}]',14,8),(48,'2021-05-11 13:11:13.866283','14','14 Darwin',1,'[{\"added\": {}}]',14,8),(49,'2021-05-11 13:11:20.733860','15','15 Dina Huapi',1,'[{\"added\": {}}]',14,8),(50,'2021-05-11 13:12:06.027100','16','16 El Bolsón',1,'[{\"added\": {}}]',14,8),(51,'2021-05-11 13:12:10.831525','17','17 El Foyel',1,'[{\"added\": {}}]',14,8),(52,'2021-05-11 13:12:19.464313','18','18 Fernández Oro',1,'[{\"added\": {}}]',14,8),(53,'2021-05-11 13:12:34.171857','19','19 General Conesa',1,'[{\"added\": {}}]',14,8),(54,'2021-05-11 13:12:42.842951','20','20 General Enrique Godoy',1,'[{\"added\": {}}]',14,8),(55,'2021-05-11 13:12:49.038541','21','21 General Roca',1,'[{\"added\": {}}]',14,8),(56,'2021-05-11 13:12:55.697792','22','22 Guardia Mitre',1,'[{\"added\": {}}]',14,8),(57,'2021-05-11 13:13:43.031798','23','23 Ingeniero Huergo',1,'[{\"added\": {}}]',14,8),(58,'2021-05-11 13:13:48.838150','24','24 Ingeniero Jacobacci',1,'[{\"added\": {}}]',14,8),(59,'2021-05-11 13:13:55.756645','25','25 Lamarque',1,'[{\"added\": {}}]',14,8),(60,'2021-05-11 13:13:59.280822','26','26 Las Grutas',1,'[{\"added\": {}}]',14,8),(61,'2021-05-11 13:14:04.765835','27','27 Los Menucos',1,'[{\"added\": {}}]',14,8),(62,'2021-05-11 13:14:10.221049','28','28 Luis Beltrán',1,'[{\"added\": {}}]',14,8),(63,'2021-05-11 13:14:16.177261','29','29 Mainqué',1,'[{\"added\": {}}]',14,8),(64,'2021-05-11 13:14:20.863807','30','30 Maquinchao',1,'[{\"added\": {}}]',14,8),(65,'2021-05-11 13:14:44.652540','31','31 Ñorquinco',1,'[{\"added\": {}}]',14,8),(66,'2021-05-11 13:14:48.399690','32','32 Pilcaniyeu',1,'[{\"added\": {}}]',14,8),(67,'2021-05-11 13:14:52.191435','33','33 Pomona',1,'[{\"added\": {}}]',14,8),(68,'2021-05-11 13:14:56.390582','34','34 Ramos Mexías',1,'[{\"added\": {}}]',14,8),(69,'2021-05-11 13:15:02.272144','35','35 Río Colorado',1,'[{\"added\": {}}]',14,8),(70,'2021-05-11 13:15:09.247624','36','36 San Antonio Oeste',1,'[{\"added\": {}}]',14,8),(71,'2021-05-11 13:15:13.591025','37','37 San Carlos de Bariloche',1,'[{\"added\": {}}]',14,8),(72,'2021-05-11 13:15:19.059394','38','38 Sierra Colorada',1,'[{\"added\": {}}]',14,8),(73,'2021-05-11 13:15:24.810471','39','39 Sierra Grande',1,'[{\"added\": {}}]',14,8),(74,'2021-05-11 13:15:28.934950','40','40 Valcheta',1,'[{\"added\": {}}]',14,8),(75,'2021-05-11 13:15:33.844432','41','41 Viedma',1,'[{\"added\": {}}]',14,8),(76,'2021-05-11 13:15:40.114400','42','42 Villa Regina',1,'[{\"added\": {}}]',14,8),(77,'2021-05-11 18:04:46.270527','1','1 - Factura',1,'[{\"added\": {}}]',15,8),(78,'2021-05-12 17:27:10.770366','1','1 - Estado actual: sinPagos - 2021-05-12 17:27:10.767220+00:00',1,'[{\"added\": {}}]',18,8),(79,'2021-05-12 17:30:12.080436','12','12 - attachments/invoice.jpg',1,'[{\"added\": {}}]',16,8),(80,'2021-05-12 17:34:49.527511','1','1 - Cantidad: 2 - Prestador: 12356A - Solicitud: 1',1,'[{\"added\": {}}]',19,8),(81,'2021-05-12 17:36:39.110370','13','13 - attachments/invoice_3LTuTgZ.jpg',1,'[{\"added\": {}}]',16,8),(82,'2021-05-12 17:37:46.603269','2','2 - Cantidad: 4 - Prestador: 12356B - Solicitud: 1',1,'[{\"added\": {}}]',19,8),(83,'2021-05-12 17:38:23.335061','2','2 - Estado actual: sinPagos - 2021-05-12 17:38:23.330959+00:00',1,'[{\"added\": {}}]',18,8),(84,'2021-05-12 17:40:35.663509','3','3 - Cantidad: 3 - Prestador: 12356C - Solicitud: 2',1,'[{\"added\": {}}]',19,8),(85,'2021-05-12 17:41:14.362674','14','14 - attachments/invoice_GjUWUvd.jpg',1,'[{\"added\": {}}]',16,8),(86,'2021-05-12 17:41:31.655292','3','3 - Cantidad: 3 - Prestador: 12356C - Solicitud: 2',2,'[{\"changed\": {\"fields\": [\"Factura\"]}}]',19,8),(87,'2021-05-12 17:45:55.077289','15','15 - attachments/invoice_QmvwMIy.jpg',1,'[{\"added\": {}}]',16,8),(88,'2021-05-12 17:52:45.025748','4','4 - Cantidad: 2 - Prestador: 12356D - Solicitud: 2',1,'[{\"added\": {}}]',19,8),(89,'2021-05-12 17:55:21.167332','5','5 - Cantidad: 5 - Prestador: 12356C - Solicitud: 2',1,'[{\"added\": {}}]',19,8),(90,'2021-05-12 17:55:38.315497','16','16 - attachments/invoice_DKz3AoV.jpg',1,'[{\"added\": {}}]',16,8),(91,'2021-05-12 17:56:01.269317','5','5 - Cantidad: 5 - Prestador: 12356C - Solicitud: 2',2,'[{\"changed\": {\"fields\": [\"Factura\"]}}]',19,8),(92,'2021-05-12 18:08:19.017740','1','1 - enCurso - 35 - 3500',1,'[{\"added\": {}}]',12,8),(93,'2021-05-12 18:08:36.864570','1','1 - Cantidad: 2 - Prestador: 12356A - Solicitud: 1',2,'[{\"changed\": {\"fields\": [\"Auditoria\"]}}]',19,8),(94,'2021-05-12 18:09:15.443710','2','2 - enCurso - 15 - 15000',1,'[{\"added\": {}}]',12,8),(95,'2021-05-12 18:09:33.968832','2','2 - Cantidad: 4 - Prestador: 12356B - Solicitud: 1',2,'[{\"changed\": {\"fields\": [\"Auditoria\"]}}]',19,8),(96,'2021-05-12 18:17:52.029283','3','3 - Estado actual: sinPagos - 2021-05-12 18:17:52.026166+00:00',1,'[{\"added\": {}}]',18,8),(97,'2021-05-12 18:18:55.028908','18','18 - attachments/invoice_iad5wEs.jpg',1,'[{\"added\": {}}]',16,8),(98,'2021-05-12 18:19:54.601564','6','6 - Cantidad: 1 - Prestador: 12356D - Solicitud: 3',1,'[{\"added\": {}}]',19,8),(99,'2021-05-12 18:28:07.557497','1','1 - aceptado - 35 - 3500.00',2,'[{\"changed\": {\"fields\": [\"EstadoActual\"]}}]',12,8),(100,'2021-05-12 18:28:16.969054','2','2 - aceptado - 15 - 15000.00',2,'[{\"changed\": {\"fields\": [\"EstadoActual\"]}}]',12,8),(101,'2021-05-12 18:30:19.424700','3','3 - enCurso - 20 - 2500',1,'[{\"added\": {}}]',12,8),(102,'2021-05-12 18:30:35.805703','3','3 - Cantidad: 3 - Prestador: 12356C - Solicitud: 2',2,'[{\"changed\": {\"fields\": [\"Auditoria\"]}}]',19,8),(103,'2021-05-12 18:32:05.668047','3','3 - aceptado - 20 - 2500.00',2,'[{\"changed\": {\"fields\": [\"EstadoActual\"]}}]',12,8),(104,'2021-05-12 18:32:20.895626','4','4 - aceptado - 15 - 4500',1,'[{\"added\": {}}]',12,8),(105,'2021-05-12 18:32:29.970031','4','4 - Cantidad: 2 - Prestador: 12356D - Solicitud: 2',2,'[{\"changed\": {\"fields\": [\"Auditoria\"]}}]',19,8),(106,'2021-05-12 18:34:12.180350','5','5 - aceptado - 15 - 3258',1,'[{\"added\": {}}]',12,8),(107,'2021-05-12 18:34:20.363688','5','5 - Cantidad: 5 - Prestador: 12356C - Solicitud: 2',2,'[{\"changed\": {\"fields\": [\"Auditoria\"]}}]',19,8),(108,'2021-05-12 18:34:43.656704','6','6 - aceptado - 20 - 1456',1,'[{\"added\": {}}]',12,8),(109,'2021-05-12 18:34:54.430583','6','6 - Cantidad: 1 - Prestador: 12356D - Solicitud: 3',2,'[{\"changed\": {\"fields\": [\"Auditoria\"]}}]',19,8),(110,'2021-05-15 19:07:37.108560','4','Auditor',1,'[{\"added\": {}}]',3,9),(111,'2021-05-16 00:37:06.553203','7','mvega',2,'[{\"changed\": {\"fields\": [\"Password\", \"Groups\"]}}]',23,9),(112,'2021-05-16 22:36:36.983422','31','31 - Cantidad: 2 - Prestador: 12356B - Solicitud: 27',3,'',19,9),(113,'2021-05-16 22:36:36.991731','30','30 - Cantidad: 1 - Prestador: 12356A - Solicitud: 27',3,'',19,9),(114,'2021-05-16 22:36:36.999668','29','29 - Cantidad: 2 - Prestador: 12356A - Solicitud: 26',3,'',19,9),(115,'2021-05-16 22:36:37.006304','28','28 - Cantidad: 2 - Prestador: 12356A - Solicitud: 26',3,'',19,9),(116,'2021-05-16 22:36:37.012972','27','27 - Cantidad: 4 - Prestador: 12356D - Solicitud: 25',3,'',19,9),(117,'2021-05-16 22:36:37.019546','26','26 - Cantidad: 2 - Prestador: 12356A - Solicitud: 25',3,'',19,9),(118,'2021-05-16 22:36:37.025587','25','25 - Cantidad: 3 - Prestador: 12356C - Solicitud: 24',3,'',19,9),(119,'2021-05-16 22:36:37.031573','24','24 - Cantidad: 2 - Prestador: 12356B - Solicitud: 24',3,'',19,9),(120,'2021-05-16 22:36:37.038124','23','23 - Cantidad: 0 - Prestador: 12356A - Solicitud: 23',3,'',19,9),(121,'2021-05-16 22:36:37.044578','22','22 - Cantidad: 3 - Prestador: 12356D - Solicitud: 22',3,'',19,9),(122,'2021-05-16 22:36:37.051077','21','21 - Cantidad: 3 - Prestador: 12356B - Solicitud: 21',3,'',19,9),(123,'2021-05-16 22:36:37.058291','20','20 - Cantidad: 2 - Prestador: 12356D - Solicitud: 20',3,'',19,9),(124,'2021-05-16 22:36:37.064850','19','19 - Cantidad: 4 - Prestador: 12356B - Solicitud: 19',3,'',19,9),(125,'2021-05-16 22:36:37.070985','18','18 - Cantidad: 3 - Prestador: 12356B - Solicitud: 19',3,'',19,9),(126,'2021-05-16 22:36:37.077671','17','17 - Cantidad: 1 - Prestador: 12356A - Solicitud: 18',3,'',19,9),(127,'2021-05-16 22:36:37.086044','16','16 - Cantidad: 1 - Prestador: 12356A - Solicitud: 17',3,'',19,9),(128,'2021-05-16 22:36:37.092599','15','15 - Cantidad: 1 - Prestador: 12356A - Solicitud: 16',3,'',19,9),(129,'2021-05-16 22:36:37.101725','14','14 - Cantidad: 1 - Prestador: 12356B - Solicitud: 15',3,'',19,9),(130,'2021-05-16 22:36:37.108705','13','13 - Cantidad: 1 - Prestador: 12356A - Solicitud: 14',3,'',19,9),(131,'2021-05-16 22:36:37.115366','12','12 - Cantidad: 3 - Prestador: 12356A - Solicitud: 11',3,'',19,9),(132,'2021-05-16 22:36:37.123264','11','11 - Cantidad: 1 - Prestador: 12356A - Solicitud: 10',3,'',19,9),(133,'2021-05-16 22:36:37.131069','10','10 - Cantidad: 4 - Prestador: 12356A - Solicitud: 9',3,'',19,9),(134,'2021-05-16 22:36:37.139584','9','9 - Cantidad: 1 - Prestador: 12356A - Solicitud: 7',3,'',19,9),(135,'2021-05-16 22:36:37.146775','8','8 - Cantidad: -2 - Prestador: 12356D - Solicitud: 5',3,'',19,9),(136,'2021-05-16 22:36:37.153122','7','7 - Cantidad: 1 - Prestador: 12356A - Solicitud: 4',3,'',19,9),(137,'2021-05-16 22:36:37.159491','6','6 - Cantidad: 1 - Prestador: 12356D - Solicitud: 3',3,'',19,9),(138,'2021-05-16 22:36:37.165608','5','5 - Cantidad: 5 - Prestador: 12356C - Solicitud: 2',3,'',19,9),(139,'2021-05-16 22:37:07.284318','5','5 - Solicitud: 10 - 10499.46 - enProceso',3,'',26,9),(140,'2021-05-16 22:37:07.292855','4','4 - Solicitud: 7 - 6286.51 - enProceso',3,'',26,9),(141,'2021-05-16 22:37:07.300085','3','3 - Solicitud: 3 - 1456.00 - enProceso',3,'',26,9),(142,'2021-05-16 22:37:07.306570','2','2 - Solicitud: 17 - 10499.46 - enProceso',3,'',26,9),(143,'2021-05-16 22:37:07.312750','1','1 - Solicitud: 1 - 18500.00 - enProceso',3,'',26,9),(144,'2021-05-16 22:40:45.474335','4','4 - Cantidad: 2 - Prestador: 12356D - Solicitud: 2',3,'',19,9),(145,'2021-05-16 22:40:45.483852','3','3 - Cantidad: 3 - Prestador: 12356C - Solicitud: 2',3,'',19,9),(146,'2021-05-16 22:40:45.490518','2','2 - Cantidad: 4 - Prestador: 12356B - Solicitud: 1',3,'',19,9),(147,'2021-05-16 22:40:45.496987','1','1 - Cantidad: 2 - Prestador: 12356A - Solicitud: 1',3,'',19,9),(148,'2021-05-16 22:41:00.123741','27','27 - Estado actual: sinPagos - 2021-05-16 22:05:53.840592+00:00 - Afiliado: 4',3,'',18,9),(149,'2021-05-16 22:41:00.131717','26','26 - Estado actual: sinPagos - 2021-05-16 20:36:23.898705+00:00 - Afiliado: 20',3,'',18,9),(150,'2021-05-16 22:41:00.138496','25','25 - Estado actual: sinPagos - 2021-05-16 20:01:37.477988+00:00 - Afiliado: 3',3,'',18,9),(151,'2021-05-16 22:41:00.145018','24','24 - Estado actual: sinPagos - 2021-05-16 19:41:32.755595+00:00 - Afiliado: 4',3,'',18,9),(152,'2021-05-16 22:41:00.151232','23','23 - Estado actual: sinPagos - 2021-05-16 18:50:59.661215+00:00 - Afiliado: 5',3,'',18,9),(153,'2021-05-16 22:41:00.157838','22','22 - Estado actual: sinPagos - 2021-05-16 18:30:40.401428+00:00 - Afiliado: 1',3,'',18,9),(154,'2021-05-16 22:41:00.165819','21','21 - Estado actual: sinPagos - 2021-05-16 18:28:52.752342+00:00 - Afiliado: 13',3,'',18,9),(155,'2021-05-16 22:41:00.172421','20','20 - Estado actual: sinPagos - 2021-05-16 18:27:09.692373+00:00 - Afiliado: 13',3,'',18,9),(156,'2021-05-16 22:41:00.178964','19','19 - Estado actual: sinPagos - 2021-05-16 17:43:04.212634+00:00 - Afiliado: 4',3,'',18,9),(157,'2021-05-16 22:41:00.185847','18','18 - Estado actual: sinPagos - 2021-05-16 03:14:48.402181+00:00 - Afiliado: 5',3,'',18,9),(158,'2021-05-16 22:41:00.200954','17','17 - Estado actual: sinPagos - 2021-05-16 00:39:36.523292+00:00 - Afiliado: 1',3,'',18,9),(159,'2021-05-16 22:41:00.206969','16','16 - Estado actual: sinPagos - 2021-05-16 00:34:48.679520+00:00 - Afiliado: 2',3,'',18,9),(160,'2021-05-16 22:41:00.213554','15','15 - Estado actual: sinPagos - 2021-05-16 00:33:09.113968+00:00 - Afiliado: 1',3,'',18,9),(161,'2021-05-16 22:41:00.221330','14','14 - Estado actual: sinPagos - 2021-05-15 18:56:08.528051+00:00 - Afiliado: 1',3,'',18,9),(162,'2021-05-16 22:41:00.227783','11','11 - Estado actual: sinPagos - 2021-05-14 13:36:05.648510+00:00 - Afiliado: 1',3,'',18,9),(163,'2021-05-16 22:41:00.234372','10','10 - Estado actual: sinPagos - 2021-05-14 13:31:08.801076+00:00 - Afiliado: 1',3,'',18,9),(164,'2021-05-16 22:41:00.240557','9','9 - Estado actual: sinPagos - 2021-05-13 18:26:41.662202+00:00 - Afiliado: 1',3,'',18,9),(165,'2021-05-16 22:41:00.247055','8','8 - Estado actual: sinPagos - 2021-05-13 18:24:26.437984+00:00 - Afiliado: 1',3,'',18,9),(166,'2021-05-16 22:41:00.253591','7','7 - Estado actual: sinPagos - 2021-05-13 17:59:00.734563+00:00 - Afiliado: 1',3,'',18,9),(167,'2021-05-16 22:41:00.259966','5','5 - Estado actual: sinPagos - 2021-05-12 21:05:24.430356+00:00 - Afiliado: 2',3,'',18,9),(168,'2021-05-16 22:41:00.266157','4','4 - Estado actual: sinPagos - 2021-05-12 21:04:27.905730+00:00 - Afiliado: 1',3,'',18,9),(169,'2021-05-16 22:41:00.272799','3','3 - Estado actual: sinPagos - 2021-05-12 18:17:52.026166+00:00 - Afiliado: 13',3,'',18,9),(170,'2021-05-16 22:41:00.279116','2','2 - Estado actual: sinPagos - 2021-05-12 17:38:23.330959+00:00 - Afiliado: 3',3,'',18,9),(171,'2021-05-16 22:41:00.287034','1','1 - Estado actual: sinPagos - 2021-05-12 17:27:10.767220+00:00 - Afiliado: 4',3,'',18,9),(172,'2021-05-16 22:41:18.436832','12','Auditoria: 18 - Actualizado por: mvega - Auditor Asignado: mvega - Estado: aceptado',3,'',21,9),(173,'2021-05-16 22:41:18.444521','11','Auditoria: 17 - Actualizado por: mvega - Auditor Asignado: mvega - Estado: rechazado',3,'',21,9),(174,'2021-05-16 22:41:18.451110','10','Auditoria: 16 - Actualizado por: mvega - Auditor Asignado: mvega - Estado: aceptado',3,'',21,9),(175,'2021-05-16 22:41:18.458513','9','Auditoria: 15 - Actualizado por: mvega - Auditor Asignado: mvega - Estado: aceptado',3,'',21,9),(176,'2021-05-16 22:41:18.465130','8','Auditoria: 14 - Actualizado por: mvega - Auditor Asignado: mvega - Estado: rechazado',3,'',21,9),(177,'2021-05-16 22:41:18.471580','7','Auditoria: 13 - Actualizado por: mvega - Auditor Asignado: mvega - Estado: aceptado',3,'',21,9),(178,'2021-05-16 22:41:18.478163','6','Auditoria: 12 - Actualizado por: mvega - Auditor Asignado: mvega - Estado: rechazado',3,'',21,9),(179,'2021-05-16 22:41:18.484602','5','Auditoria: 11 - Actualizado por: mvega - Auditor Asignado: mvega - Estado: aceptado',3,'',21,9),(180,'2021-05-16 22:41:18.491058','4','Auditoria: 10 - Actualizado por: mvega - Auditor Asignado: mvega - Estado: aceptado',3,'',21,9),(181,'2021-05-16 22:41:18.496916','3','Auditoria: 9 - Actualizado por: mvega - Auditor Asignado: mvega - Estado: rechazado',3,'',21,9),(182,'2021-05-16 22:41:18.503811','2','Auditoria: 8 - Actualizado por: mvega - Auditor Asignado: mvega - Estado: aceptado',3,'',21,9),(183,'2021-05-16 22:41:18.509967','1','Auditoria: 7 - Actualizado por: mvega - Auditor Asignado: mvega - Estado: aceptado',3,'',21,9),(184,'2021-05-16 22:41:25.236713','18','18 - aceptado - 90 - 10499.46',3,'',12,9),(185,'2021-05-16 22:41:25.244634','17','17 - rechazado - 90 - 10499.46',3,'',12,9),(186,'2021-05-16 22:41:25.251288','16','16 - aceptado - 90 - 10499.46',3,'',12,9),(187,'2021-05-16 22:41:25.257931','15','15 - aceptado - 90 - 6286.51',3,'',12,9),(188,'2021-05-16 22:41:25.264017','14','14 - rechazado - 90 - 45497.63',3,'',12,9),(189,'2021-05-16 22:41:25.270601','13','13 - aceptado - 90 - 6286.51',3,'',12,9),(190,'2021-05-16 22:41:25.277797','12','12 - rechazado - 70 - 8166.25',3,'',12,9),(191,'2021-05-16 22:41:25.284908','11','11 - aceptado - 90 - 10499.46',3,'',12,9),(192,'2021-05-16 22:41:25.294871','10','10 - aceptado - 90 - 10499.46',3,'',12,9),(193,'2021-05-16 22:41:25.305718','9','9 - rechazado - 90 - 10499.46',3,'',12,9),(194,'2021-05-16 22:41:25.316055','8','8 - aceptado - 90 - 10499.46',3,'',12,9),(195,'2021-05-16 22:41:25.324646','7','7 - aceptado - 90 - 26248.60',3,'',12,9),(196,'2021-05-16 22:41:25.333183','6','6 - aceptado - 20 - 1456.00',3,'',12,9),(197,'2021-05-16 22:41:25.343528','5','5 - aceptado - 15 - 3258.00',3,'',12,9),(198,'2021-05-16 22:41:25.351478','4','4 - aceptado - 15 - 4500.00',3,'',12,9),(199,'2021-05-16 22:41:25.360491','3','3 - aceptado - 20 - 2500.00',3,'',12,9),(200,'2021-05-16 22:41:25.372076','2','2 - aceptado - 15 - 15000.00',3,'',12,9),(201,'2021-05-16 22:41:25.379981','1','1 - aceptado - 35 - 3500.00',3,'',12,9),(202,'2021-05-16 22:41:33.103576','7','Lote: 5 - 2021-05-16 22:11:17.336971+00:00 - Archivo: archivos_po/prueba_archivo_po_zKeBfjD.txt',3,'',27,9),(203,'2021-05-16 22:41:33.111470','6','Lote: 4 - 2021-05-16 20:07:40.259421+00:00 - Archivo: archivos_po/prueba_archivo_po_6oUvOsx.txt',3,'',27,9),(204,'2021-05-16 22:41:33.119149','5','Lote: 4 - 2021-05-16 20:07:40.259421+00:00 - Archivo: archivos_po/prueba_archivo_po_bvGubIp.txt',3,'',27,9),(205,'2021-05-16 22:41:33.125538','4','Lote: 3 - 2021-05-16 17:49:12.340100+00:00 - Archivo: archivos_po/prueba_archivo_po_dnDD3UA.txt',3,'',27,9),(206,'2021-05-16 22:41:33.133872','3','Lote: 3 - 2021-05-16 17:49:12.340100+00:00 - Archivo: archivos_po/prueba_archivo_po_f04B8VC.txt',3,'',27,9),(207,'2021-05-16 22:41:33.140719','2','Lote: 1 - 2021-05-12 18:31:37.412981+00:00 - Archivo: archivos_po/prueba_archivo_po_McBcoFf.txt',3,'',27,9),(208,'2021-05-16 22:41:33.146707','1','Lote: 2 - 2021-05-16 00:40:31.143640+00:00 - Archivo: archivos_po/prueba_archivo_po.txt',3,'',27,9),(209,'2021-05-16 22:41:40.703084','36','36 - Etiqueta: sin etiqueta  - attachments/the-art-of-the-sales-conversation-worksheet-AOS_nYXi1zl.pdf',3,'',11,9),(210,'2021-05-16 22:41:40.710635','35','35 - Etiqueta: sin etiqueta  - attachments/the-art-of-the-sales-conversation-worksheet-AOS_lVMlRy7.pdf',3,'',11,9),(211,'2021-05-16 22:41:40.717069','34','34 - Etiqueta: sin etiqueta  - attachments/DNI-KlosterAgustin_7d5iPX9.pdf',3,'',11,9),(212,'2021-05-16 22:41:40.723228','33','33 - Etiqueta: sin etiqueta  - attachments/DNI-KlosterAgustin_CJuHzvE.pdf',3,'',11,9),(213,'2021-05-16 22:41:40.729866','32','32 - Etiqueta: sin etiqueta  - attachments/the-art-of-the-sales-conversation-worksheet-AOS_ejhMElt.pdf',3,'',11,9),(214,'2021-05-16 22:41:40.737872','31','31 - Etiqueta: sin etiqueta  - attachments/the-art-of-the-sales-conversation-worksheet-AOS.pdf',3,'',11,9),(215,'2021-05-16 22:41:40.744493','30','30 - Etiqueta: sin etiqueta  - attachments/DNI-KlosterAgustin_HAYgtlB.pdf',3,'',11,9),(216,'2021-05-16 22:41:40.750571','29','29 - Etiqueta: sin etiqueta  - attachments/an-noc-ypf_1.pdf',3,'',11,9),(217,'2021-05-16 22:41:40.757461','28','28 - Etiqueta: sin etiqueta  - attachments/DNI-KlosterAgustin_MysPT3t.pdf',3,'',11,9),(218,'2021-05-16 22:41:40.764046','27','27 - Etiqueta: sin etiqueta  - attachments/DNI-KlosterAgustin_zt22z7n.pdf',3,'',11,9),(219,'2021-05-16 22:41:40.770406','26','26 - Etiqueta: sin etiqueta  - attachments/Coding_Challenge_-_React41_1.pdf',3,'',11,9),(220,'2021-05-16 22:41:40.783580','25','25 - Etiqueta: sin etiqueta  - attachments/DNI-KlosterAgustin.pdf',3,'',11,9),(221,'2021-05-16 22:41:40.790569','24','24 - Etiqueta: sin etiqueta  - attachments/people-office.jpg',3,'',11,9),(222,'2021-05-16 22:41:40.797238','23','23 - Etiqueta: sin etiqueta  - attachments/download_mdxIj5t.jpeg',3,'',11,9),(223,'2021-05-16 22:41:40.803213','22','22 - Etiqueta: sin etiqueta  - attachments/overcome.jpg',3,'',11,9),(224,'2021-05-16 22:41:40.811655','21','21 - Etiqueta: sin etiqueta  - attachments/ooohweee.png',3,'',11,9),(225,'2021-05-16 22:41:40.817883','20','20 - Etiqueta: sin etiqueta  - attachments/download.jpeg',3,'',11,9),(226,'2021-05-16 22:41:40.825628','19','19 - Etiqueta: sin etiqueta  - attachments/people-office_iPJBCOx.jpg',3,'',11,9),(227,'2021-05-16 22:41:40.832949','18','18 - Etiqueta: sin etiqueta  - attachments/overcome_xU9axSl.jpg',3,'',11,9),(228,'2021-05-16 22:41:40.838874','17','17 - Etiqueta: sin etiqueta  - attachments/people-office_0sFKcJe.jpg',3,'',11,9),(229,'2021-05-16 22:41:57.480879','64','64 - attachments/13693890_pRwIwIJ.jpg',3,'',16,9),(230,'2021-05-16 22:41:57.488514','63','63 - attachments/Imagen_086_CW5zgrm.jpg',3,'',16,9),(231,'2021-05-16 22:41:57.495502','62','62 - attachments/an-noc-ypf_yhVI0VA.pdf',3,'',16,9),(232,'2021-05-16 22:41:57.501781','61','61 - attachments/an-noc-ypf_gooUolU.pdf',3,'',16,9),(233,'2021-05-16 22:41:57.509360','60','60 - attachments/Imagen_086_XGVrCu6.jpg',3,'',16,9),(234,'2021-05-16 22:41:57.515658','59','59 - attachments/13693890_PcM7Qrv.jpg',3,'',16,9),(235,'2021-05-16 22:41:57.521680','58','58 - attachments/Imagen_086_H28kEZ6.jpg',3,'',16,9),(236,'2021-05-16 22:41:57.528047','57','57 - attachments/13693890_TWWVdE4.jpg',3,'',16,9),(237,'2021-05-16 22:41:57.534214','56','56 - attachments/Imagen_086_sZWioDD.jpg',3,'',16,9),(238,'2021-05-16 22:41:57.540265','55','55 - attachments/an-noc-ypf_p1V0ZYH.pdf',3,'',16,9),(239,'2021-05-16 22:41:57.546751','54','54 - attachments/Imagen_086_NmdmGjn.jpg',3,'',16,9),(240,'2021-05-16 22:41:57.552521','53','53 - attachments/Imagen_086_xsJCd8o.jpg',3,'',16,9),(241,'2021-05-16 22:41:57.561607','52','52 - attachments/Imagen_086_xXhZ3PP.jpg',3,'',16,9),(242,'2021-05-16 22:41:57.567794','51','51 - attachments/Imagen_086_f413Jly.jpg',3,'',16,9),(243,'2021-05-16 22:41:57.573973','50','50 - attachments/13693890.jpg',3,'',16,9),(244,'2021-05-16 22:41:57.581021','49','49 - attachments/Imagen_086_YgJVAUK.jpg',3,'',16,9),(245,'2021-05-16 22:41:57.587588','48','48 - attachments/an-noc-ypf_o6axyuC.pdf',3,'',16,9),(246,'2021-05-16 22:41:57.594518','47','47 - attachments/dame_TgBttqh.jpeg',3,'',16,9),(247,'2021-05-16 22:41:57.600649','46','46 - attachments/dame_ode1cZj.jpeg',3,'',16,9),(248,'2021-05-16 22:41:57.606841','45','45 - attachments/dame_ltUaF2B.jpeg',3,'',16,9),(249,'2021-05-16 22:41:57.613387','44','44 - attachments/dame_V74dUNo.jpeg',3,'',16,9),(250,'2021-05-16 22:41:57.619678','43','43 - attachments/dame_lu53kft.jpeg',3,'',16,9),(251,'2021-05-16 22:41:57.626555','42','42 - attachments/Imagen_086_n99HUtC.jpg',3,'',16,9),(252,'2021-05-16 22:41:57.633060','41','41 - attachments/Imagen_086_w9irAwn.jpg',3,'',16,9),(253,'2021-05-16 22:41:57.638953','40','40 - attachments/Imagen_086_1NE8HXy.jpg',3,'',16,9),(254,'2021-05-16 22:41:57.645615','39','39 - attachments/Imagen_086_0aet0cb.jpg',3,'',16,9),(255,'2021-05-16 22:41:57.653428','38','38 - attachments/dame_hRQ2p89.jpeg',3,'',16,9),(256,'2021-05-16 22:41:57.661281','37','37 - attachments/Imagen_086_b3HGVNd.jpg',3,'',16,9),(257,'2021-05-16 22:41:57.667812','36','36 - attachments/Imagen_086_iYi7gU7.jpg',3,'',16,9),(258,'2021-05-16 22:41:57.674245','35','35 - attachments/Imagen_086_JphjHuE.jpg',3,'',16,9),(259,'2021-05-16 22:41:57.680708','34','34 - attachments/Imagen_086_5LQkYX5.jpg',3,'',16,9),(260,'2021-05-16 22:41:57.686653','33','33 - attachments/Imagen_086.jpg',3,'',16,9),(261,'2021-05-16 22:41:57.693218','32','32 - attachments/Nuevo_documento_de_texto_sHuGX3V.txt',3,'',16,9),(262,'2021-05-16 22:41:57.699347','31','31 - attachments/Nuevo_documento_de_texto_bKpC3go.txt',3,'',16,9),(263,'2021-05-16 22:41:57.706387','30','30 - attachments/Nuevo_documento_de_texto_DEgbKsS.txt',3,'',16,9),(264,'2021-05-16 22:41:57.712343','29','29 - attachments/Nuevo_documento_de_texto_MVFPyRd.txt',3,'',16,9),(265,'2021-05-16 22:41:57.718879','28','28 - attachments/Mobile_-_Luego_de_un_tiempo_muestra_error_XxTT4tI.PNG',3,'',16,9),(266,'2021-05-16 22:41:57.724460','27','27 - attachments/Captura_de_pantalla_de_2021-04-15_16-44-46_Qcd25QO.png',3,'',16,9),(267,'2021-05-16 22:41:57.730426','26','26 - attachments/Captura_de_pantalla_de_2021-04-15_16-44-46_hZrJvjm.png',3,'',16,9),(268,'2021-05-16 22:41:57.736509','25','25 - attachments/Captura_de_pantalla_de_2021-04-15_16-44-46_BucqcLy.png',3,'',16,9),(269,'2021-05-16 22:41:57.742413','24','24 - attachments/an-noc-ypf_27Y7MnU.pdf',3,'',16,9),(270,'2021-05-16 22:41:57.750357','23','23 - attachments/Captura_de_pantalla_de_2021-04-15_16-44-46_8kk4SRI.png',3,'',16,9),(271,'2021-05-16 22:41:57.757205','22','22 - attachments/Nuevo_documento_de_texto_CFCZ6tU.txt',3,'',16,9),(272,'2021-05-16 22:41:57.763180','21','21 - attachments/an-noc-ypf_yUZkVMn.pdf',3,'',16,9),(273,'2021-05-16 22:41:57.770245','20','20 - attachments/an-noc-ypf.pdf',3,'',16,9),(274,'2021-05-16 22:41:57.776946','19','19 - attachments/pdf_Rq3yezy.pdf',3,'',16,9),(275,'2021-05-16 22:41:57.783746','18','18 - attachments/invoice_iad5wEs.jpg',3,'',16,9),(276,'2021-05-16 22:41:57.790484','17','17 - attachments/Captura_de_pantalla_de_2021-04-15_16-44-46_aGlGkRM.png',3,'',16,9),(277,'2021-05-16 22:41:57.797410','16','16 - attachments/invoice_DKz3AoV.jpg',3,'',16,9),(278,'2021-05-16 22:41:57.804008','15','15 - attachments/invoice_QmvwMIy.jpg',3,'',16,9),(279,'2021-05-16 22:41:57.810475','14','14 - attachments/invoice_GjUWUvd.jpg',3,'',16,9),(280,'2021-05-16 22:41:57.818967','13','13 - attachments/invoice_3LTuTgZ.jpg',3,'',16,9),(281,'2021-05-16 22:41:57.825262','12','12 - attachments/invoice.jpg',3,'',16,9),(282,'2021-05-16 22:41:57.831449','11','11 - attachments/Mobile_-_Luego_de_un_tiempo_muestra_error.PNG',3,'',16,9),(283,'2021-05-16 22:41:57.838166','10','10 - attachments/Nuevo_documento_de_texto_1pvOZQc.txt',3,'',16,9),(284,'2021-05-16 22:41:57.846330','9','9 - attachments/Nuevo_documento_de_texto_p0bFKWs.txt',3,'',16,9),(285,'2021-05-16 22:41:57.853002','8','8 - attachments/pdf_ExpDOcj.pdf',3,'',16,9),(286,'2021-05-16 22:41:57.859440','7','7 - attachments/pdf.pdf',3,'',16,9),(287,'2021-05-16 22:41:57.865415','6','6 - attachments/Nuevo_documento_de_texto_hwQelBa.txt',3,'',16,9),(288,'2021-05-16 22:41:57.872003','5','5 - attachments/Nuevo_documento_de_texto_7MY0cxq.txt',3,'',16,9),(289,'2021-05-16 22:41:57.880750','4','4 - attachments/Nuevo_documento_de_texto_YcgBiOA.txt',3,'',16,9),(290,'2021-05-16 22:41:57.887437','3','3 - attachments/Nuevo_documento_de_texto.txt',3,'',16,9),(291,'2021-05-16 22:41:57.893765','2','2 - attachments/dame_4SCAL70.jpeg',3,'',16,9),(292,'2021-05-16 22:41:57.901627','1','1 - attachments/dame_IHEr1tb.jpeg',3,'',16,9),(293,'2021-05-16 22:42:05.609800','5','5 - 2021-05-16 22:11:17.336971+00:00',3,'',25,9),(294,'2021-05-16 22:42:05.617720','4','4 - 2021-05-16 20:07:40.259421+00:00',3,'',25,9),(295,'2021-05-16 22:42:05.625268','3','3 - 2021-05-16 17:49:12.340100+00:00',3,'',25,9),(296,'2021-05-16 22:42:05.633290','2','2 - 2021-05-16 00:40:31.143640+00:00',3,'',25,9),(297,'2021-05-16 22:42:05.639962','1','1 - 2021-05-12 18:31:37.412981+00:00',3,'',25,9),(298,'2021-06-10 14:33:40.339527','4','Auditor',3,'',3,8),(299,'2021-06-10 14:34:30.440020','5','AuditoriaAdministrativa',1,'[{\"added\": {}}]',3,8),(300,'2021-06-10 14:34:47.755125','6','AuditoriaCentral',1,'[{\"added\": {}}]',3,8),(301,'2021-06-10 14:35:03.057654','7','AuditoriaMedica',1,'[{\"added\": {}}]',3,8),(302,'2021-06-10 14:35:22.556444','8','Contaduria',1,'[{\"added\": {}}]',3,8),(303,'2021-06-10 14:36:15.101726','9','Presidencia',1,'[{\"added\": {}}]',3,8),(304,'2021-06-10 14:36:32.241156','10','SoloLectura',1,'[{\"added\": {}}]',3,8),(305,'2021-06-10 14:36:49.404963','11','Tesoreria',1,'[{\"added\": {}}]',3,8),(306,'2021-06-14 16:17:30.561296','9','9 - NO NOMENCLADAS - 1',1,'[{\"added\": {}}]',9,9),(307,'2021-06-23 17:15:35.110066','17','Lote: 17 - 2021-06-22 14:16:05.905842+00:00 - noJudicial - procesadoConError - Archivo: archivos_po/prueba_archivo_po_PzDYDxB.txt',2,'[{\"changed\": {\"fields\": [\"NumeroDeSecuencia\"]}}]',27,8),(308,'2021-06-24 14:04:41.956169','18','Lote: 18 - 2021-06-23 12:21:52.780521+00:00 - noJudicial - noProcesado - Archivo: archivos_po/prueba_archivo_po_fK0GxIC.txt',2,'[{\"changed\": {\"fields\": [\"NumeroDeSecuencia\"]}}]',27,8),(309,'2021-06-24 17:30:25.667254','43','43 readme',1,'[{\"added\": {}}]',14,8),(310,'2021-06-25 13:39:21.014367','63','63 - German - Garmendia - 20342890521 - 2850590940090418135201 - Autorizado: No',2,'[{\"changed\": {\"fields\": [\"Estado\"]}}]',22,8),(311,'2021-06-25 13:39:31.632792','62','62 - GUILLERMINA - MATHIUS - 20334168736 - 2850590940090418135201 - Autorizado: No',2,'[{\"changed\": {\"fields\": [\"Estado\"]}}]',22,8),(312,'2021-06-25 14:36:27.053879','7','mvega',2,'[{\"changed\": {\"fields\": [\"Groups\"]}}]',23,8),(313,'2021-06-25 17:28:11.876570','7','mvega',2,'[{\"changed\": {\"fields\": [\"CasaCentral\"]}}]',23,8),(314,'2021-06-25 17:30:32.760515','7','mvega',2,'[{\"changed\": {\"fields\": [\"CasaCentral\"]}}]',23,8),(315,'2021-06-28 20:27:36.932625','7','mvega',2,'[{\"changed\": {\"fields\": [\"Groups\"]}}]',23,8),(316,'2021-06-29 12:09:18.150452','8','admin',2,'[{\"changed\": {\"fields\": [\"Password\"]}}]',23,8),(317,'2021-06-29 13:28:03.446858','7','mvega',2,'[{\"changed\": {\"fields\": [\"Groups\"]}}]',23,10),(318,'2021-06-29 14:08:14.626948','7','mvega',2,'[{\"changed\": {\"fields\": [\"Groups\"]}}]',23,10),(319,'2021-06-29 14:23:21.236465','7','mvega',2,'[{\"changed\": {\"fields\": [\"Groups\"]}}]',23,10),(320,'2021-06-29 14:24:08.654877','7','mvega',2,'[{\"changed\": {\"fields\": [\"Groups\"]}}]',23,10),(321,'2021-06-29 15:11:59.747482','7','mvega',2,'[{\"changed\": {\"fields\": [\"Groups\"]}}]',23,10),(322,'2021-06-29 15:15:42.952725','7','mvega',2,'[{\"changed\": {\"fields\": [\"Groups\"]}}]',23,10),(323,'2021-06-29 17:01:27.815877','7','mvega',2,'[{\"changed\": {\"fields\": [\"Groups\"]}}]',23,10),(324,'2021-06-29 17:02:06.788175','7','mvega',2,'[{\"changed\": {\"fields\": [\"Groups\"]}}]',23,10),(325,'2021-06-29 17:32:32.918848','7','mvega',2,'[{\"changed\": {\"fields\": [\"Groups\"]}}]',23,10),(326,'2021-06-29 17:34:45.587953','7','mvega',2,'[{\"changed\": {\"fields\": [\"Groups\"]}}]',23,10),(327,'2021-06-29 18:20:14.392571','7','mvega',2,'[{\"changed\": {\"fields\": [\"Groups\"]}}]',23,10),(328,'2021-06-30 12:40:21.745658','7','mvega',2,'[{\"changed\": {\"fields\": [\"Groups\"]}}]',23,10),(329,'2021-06-30 12:40:39.193047','7','mvega',2,'[{\"changed\": {\"fields\": [\"Capitulos\"]}}]',23,10),(330,'2021-06-30 12:40:47.442301','7','mvega',2,'[{\"changed\": {\"fields\": [\"Groups\"]}}]',23,10),(331,'2021-06-30 12:56:52.089048','7','mvega',2,'[{\"changed\": {\"fields\": [\"Groups\", \"Capitulos\"]}}]',23,10),(332,'2021-06-30 12:58:02.382249','7','mvega',2,'[{\"changed\": {\"fields\": [\"Groups\"]}}]',23,10),(333,'2021-06-30 12:58:30.120249','7','mvega',2,'[{\"changed\": {\"fields\": [\"Groups\"]}}]',23,10),(334,'2021-06-30 13:27:42.881595','7','mvega',2,'[{\"changed\": {\"fields\": [\"Groups\"]}}]',23,10),(335,'2021-06-30 13:44:00.721458','7','mvega',2,'[{\"changed\": {\"fields\": [\"Groups\"]}}]',23,10),(336,'2021-06-30 14:28:24.346727','7','mvega',2,'[{\"changed\": {\"fields\": [\"Groups\"]}}]',23,10),(337,'2021-06-30 14:58:29.888417','7','mvega',2,'[{\"changed\": {\"fields\": [\"Groups\"]}}]',23,10),(338,'2021-06-30 17:16:17.033793','7','mvega',2,'[{\"changed\": {\"fields\": [\"Groups\"]}}]',23,10),(339,'2021-07-01 12:33:16.920916','7','mvega',2,'[{\"changed\": {\"fields\": [\"Groups\"]}}]',23,10),(340,'2021-07-01 12:55:00.854837','7','mvega',2,'[{\"changed\": {\"fields\": [\"Groups\"]}}]',23,10),(341,'2021-07-01 13:26:33.070123','7','mvega',2,'[{\"changed\": {\"fields\": [\"Capitulos\"]}}]',23,10),(342,'2021-07-01 16:19:12.280184','7','mvega',2,'[{\"changed\": {\"fields\": [\"Groups\"]}}]',23,10),(343,'2021-07-01 17:04:01.032191','7','mvega',2,'[{\"changed\": {\"fields\": [\"Groups\"]}}]',23,10),(344,'2021-07-01 17:06:58.709356','7','mvega',2,'[{\"changed\": {\"fields\": [\"Groups\"]}}]',23,10),(345,'2021-07-01 17:07:39.455553','7','mvega',2,'[]',23,10),(346,'2021-07-01 17:07:50.536023','7','mvega',2,'[{\"changed\": {\"fields\": [\"DelegacionPrincipal\"]}}]',23,10),(347,'2021-07-01 17:17:55.250392','7','mvega',2,'[{\"changed\": {\"fields\": [\"DelegacionPrincipal\"]}}]',23,10),(348,'2021-07-02 13:13:39.775763','7','mvega',2,'[]',23,10),(349,'2021-07-02 15:16:25.306746','7','mvega',2,'[{\"changed\": {\"fields\": [\"Groups\"]}}]',23,10),(350,'2021-07-02 15:18:37.926965','7','mvega',2,'[{\"changed\": {\"fields\": [\"Groups\"]}}]',23,10),(351,'2021-07-02 15:18:48.582664','7','mvega',2,'[]',23,10),(352,'2021-07-02 15:21:49.866589','7','mvega',2,'[{\"changed\": {\"fields\": [\"Groups\"]}}]',23,10),(353,'2021-07-02 15:22:10.143119','7','mvega',2,'[{\"changed\": {\"fields\": [\"Groups\"]}}]',23,10),(354,'2021-07-02 15:24:56.636646','7','mvega',2,'[{\"changed\": {\"fields\": [\"DelegacionPrincipal\"]}}]',23,10),(355,'2021-07-05 17:07:13.788395','7','mvega',2,'[{\"changed\": {\"fields\": [\"Groups\"]}}]',23,10),(356,'2021-07-05 17:18:45.477077','7','mvega',2,'[{\"changed\": {\"fields\": [\"Groups\"]}}]',23,10),(357,'2021-07-05 20:29:55.302628','6','amora',2,'[{\"changed\": {\"fields\": [\"Password\", \"Groups\"]}}]',23,10),(358,'2021-07-06 19:19:24.967103','24','Lote: 24 - 2021-07-06 13:17:38.923782+00:00 - noJudicial - procesadoConError - Archivo: archivos_po/PO000071920210706001.txt',2,'[{\"changed\": {\"fields\": [\"NumeroDeSecuencia\"]}}]',27,10),(359,'2021-07-06 19:35:22.055346','26','Lote: 26 - 2021-07-06 19:29:36.857822+00:00 - noJudicial - procesadoConError - Archivo: archivos_po/PO000071920210706002_1oiDpB8.txt',2,'[{\"changed\": {\"fields\": [\"NumeroDeSecuencia\"]}}]',27,10),(360,'2021-07-06 19:41:22.319070','26','Lote: 26 - 2021-07-06 19:29:36.857822+00:00 - noJudicial - procesadoConError - Archivo: archivos_po/PO000071920210706002_1oiDpB8.txt',2,'[{\"changed\": {\"fields\": [\"NumeroDeSecuencia\"]}}]',27,10),(361,'2021-07-07 12:53:04.258563','80','80 - aceptado - 100 - 10499.46',2,'[{\"changed\": {\"fields\": [\"EstadoActual\"]}}]',12,10),(362,'2021-07-07 13:58:03.471333','7','mvega',2,'[{\"changed\": {\"fields\": [\"Groups\"]}}]',23,10),(363,'2021-07-07 14:00:49.118866','7','mvega',2,'[{\"changed\": {\"fields\": [\"Groups\"]}}]',23,10),(364,'2021-07-07 14:55:05.359896','7','mvega',2,'[]',23,10),(365,'2021-07-07 14:55:55.673492','7','mvega',2,'[{\"changed\": {\"fields\": [\"Groups\"]}}]',23,10),(366,'2021-07-07 14:56:23.163434','7','mvega',2,'[{\"changed\": {\"fields\": [\"Groups\", \"Delegaciones\"]}}]',23,10),(367,'2021-07-07 14:57:03.452814','7','mvega',2,'[{\"changed\": {\"fields\": [\"Groups\"]}}]',23,10),(368,'2021-07-07 14:59:39.578911','7','mvega',2,'[{\"changed\": {\"fields\": [\"Groups\"]}}]',23,10),(369,'2021-07-07 15:00:34.818876','7','mvega',2,'[{\"changed\": {\"fields\": [\"Groups\"]}}]',23,10),(370,'2021-07-07 15:10:00.213870','7','mvega',2,'[]',23,10),(371,'2021-07-08 14:16:44.942079','7','mvega',2,'[{\"changed\": {\"fields\": [\"Groups\"]}}]',23,10),(372,'2021-07-08 14:31:08.876402','7','mvega',2,'[{\"changed\": {\"fields\": [\"Groups\"]}}]',23,10),(373,'2021-07-08 14:31:19.124524','7','mvega',2,'[{\"changed\": {\"fields\": [\"Groups\"]}}]',23,10),(374,'2021-07-08 14:46:57.940319','7','mvega',2,'[{\"changed\": {\"fields\": [\"Groups\"]}}]',23,10),(375,'2021-07-08 18:25:41.768432','7','mvega',2,'[{\"changed\": {\"fields\": [\"Groups\"]}}]',23,10),(376,'2021-07-08 19:18:57.056467','7','mvega',2,'[{\"changed\": {\"fields\": [\"Groups\"]}}]',23,10),(377,'2021-07-08 19:19:10.963218','7','mvega',2,'[{\"changed\": {\"fields\": [\"Groups\"]}}]',23,10),(378,'2021-07-08 19:20:07.482744','7','mvega',2,'[]',23,10),(379,'2021-07-08 19:23:16.947340','7','mvega',2,'[{\"changed\": {\"fields\": [\"Groups\"]}}]',23,10),(380,'2021-07-08 19:24:19.780707','7','mvega',2,'[{\"changed\": {\"fields\": [\"Groups\"]}}]',23,10),(381,'2021-07-08 19:29:58.879585','7','mvega',2,'[{\"changed\": {\"fields\": [\"Groups\"]}}]',23,10),(382,'2021-07-12 14:47:27.681424','7','mvega',2,'[{\"changed\": {\"fields\": [\"Groups\"]}}]',23,10),(383,'2021-07-12 14:47:38.334919','7','mvega',2,'[]',23,10),(384,'2021-07-12 14:50:35.512870','7','mvega',2,'[{\"changed\": {\"fields\": [\"Groups\"]}}]',23,10),(385,'2021-07-12 14:54:14.499528','7','mvega',2,'[{\"changed\": {\"fields\": [\"Groups\"]}}]',23,10),(386,'2021-07-12 15:37:24.011961','2','2 - Categoria no nomenclada 1',1,'[{\"added\": {}}]',13,9),(387,'2021-07-12 15:40:00.393189','2','2 - Insumos y materiales médicos',2,'[{\"changed\": {\"fields\": [\"Nombre\", \"Descripcion\"]}}]',13,9),(388,'2021-07-12 15:40:15.840397','3','3 - Óptica',1,'[{\"added\": {}}]',13,9),(389,'2021-07-12 15:40:22.713680','4','4 - Ortodoncia',1,'[{\"added\": {}}]',13,9),(390,'2021-07-12 15:40:28.504876','5','5 - Ortopedia',1,'[{\"added\": {}}]',13,9),(391,'2021-07-12 15:40:35.254488','6','6 - Prótesis',1,'[{\"added\": {}}]',13,9),(392,'2021-07-12 15:40:41.743908','7','7 - Geriátrico',1,'[{\"added\": {}}]',13,9),(393,'2021-07-12 15:40:47.175050','8','8 - Laboratorios',1,'[{\"added\": {}}]',13,9),(394,'2021-07-12 15:40:54.636685','9','9 - Medicamentos',1,'[{\"added\": {}}]',13,9),(395,'2021-07-12 15:41:03.205861','10','10 - Estudios',1,'[{\"added\": {}}]',13,9),(396,'2021-07-12 15:41:06.945057','7','mvega',2,'[{\"changed\": {\"fields\": [\"CasaCentral\"]}}]',23,10),(397,'2021-07-12 15:41:09.578235','11','11 - Sepelios',1,'[{\"added\": {}}]',13,9),(398,'2021-07-12 15:41:15.419058','12','12 - Alojamiento',1,'[{\"added\": {}}]',13,9),(399,'2021-07-12 15:41:22.003864','13','13 - Traslado: Combustible/Pasaje',1,'[{\"added\": {}}]',13,9),(400,'2021-07-12 15:41:30.920570','14','14 - Prestaciones de apoyo Discapacidad',1,'[{\"added\": {}}]',13,9),(401,'2021-07-12 15:46:00.535024','7','mvega',2,'[{\"changed\": {\"fields\": [\"Groups\"]}}]',23,10),(402,'2021-07-12 15:46:15.494700','7','mvega',2,'[{\"changed\": {\"fields\": [\"Groups\"]}}]',23,10),(403,'2021-07-12 15:46:52.811400','7','mvega',2,'[{\"changed\": {\"fields\": [\"Groups\"]}}]',23,10),(404,'2021-07-12 15:47:11.534099','7','mvega',2,'[{\"changed\": {\"fields\": [\"Groups\"]}}]',23,10),(405,'2021-07-12 15:47:53.794235','7','mvega',2,'[{\"changed\": {\"fields\": [\"Groups\"]}}]',23,10),(406,'2021-07-12 15:48:14.007451','7','mvega',2,'[{\"changed\": {\"fields\": [\"Groups\"]}}]',23,10),(407,'2021-07-12 15:48:33.489269','7','mvega',2,'[{\"changed\": {\"fields\": [\"Groups\"]}}]',23,10),(408,'2021-07-12 17:36:02.020382','7','mvega',2,'[{\"changed\": {\"fields\": [\"Groups\"]}}]',23,10),(409,'2021-07-12 17:36:33.647459','7','mvega',2,'[{\"changed\": {\"fields\": [\"CasaCentral\"]}}]',23,10),(410,'2021-07-12 17:37:00.022959','7','mvega',2,'[{\"changed\": {\"fields\": [\"DelegacionPrincipal\"]}}]',23,10),(411,'2021-07-12 18:09:17.154175','7','mvega',2,'[{\"changed\": {\"fields\": [\"DelegacionPrincipal\"]}}]',23,10),(412,'2021-07-12 19:49:41.994603','7','mvega',2,'[{\"changed\": {\"fields\": [\"DelegacionPrincipal\"]}}]',23,10),(413,'2021-07-13 12:24:30.917769','7','mvega',2,'[{\"changed\": {\"fields\": [\"Groups\"]}}]',23,10),(414,'2021-07-13 12:38:46.871938','7','mvega',2,'[{\"changed\": {\"fields\": [\"Groups\"]}}]',23,10),(415,'2021-07-13 12:47:35.686383','7','mvega',2,'[{\"changed\": {\"fields\": [\"Groups\"]}}]',23,10),(416,'2021-07-13 12:59:54.254592','7','mvega',2,'[{\"changed\": {\"fields\": [\"Groups\"]}}]',23,10),(417,'2021-07-13 19:43:29.688277','7','mvega',2,'[{\"changed\": {\"fields\": [\"Groups\"]}}]',23,10),(418,'2021-07-14 13:24:15.324810','7','mvega',2,'[{\"changed\": {\"fields\": [\"Groups\"]}}]',23,10),(419,'2021-07-14 13:26:11.805933','7','mvega',2,'[{\"changed\": {\"fields\": [\"Groups\"]}}]',23,10),(420,'2021-07-14 14:04:28.647561','7','mvega',2,'[{\"changed\": {\"fields\": [\"Groups\"]}}]',23,10),(421,'2021-07-14 14:45:22.969291','7','mvega',2,'[{\"changed\": {\"fields\": [\"Groups\"]}}]',23,10),(422,'2021-07-14 14:55:22.324816','7','mvega',2,'[{\"changed\": {\"fields\": [\"DelegacionPrincipal\"]}}]',23,10),(423,'2021-07-14 15:49:04.053053','7','mvega',2,'[{\"changed\": {\"fields\": [\"Groups\"]}}]',23,10),(424,'2021-07-14 15:59:54.330168','29','Lote: 30 - 2021-07-08 19:53:05.710922+00:00 - noJudicial - noProcesado - Archivo: archivos_po/PO000071920210708001.txt',3,'',27,10),(425,'2021-07-15 13:45:29.099285','7','mvega',2,'[{\"changed\": {\"fields\": [\"Groups\"]}}]',23,10),(426,'2021-07-15 14:01:56.106994','7','mvega',2,'[{\"changed\": {\"fields\": [\"Groups\"]}}]',23,10),(427,'2021-07-15 14:05:28.500903','7','mvega',2,'[{\"changed\": {\"fields\": [\"Capitulos\"]}}]',23,10),(428,'2021-07-15 14:21:30.809440','7','mvega',2,'[{\"changed\": {\"fields\": [\"Groups\"]}}]',23,10),(429,'2021-07-15 14:21:45.505158','7','mvega',2,'[{\"changed\": {\"fields\": [\"CasaCentral\"]}}]',23,10),(430,'2021-07-15 14:24:01.032313','7','mvega',2,'[{\"changed\": {\"fields\": [\"Groups\"]}}]',23,10),(431,'2021-07-15 14:24:30.441677','7','mvega',2,'[{\"changed\": {\"fields\": [\"Groups\"]}}]',23,10),(432,'2021-07-15 14:24:49.472942','7','mvega',2,'[{\"changed\": {\"fields\": [\"Groups\"]}}]',23,10),(433,'2021-07-15 14:40:25.827097','7','mvega',2,'[{\"changed\": {\"fields\": [\"Groups\"]}}]',23,10),(434,'2021-07-16 18:02:40.414810','7','mvega',2,'[{\"changed\": {\"fields\": [\"DelegacionPrincipal\"]}}]',23,10),(435,'2021-07-16 19:13:24.884287','6','amora',2,'[{\"changed\": {\"fields\": [\"Groups\"]}}]',23,10),(436,'2021-07-20 13:42:41.250409','7','mvega',2,'[{\"changed\": {\"fields\": [\"Groups\"]}}]',23,10),(437,'2021-07-20 13:46:43.809949','7','mvega',2,'[{\"changed\": {\"fields\": [\"Groups\"]}}]',23,10),(438,'2021-07-20 13:55:37.481804','7','mvega',2,'[{\"changed\": {\"fields\": [\"Groups\"]}}]',23,10),(439,'2021-07-20 15:02:57.777088','7','mvega',2,'[{\"changed\": {\"fields\": [\"Groups\"]}}]',23,10),(440,'2021-07-20 15:10:29.474939','7','mvega',2,'[{\"changed\": {\"fields\": [\"Groups\"]}}]',23,10),(441,'2021-07-20 15:11:32.063018','7','mvega',2,'[{\"changed\": {\"fields\": [\"Groups\"]}}]',23,10),(442,'2021-07-20 17:17:37.345081','7','mvega',2,'[{\"changed\": {\"fields\": [\"Groups\"]}}]',23,10),(443,'2021-07-20 17:19:30.504263','7','mvega',2,'[{\"changed\": {\"fields\": [\"Groups\"]}}]',23,10),(444,'2021-07-20 17:20:33.210040','7','mvega',2,'[{\"changed\": {\"fields\": [\"Groups\"]}}]',23,10),(445,'2021-07-20 17:20:53.125924','7','mvega',2,'[{\"changed\": {\"fields\": [\"DelegacionPrincipal\"]}}]',23,10),(446,'2021-07-20 17:21:06.471347','7','mvega',2,'[{\"changed\": {\"fields\": [\"Groups\"]}}]',23,10),(447,'2021-07-20 17:22:07.824714','7','mvega',2,'[{\"changed\": {\"fields\": [\"Groups\"]}}]',23,10),(448,'2021-07-20 17:29:26.195109','7','mvega',2,'[{\"changed\": {\"fields\": [\"Groups\"]}}]',23,10),(449,'2021-07-21 12:58:25.707130','7','mvega',2,'[{\"changed\": {\"fields\": [\"Groups\"]}}]',23,10),(450,'2021-07-21 13:06:53.817398','7','mvega',2,'[{\"changed\": {\"fields\": [\"Groups\"]}}]',23,10),(451,'2021-07-21 13:14:37.108865','7','mvega',2,'[{\"changed\": {\"fields\": [\"Groups\"]}}]',23,10),(452,'2021-07-21 13:26:30.442205','7','mvega',2,'[{\"changed\": {\"fields\": [\"Groups\"]}}]',23,10),(453,'2021-07-21 13:27:21.346938','7','mvega',2,'[{\"changed\": {\"fields\": [\"Capitulos\"]}}]',23,10),(454,'2021-07-21 13:28:28.927255','7','mvega',2,'[{\"changed\": {\"fields\": [\"Groups\"]}}]',23,10),(455,'2021-07-21 13:28:32.120114','7','mvega',2,'[]',23,10),(456,'2021-07-21 13:35:52.687967','7','mvega',2,'[{\"changed\": {\"fields\": [\"Groups\"]}}]',23,10),(457,'2021-07-21 13:40:07.904744','7','mvega',2,'[{\"changed\": {\"fields\": [\"Groups\"]}}]',23,10),(458,'2021-07-21 13:51:31.160328','7','mvega',2,'[{\"changed\": {\"fields\": [\"Groups\"]}}]',23,10),(459,'2021-07-21 14:04:01.730239','7','mvega',2,'[{\"changed\": {\"fields\": [\"Groups\"]}}]',23,10),(460,'2021-07-21 14:24:19.384460','7','mvega',2,'[{\"changed\": {\"fields\": [\"Groups\", \"Delegaciones\"]}}]',23,10),(461,'2021-07-21 14:24:33.093316','7','mvega',2,'[{\"changed\": {\"fields\": [\"Groups\"]}}]',23,10),(462,'2021-07-21 14:26:32.493479','7','mvega',2,'[{\"changed\": {\"fields\": [\"Groups\"]}}]',23,10),(463,'2021-07-21 14:26:47.010503','7','mvega',2,'[{\"changed\": {\"fields\": [\"Groups\"]}}]',23,10),(464,'2021-07-21 14:27:02.930119','7','mvega',2,'[{\"changed\": {\"fields\": [\"Groups\"]}}]',23,10),(465,'2021-07-21 14:27:34.758073','7','mvega',2,'[{\"changed\": {\"fields\": [\"Groups\"]}}]',23,10),(466,'2021-07-21 14:28:12.230681','7','mvega',2,'[{\"changed\": {\"fields\": [\"Groups\"]}}]',23,10),(467,'2021-07-21 14:29:08.003122','7','mvega',2,'[{\"changed\": {\"fields\": [\"Groups\"]}}]',23,10),(468,'2021-07-21 14:45:45.935778','6','amora',2,'[{\"changed\": {\"fields\": [\"Groups\"]}}]',23,10),(469,'2021-07-21 14:49:58.728302','6','amora',2,'[{\"changed\": {\"fields\": [\"Groups\"]}}]',23,10),(470,'2021-07-21 14:50:08.732189','6','amora',2,'[{\"changed\": {\"fields\": [\"Capitulos\"]}}]',23,10),(471,'2021-07-21 14:50:16.643346','6','amora',2,'[{\"changed\": {\"fields\": [\"Groups\"]}}]',23,10),(472,'2021-07-21 14:53:13.809018','6','amora',2,'[{\"changed\": {\"fields\": [\"Groups\"]}}]',23,10),(473,'2021-07-21 14:54:50.614598','7','mvega',2,'[{\"changed\": {\"fields\": [\"Groups\"]}}]',23,10),(474,'2021-07-21 14:55:40.010958','6','amora',2,'[{\"changed\": {\"fields\": [\"User permissions\"]}}]',23,9),(475,'2021-07-21 14:55:45.651141','7','mvega',2,'[{\"changed\": {\"fields\": [\"Groups\"]}}]',23,10),(476,'2021-07-21 14:56:37.267869','7','mvega',2,'[]',23,10),(477,'2021-07-21 15:01:35.790421','6','amora',2,'[{\"changed\": {\"fields\": [\"Groups\"]}}]',23,9),(478,'2021-07-21 15:06:56.133781','7','mvega',2,'[{\"changed\": {\"fields\": [\"Groups\"]}}]',23,9),(479,'2021-07-22 13:00:01.041241','6','amora',2,'[]',23,10),(480,'2021-07-22 17:21:09.316529','6','amora',2,'[{\"changed\": {\"fields\": [\"User permissions\"]}}]',23,9),(481,'2021-07-22 17:22:08.641588','6','amora',2,'[{\"changed\": {\"fields\": [\"Delegaciones\", \"Capitulos\"]}}]',23,9),(482,'2021-07-22 17:36:48.768972','6','amora',2,'[{\"changed\": {\"fields\": [\"Groups\"]}}]',23,10),(483,'2021-07-22 17:38:16.948586','6','amora',2,'[{\"changed\": {\"fields\": [\"Delegaciones\", \"Capitulos\"]}}]',23,9),(484,'2021-07-22 17:41:55.662587','7','mvega',2,'[{\"changed\": {\"fields\": [\"Groups\"]}}]',23,10),(485,'2021-07-22 17:43:30.002826','7','mvega',2,'[{\"changed\": {\"fields\": [\"Groups\"]}}]',23,10),(486,'2021-07-22 17:45:30.902515','6','amora',2,'[]',23,10),(487,'2021-07-23 13:06:30.330295','6','amora',2,'[{\"changed\": {\"fields\": [\"DelegacionPrincipal\", \"Delegaciones\"]}}]',23,10),(488,'2021-07-23 13:06:54.828932','6','amora',2,'[{\"changed\": {\"fields\": [\"Groups\"]}}]',23,10),(489,'2021-07-23 13:21:16.412454','6','amora',2,'[]',23,10),(490,'2021-07-23 13:22:11.115758','6','amora',2,'[{\"changed\": {\"fields\": [\"Delegaciones\"]}}]',23,10),(491,'2021-07-23 19:52:23.560488','6','amora',2,'[{\"changed\": {\"fields\": [\"Groups\"]}}]',23,10),(492,'2021-07-23 19:52:55.752949','6','amora',2,'[{\"changed\": {\"fields\": [\"Delegaciones\"]}}]',23,10),(493,'2021-07-23 19:54:18.332826','6','amora',2,'[{\"changed\": {\"fields\": [\"CasaCentral\"]}}]',23,10),(494,'2021-07-26 18:11:33.510663','6','amora',2,'[{\"changed\": {\"fields\": [\"Groups\"]}}]',23,10),(495,'2021-07-26 18:22:29.051133','6','amora',2,'[{\"changed\": {\"fields\": [\"Groups\"]}}]',23,10),(496,'2021-07-26 20:47:58.967479','7','mvega',2,'[{\"changed\": {\"fields\": [\"CasaCentral\"]}}]',23,10),(497,'2021-07-28 17:31:29.418647','6','amora',2,'[{\"changed\": {\"fields\": [\"Groups\"]}}]',23,10),(498,'2021-07-29 13:32:01.283505','6','amora',2,'[{\"changed\": {\"fields\": [\"Groups\"]}}]',23,10),(499,'2021-07-30 17:10:06.143804','6','amora',2,'[{\"changed\": {\"fields\": [\"Groups\"]}}]',23,10),(500,'2021-10-20 16:16:36.016814','369','369 - 660059 - ARSENICO - urinario',3,'',8,9),(501,'2021-10-20 16:18:07.839612','551','551 - 660660 - MERCURIO  - sérico',3,'',8,9),(502,'2021-10-20 16:19:34.001737','586','586 - 660749 - PLOMO - sérico',3,'',8,9),(503,'2021-10-20 16:20:56.667811','622','622 - 660839 - SODIO - sérico',3,'',8,9),(504,'2021-12-17 19:06:24.884045','8','admin',2,'[{\"changed\": {\"fields\": [\"First name\", \"Last name\"]}}]',23,9);
/*!40000 ALTER TABLE `django_admin_log` ENABLE KEYS */;
UNLOCK TABLES;

--
-- Table structure for table `django_content_type`
--

DROP TABLE IF EXISTS `django_content_type`;
/*!40101 SET @saved_cs_client     = @@character_set_client */;
/*!50503 SET character_set_client = utf8mb4 */;
CREATE TABLE `django_content_type` (
  `id` int NOT NULL AUTO_INCREMENT,
  `app_label` varchar(100) CHARACTER SET utf8mb4 COLLATE utf8mb4_general_ci NOT NULL,
  `model` varchar(100) CHARACTER SET utf8mb4 COLLATE utf8mb4_general_ci NOT NULL,
  PRIMARY KEY (`id`),
  UNIQUE KEY `django_content_type_app_label_model_76bd3d3b_uniq` (`app_label`,`model`)
) ENGINE=InnoDB AUTO_INCREMENT=31 DEFAULT CHARSET=utf8mb4 COLLATE=utf8mb4_general_ci;
/*!40101 SET character_set_client = @saved_cs_client */;

--
-- Dumping data for table `django_content_type`
--

LOCK TABLES `django_content_type` WRITE;
/*!40000 ALTER TABLE `django_content_type` DISABLE KEYS */;
INSERT INTO `django_content_type` VALUES (1,'admin','logentry'),(3,'auth','group'),(2,'auth','permission'),(6,'authtoken','token'),(7,'authtoken','tokenproxy'),(4,'contenttypes','contenttype'),(9,'nomenclador','capitulo'),(8,'nomenclador','nomenclador'),(10,'reintegros','afiliado'),(11,'reintegros','archivoadjunto'),(27,'reintegros','archivopo'),(12,'reintegros','auditoria'),(21,'reintegros','auditorialog'),(13,'reintegros','categoria'),(22,'reintegros','cuentadeterceros'),(24,'reintegros','cuentajudicial'),(29,'reintegros','cuentasolicitud'),(26,'reintegros','cupon'),(14,'reintegros','delegacion'),(20,'reintegros','estadosolicitudlog'),(15,'reintegros','etiqueta'),(16,'reintegros','factura'),(25,'reintegros','lote'),(28,'reintegros','lotecupon'),(19,'reintegros','prestacion'),(17,'reintegros','prestador'),(18,'reintegros','solicitud'),(5,'sessions','session'),(30,'usuario','notificacion'),(23,'usuario','usuario');
/*!40000 ALTER TABLE `django_content_type` ENABLE KEYS */;
UNLOCK TABLES;

--
-- Table structure for table `django_migrations`
--

DROP TABLE IF EXISTS `django_migrations`;
/*!40101 SET @saved_cs_client     = @@character_set_client */;
/*!50503 SET character_set_client = utf8mb4 */;
CREATE TABLE `django_migrations` (
  `id` int NOT NULL AUTO_INCREMENT,
  `app` varchar(255) CHARACTER SET utf8mb4 COLLATE utf8mb4_general_ci NOT NULL,
  `name` varchar(255) CHARACTER SET utf8mb4 COLLATE utf8mb4_general_ci NOT NULL,
  `applied` datetime(6) NOT NULL,
  PRIMARY KEY (`id`)
) ENGINE=InnoDB AUTO_INCREMENT=186 DEFAULT CHARSET=utf8mb4 COLLATE=utf8mb4_general_ci;
/*!40101 SET character_set_client = @saved_cs_client */;

--
-- Dumping data for table `django_migrations`
--

LOCK TABLES `django_migrations` WRITE;
/*!40000 ALTER TABLE `django_migrations` DISABLE KEYS */;
INSERT INTO `django_migrations` VALUES (1,'nomenclador','0001_initial','2021-04-13 19:33:01.608658'),(2,'nomenclador','0002_capitulo','2021-04-13 19:33:01.645807'),(3,'nomenclador','0002_auto_20210305_1444','2021-04-13 19:33:02.313497'),(4,'nomenclador','0003_merge_20210305_1527','2021-04-13 19:33:02.325884'),(5,'nomenclador','0004_auto_20210305_1820','2021-04-13 19:33:02.473216'),(6,'nomenclador','0005_auto_20210310_1903','2021-04-13 19:33:02.542644'),(7,'reintegros','0001_initial','2021-04-13 19:33:02.934356'),(8,'contenttypes','0001_initial','2021-04-13 19:33:03.697550'),(9,'contenttypes','0002_remove_content_type_name','2021-04-13 19:33:03.810946'),(10,'auth','0001_initial','2021-04-13 19:33:03.927270'),(11,'auth','0002_alter_permission_name_max_length','2021-04-13 19:33:04.206120'),(12,'auth','0003_alter_user_email_max_length','2021-04-13 19:33:04.219120'),(13,'auth','0004_alter_user_username_opts','2021-04-13 19:33:04.230498'),(14,'auth','0005_alter_user_last_login_null','2021-04-13 19:33:04.238678'),(15,'auth','0006_require_contenttypes_0002','2021-04-13 19:33:04.245271'),(16,'auth','0007_alter_validators_add_error_messages','2021-04-13 19:33:04.259714'),(17,'auth','0008_alter_user_username_max_length','2021-04-13 19:33:04.267427'),(18,'auth','0009_alter_user_last_name_max_length','2021-04-13 19:33:04.279668'),(19,'auth','0010_alter_group_name_max_length','2021-04-13 19:33:04.300391'),(20,'auth','0011_update_proxy_permissions','2021-04-13 19:33:04.322362'),(21,'auth','0012_alter_user_first_name_max_length','2021-04-13 19:33:04.333022'),(22,'usuario','0001_initial','2021-04-13 19:33:04.472322'),(23,'admin','0001_initial','2021-04-13 19:33:04.999852'),(24,'admin','0002_logentry_remove_auto_add','2021-04-13 19:33:05.153163'),(25,'admin','0003_logentry_add_action_flag_choices','2021-04-13 19:33:05.169582'),(26,'authtoken','0001_initial','2021-04-13 19:33:05.224270'),(27,'authtoken','0002_auto_20160226_1747','2021-04-13 19:33:05.390349'),(28,'authtoken','0003_tokenproxy','2021-04-13 19:33:05.400023'),(29,'nomenclador','0006_auto_20210331_1838','2021-04-13 19:33:05.515121'),(30,'reintegros','0002_auto_20210316_1438','2021-04-13 19:33:06.123450'),(31,'reintegros','0003_auto_20210322_1318','2021-04-13 19:33:07.319136'),(32,'reintegros','0004_auto_20210322_1509','2021-04-13 19:33:07.605005'),(33,'reintegros','0005_cuentadeterceros','2021-04-13 19:33:07.644239'),(34,'reintegros','0006_auto_20210326_1224','2021-04-13 19:33:08.110869'),(35,'reintegros','0007_auto_20210329_1305','2021-04-13 19:33:08.137116'),(36,'reintegros','0008_auto_20210329_1317','2021-04-13 19:33:08.151627'),(37,'reintegros','0007_auto_20210326_2012','2021-04-13 19:33:08.482779'),(38,'reintegros','0009_merge_20210330_1831','2021-04-13 19:33:08.488592'),(39,'reintegros','0010_remove_prestacion_coseguroprestacion','2021-04-13 19:33:08.583916'),(40,'reintegros','0011_auto_20210408_1734','2021-04-13 19:33:08.735789'),(41,'reintegros','0009_merge_20210330_1526','2021-04-13 19:33:08.741197'),(42,'reintegros','0010_auditoria_auditoractual','2021-04-13 19:33:08.842782'),(43,'reintegros','0009_merge_20210331_1838','2021-04-13 19:33:08.848209'),(44,'reintegros','0012_merge_20210413_1932','2021-04-13 19:33:08.853648'),(45,'sessions','0001_initial','2021-04-13 19:33:08.885532'),(46,'usuario','0002_auto_20210318_1537','2021-04-13 19:33:09.066024'),(47,'reintegros','0012_merge_20210413_1420','2021-04-14 20:46:04.826741'),(48,'reintegros','0013_auto_20210413_1802','2021-04-14 20:46:04.995865'),(49,'reintegros','0012_merge_20210414_1907','2021-04-19 17:43:41.409849'),(50,'reintegros','0013_remove_prestacion_categoria','2021-04-19 17:43:41.603369'),(51,'nomenclador','0007_auto_20210414_1909','2021-04-19 17:43:41.897052'),(52,'nomenclador','0008_auto_20210414_1935','2021-04-19 17:43:41.963839'),(53,'nomenclador','0009_auto_20210415_1843','2021-04-19 17:43:41.997233'),(54,'reintegros','0012_merge_20210412_1942','2021-04-19 17:43:42.003998'),(55,'reintegros','0013_cuentadeterceros_delegacion','2021-04-19 17:43:42.231582'),(56,'reintegros','0014_merge_20210416_1728','2021-04-19 17:43:42.246009'),(57,'reintegros','0015_auto_20210416_1728','2021-04-19 17:43:42.422774'),(58,'reintegros','0016_auto_20210416_1734','2021-04-19 17:43:42.509529'),(59,'reintegros','0017_auto_20210416_1800','2021-04-19 17:43:42.532761'),(60,'reintegros','0014_merge_20210415_2052','2021-04-19 17:43:42.538187'),(61,'reintegros','0018_merge_20210419_1743','2021-04-19 17:43:42.543571'),(62,'usuario','0003_usuario_capitulos','2021-04-19 17:43:42.598361'),(63,'nomenclador','0010_auto_20210426_2024','2021-04-29 18:45:20.859989'),(64,'reintegros','0018_merge_20210419_1956','2021-04-29 18:45:20.870654'),(65,'reintegros','0019_cupon_lote','2021-04-29 18:45:21.024475'),(66,'reintegros','0020_auto_20210420_1316','2021-04-29 18:45:21.172530'),(67,'reintegros','0021_auto_20210420_1440','2021-04-29 18:45:21.205948'),(68,'reintegros','0022_cupon_lote','2021-04-29 18:45:21.444641'),(69,'reintegros','0023_cupon_estado','2021-04-29 18:45:21.516074'),(70,'reintegros','0024_auto_20210422_1438','2021-04-29 18:45:21.707797'),(71,'reintegros','0025_archivopo','2021-04-29 18:45:21.799994'),(72,'reintegros','0026_auto_20210426_1409','2021-04-29 18:45:21.921766'),(73,'reintegros','0027_auto_20210428_1319','2021-04-29 18:45:22.543897'),(74,'reintegros','0028_auto_20210428_1322','2021-04-29 18:45:22.579362'),(75,'reintegros','0029_auto_20210428_1323','2021-04-29 18:45:22.643228'),(76,'reintegros','0018_merge_20210426_2024','2021-04-29 18:45:22.651736'),(77,'reintegros','0030_merge_20210428_2042','2021-04-29 18:45:22.660451'),(78,'reintegros','0018_merge_20210422_2053','2021-04-29 18:45:22.668591'),(79,'reintegros','0031_merge_20210429_1845','2021-04-29 18:45:22.675173'),(80,'reintegros','0031_remove_afiliado_cuentadeterceros','2021-05-14 18:11:50.956167'),(81,'reintegros','0032_cuentadeterceros_afiliado','2021-05-14 18:26:51.101077'),(82,'reintegros','0033_remove_afiliado_cuentajudicial','2021-05-14 18:26:51.285022'),(83,'reintegros','0034_cuentajudicial_afiliado','2021-05-14 18:26:51.484935'),(84,'reintegros','0035_merge_20210514_1811','2021-05-14 18:26:51.493263'),(85,'reintegros','0035_solicitud_tipo','2021-05-20 15:39:18.081865'),(86,'reintegros','0036_merge_20210520_1538','2021-05-20 15:39:18.091153'),(87,'reintegros','0036_remove_cupon_lote','2021-05-26 15:58:07.445124'),(88,'reintegros','0037_auto_20210520_2009','2021-05-26 15:58:07.599663'),(89,'reintegros','0038_auto_20210521_1252','2021-05-26 15:58:07.874516'),(90,'reintegros','0039_lote_tipo','2021-05-26 15:58:07.957158'),(91,'reintegros','0036_solicitud_source','2021-05-26 15:58:08.079610'),(92,'reintegros','0040_merge_20210526_1557','2021-05-26 15:58:08.088437'),(93,'reintegros','0040_merge_20210526_1304','2021-06-04 18:58:17.284297'),(94,'reintegros','0041_lote_detalleenviobanco','2021-06-04 18:58:17.360752'),(95,'reintegros','0042_lote_totalenviobanco','2021-06-04 18:58:17.427018'),(96,'reintegros','0043_auto_20210528_1754','2021-06-04 18:58:17.532710'),(97,'reintegros','0044_cupon_numerodepago','2021-06-04 18:58:17.592987'),(98,'reintegros','0045_cupon_motivoderechazo','2021-06-04 18:58:17.659602'),(99,'reintegros','0046_lote_montototal','2021-06-04 18:58:17.720733'),(100,'reintegros','0047_auto_20210602_1917','2021-06-04 18:58:17.834667'),(101,'reintegros','0048_lote_estado','2021-06-04 18:58:17.954858'),(102,'reintegros','0049_delete_estadosolicitudlog','2021-06-04 18:58:18.016016'),(103,'reintegros','0050_lote_procesadopor','2021-06-04 18:58:18.176985'),(104,'reintegros','0043_auto_20210601_2000','2021-06-04 18:58:19.939410'),(105,'reintegros','0044_auto_20210601_2020','2021-06-04 18:58:20.018896'),(106,'reintegros','0051_merge_20210604_1857','2021-06-04 18:58:20.027544'),(107,'nomenclador','0011_auto_20210604_2102','2021-06-10 13:55:22.005589'),(108,'reintegros','0051_merge_20210604_2051','2021-06-10 13:55:22.015787'),(109,'reintegros','0051_merge_20210604_1920','2021-06-10 13:55:22.023636'),(110,'reintegros','0052_merge_20210610_1302','2021-06-10 13:55:22.032525'),(111,'reintegros','0052_merge_20210609_1953','2021-06-10 13:55:22.040347'),(112,'reintegros','0053_merge_20210610_1355','2021-06-10 13:55:22.046860'),(113,'reintegros','0053_merge_20210610_1758','2021-06-10 20:04:48.399771'),(114,'reintegros','0054_merge_20210610_2004','2021-06-10 20:04:48.412055'),(115,'reintegros','0055_auto_20210615_1533','2021-06-15 15:33:32.415206'),(116,'reintegros','0054_auto_20210614_1538','2021-06-15 15:54:00.152962'),(117,'reintegros','0055_afiliado_cud','2021-06-15 15:54:00.223990'),(118,'reintegros','0056_cuentadeterceros_estado','2021-06-15 15:54:00.331022'),(119,'reintegros','0057_merge_20210615_1553','2021-06-15 15:54:00.340021'),(120,'reintegros','0057_auto_20210615_1933','2021-06-23 17:52:13.947737'),(121,'reintegros','0058_auto_20210617_1834','2021-06-23 17:52:14.231119'),(122,'reintegros','0059_auto_20210617_1901','2021-06-23 17:52:14.555697'),(123,'reintegros','0060_cuentasolicitud_origen','2021-06-23 17:52:14.633705'),(124,'reintegros','0061_merge_20210623_1752','2021-06-23 17:52:14.642636'),(125,'usuario','0004_usuario_casacentral','2021-06-23 17:52:14.832957'),(126,'usuario','0005_auto_20210616_1756','2021-06-23 17:52:15.016705'),(127,'reintegros','0061_auto_20210628_1755','2021-06-28 20:52:23.612286'),(128,'reintegros','0062_merge_20210628_2052','2021-06-28 20:52:23.621818'),(129,'nomenclador','0012_nomenclador_estado','2021-06-29 21:30:07.232095'),(130,'reintegros','0062_auto_20210629_1840','2021-06-29 21:30:07.379165'),(131,'reintegros','0063_auto_20210629_1903','2021-06-29 21:30:07.556131'),(132,'reintegros','0064_merge_20210629_2130','2021-06-29 21:30:07.564737'),(133,'usuario','0006_notificacion','2021-07-14 14:34:21.506151'),(134,'usuario','0007_notificacion_tipo','2021-07-14 14:34:21.764708'),(135,'nomenclador','0013_remove_nomenclador_categoria','2021-08-12 17:23:33.673488'),(136,'nomenclador','0014_auto_20210809_1903','2021-08-12 17:23:33.894921'),(137,'nomenclador','0015_auto_20210809_1923','2021-08-12 17:23:34.027632'),(138,'nomenclador','0016_auto_20210809_1925','2021-08-12 17:23:34.219782'),(139,'nomenclador','0017_auto_20210809_1929','2021-08-12 17:23:34.372862'),(140,'nomenclador','0018_auto_20210809_1932','2021-08-12 17:23:34.559650'),(141,'nomenclador','0019_auto_20210809_1936','2021-08-12 17:23:34.627046'),(142,'nomenclador','0020_auto_20210809_1939','2021-08-12 17:23:34.701167'),(143,'reintegros','0064_auto_20210802_1554','2021-08-12 17:23:35.135541'),(144,'reintegros','0065_prestacion_fechapracticahasta','2021-08-12 17:23:35.221565'),(145,'reintegros','0066_delete_categoria','2021-08-12 17:23:35.257095'),(146,'reintegros','0067_auto_20210810_1731','2021-08-12 17:23:35.625774'),(147,'reintegros','0068_auto_20210811_1527','2021-08-12 17:23:35.780883'),(148,'reintegros','0069_auto_20210811_1528','2021-08-12 17:23:35.959453'),(149,'reintegros','0070_merge_20210812_1723','2021-08-12 17:23:35.970531'),(150,'nomenclador','0021_auto_20210819_2023','2021-08-19 20:48:55.084075'),(151,'reintegros','0064_auto_20210723_2011','2021-08-19 20:48:55.299837'),(152,'reintegros','0065_auto_20210723_2023','2021-08-19 20:48:55.358940'),(153,'reintegros','0070_merge_20210819_2022','2021-08-19 20:48:55.373612'),(154,'reintegros','0071_merge_20210819_2048','2021-08-19 20:48:55.384668'),(155,'reintegros','0071_auto_20210820_1418','2021-08-21 00:57:37.426160'),(156,'reintegros','0072_auto_20210820_2057','2021-08-21 00:57:37.628065'),(157,'reintegros','0073_merge_20210821_0057','2021-08-21 00:57:37.640684'),(158,'nomenclador','0022_auto_20210913_1817','2021-09-27 19:20:11.943796'),(159,'nomenclador','0023_auto_20211006_2255','2021-10-06 22:56:04.006503'),(160,'nomenclador','0023_auto_20211006_2309','2021-10-06 23:10:00.448157'),(161,'reintegros','0073_auto_20211006_2309','2021-10-06 23:10:00.516310'),(162,'reintegros','0074_merge_20211006_2309','2021-10-06 23:10:00.527157'),(163,'reintegros','0074_auto_20211020_1947','2021-10-21 17:54:47.462136'),(164,'reintegros','0075_merge_20211021_1754','2021-10-21 17:54:47.471365'),(165,'reintegros','0075_auto_20211102_1436','2021-11-02 15:18:18.166158'),(166,'reintegros','0076_auto_20211102_1441','2021-11-02 15:18:18.372137'),(167,'reintegros','0077_merge_20211102_1518','2021-11-02 15:18:18.382556'),(168,'nomenclador','0024_auto_20211115_1946','2021-11-19 12:56:34.007176'),(169,'nomenclador','0025_auto_20211115_2006','2021-11-19 12:56:34.350615'),(170,'nomenclador','0026_auto_20211115_2013','2021-11-19 12:56:34.374462'),(171,'nomenclador','0027_auto_20211115_2014','2021-11-19 12:56:34.396484'),(172,'nomenclador','0028_auto_20211115_2021','2021-11-19 12:56:34.419299'),(173,'reintegros','0077_afiliado_lastupdate','2021-11-19 12:56:34.528001'),(174,'reintegros','0078_auto_20211115_2006','2021-11-19 12:56:34.656608'),(175,'reintegros','0079_auto_20211115_2013','2021-11-19 12:56:34.677923'),(176,'reintegros','0080_auto_20211115_2014','2021-11-19 12:56:34.728568'),(177,'reintegros','0081_auto_20211115_2021','2021-11-19 12:56:34.746279'),(178,'reintegros','0082_merge_20211119_1256','2021-11-19 12:56:34.754580'),(179,'nomenclador','0029_auto_20211129_1514','2021-12-01 17:39:12.757500'),(180,'nomenclador','0030_auto_20211201_1739','2021-12-01 17:39:12.781918'),(181,'nomenclador','0030_auto_20211129_2117','2021-12-01 19:57:55.957959'),(182,'nomenclador','0031_merge_20211201_1957','2021-12-01 19:57:55.969989'),(183,'reintegros','0082_remove_afiliado_lastupdate','2021-12-01 19:57:56.097297'),(184,'reintegros','0083_merge_20211201_1957','2021-12-01 19:57:56.106280'),(185,'usuario','0008_usuario_lastupdate','2021-12-01 19:57:56.315727');
/*!40000 ALTER TABLE `django_migrations` ENABLE KEYS */;
UNLOCK TABLES;

--
-- Table structure for table `django_session`
--

DROP TABLE IF EXISTS `django_session`;
/*!40101 SET @saved_cs_client     = @@character_set_client */;
/*!50503 SET character_set_client = utf8mb4 */;
CREATE TABLE `django_session` (
  `session_key` varchar(40) CHARACTER SET utf8mb4 COLLATE utf8mb4_general_ci NOT NULL,
  `session_data` longtext CHARACTER SET utf8mb4 COLLATE utf8mb4_general_ci NOT NULL,
  `expire_date` datetime(6) NOT NULL,
  PRIMARY KEY (`session_key`),
  KEY `django_session_expire_date_a5c62663` (`expire_date`)
) ENGINE=InnoDB DEFAULT CHARSET=utf8mb4 COLLATE=utf8mb4_general_ci;
/*!40101 SET character_set_client = @saved_cs_client */;

--
-- Dumping data for table `django_session`
--

LOCK TABLES `django_session` WRITE;
/*!40000 ALTER TABLE `django_session` DISABLE KEYS */;
INSERT INTO `django_session` VALUES ('05rcqtn162ab2hfwc6ezgdo70lid4ewh','.eJxVjEEOwiAQRe_C2hBggIJL956BTAdGqoYmpV0Z765NutDtf-_9l0i4rTVtvSxpyuIsojj9biPSo7Qd5Du22yxpbusyjXJX5EG7vM65PC-H-3dQsddv7YMJbNhrNSjtIrDxkAOpQZPW7JQlipQ9GoAAYNlGIlLOWHbojc3i_QG2Kzbh:1lspGT:MNbvvc62O8_D5eaHXJFOuHiwJ6ckVv3G0kphH9obHGk','2021-06-28 16:16:41.951862'),('0xrdssxi9wk1jmuwolgce67qfmjmg9vr','.eJxVjEEOwiAQRe_C2hBggIJL956BTAdGqoYmpV0Z765NutDtf-_9l0i4rTVtvSxpyuIsojj9biPSo7Qd5Du22yxpbusyjXJX5EG7vM65PC-H-3dQsddv7YMJbNhrNSjtIrDxkAOpQZPW7JQlipQ9GoAAYNlGIlLOWHbojc3i_QG2Kzbh:1mienO:OcyJdP2h5XuP4JW7aHLLS2SQmHWoQhwaCxC15iXD_Y0','2021-11-18 15:36:54.151523'),('1odw5ozk1912cknwpvqd7haesuapty7g','.eJxVjMsOwiAQRf-FtSFAh5dL934DGRiQqoGktCvjv2uTLnR7zzn3xQJuaw3byEuYiZ2ZFOz0O0ZMj9x2Qndst85Tb-syR74r_KCDXzvl5-Vw_w4qjvqtUUGZ0AIa78AXCSYWnRUlj7k40l5YqaQwkydwCBaMRhWTl04aciaz9wf88TeJ:1m854H:_1Geyjg-mMOfCCogD4fIOCS7aCguBqqu25jGOzOwZPw','2021-08-09 18:11:09.472467'),('6ivs48aqvdf4py4oiajqk29ejjn4pvhu','.eJxVjMsOwiAQRf-FtSFAh5dL934DGRiQqoGktCvjv2uTLnR7zzn3xQJuaw3byEuYiZ2ZFOz0O0ZMj9x2Qndst85Tb-syR74r_KCDXzvl5-Vw_w4qjvqtUUGZ0AIa78AXCSYWnRUlj7k40l5YqaQwkydwCBaMRhWTl04aciaz9wf88TeJ:1m3eUy:6E0tNga7yVDLtcMADsp3OwKCuj6TylaURSagqAmb4pE','2021-07-28 13:00:24.813038'),('7806a434ml3mlgkj5z1zfgmpyoyquveg','.eJxVjEEOwiAQRe_C2hBggIJL956BTAdGqoYmpV0Z765NutDtf-_9l0i4rTVtvSxpyuIsojj9biPSo7Qd5Du22yxpbusyjXJX5EG7vM65PC-H-3dQsddv7YMJbNhrNSjtIrDxkAOpQZPW7JQlipQ9GoAAYNlGIlLOWHbojc3i_QG2Kzbh:1m2xyM:eT2vFYBt8G_yJJAu5t1ejQI9wD7Uky66AbOWVA29XBM','2021-07-26 15:35:54.233890'),('9ouy9u88n9xjs3elz3oupukaqiot0vsn','.eJxVjEEOwiAQRe_C2hCYSQu4dO8ZyDBMpWpoUtpV491tky50-977f1OR1qXEtckcx6yuyqvLL0vEL6mHyE-qj0nzVJd5TPpI9Gmbvk9Z3rez_Tso1Mq-NgwebZAs5Jx4RMBsHDDbDkwSA9gnix46yDwkCexdH5C8STsmGtTnC9SEN8E:1lgRxa:A9JWnnS1yMxNA-7KGCNbIUtLGF4jPMFX1wXffyBn4A8','2021-05-25 12:58:02.845353'),('a5e94jzc95ws0yle9l0a4z02bmgcfbv2','.eJxVjEEOwiAQRe_C2hBggIJL956BTAdGqoYmpV0Z765NutDtf-_9l0i4rTVtvSxpyuIsojj9biPSo7Qd5Du22yxpbusyjXJX5EG7vM65PC-H-3dQsddv7YMJbNhrNSjtIrDxkAOpQZPW7JQlipQ9GoAAYNlGIlLOWHbojc3i_QG2Kzbh:1mo4Oq:L14qSZifl7SybIyqO6yMGLSTTkftfU0w9HiBVD2yBnE','2021-12-03 13:57:56.824965'),('gsvv9jt305j5v81hcfiq5wiyrxkq2gu5','.eJxVjMsOwiAQRf-FtSFAh5dL934DGRiQqoGktCvjv2uTLnR7zzn3xQJuaw3byEuYiZ2ZFOz0O0ZMj9x2Qndst85Tb-syR74r_KCDXzvl5-Vw_w4qjvqtUUGZ0AIa78AXCSYWnRUlj7k40l5YqaQwkydwCBaMRhWTl04aciaz9wf88TeJ:1mEG01:DHE80oX5ClKwN8ZZz4bq_gvbbYdjzuCbH80rbyo7kDQ','2021-08-26 19:04:17.927562'),('hz3v84pz1kha8lw4p7y3cmfntpl72oar','.eJxVjMsOwiAQRf-FtSFAh5dL934DGRiQqoGktCvjv2uTLnR7zzn3xQJuaw3byEuYiZ2ZFOz0O0ZMj9x2Qndst85Tb-syR74r_KCDXzvl5-Vw_w4qjvqtUUGZ0AIa78AXCSYWnRUlj7k40l5YqaQwkydwCBaMRhWTl04aciaz9wf88TeJ:1m0OMa:ybNlLJD48O1JCwFGSO4LOK-jDV6sTndof09Drz4n_i8','2021-07-19 13:10:16.310190'),('i6x6on3tzr04cv93gutt562pnij6czkx','.eJxVjMsOwiAQRf-FtSFAh5dL934DGRiQqoGktCvjv2uTLnR7zzn3xQJuaw3byEuYiZ2ZFOz0O0ZMj9x2Qndst85Tb-syR74r_KCDXzvl5-Vw_w4qjvqtUUGZ0AIa78AXCSYWnRUlj7k40l5YqaQwkydwCBaMRhWTl04aciaz9wf88TeJ:1m2xBO:QLI8v6Hi7ML7VT8oIQ1Zo4TJNktJpIpEQAavqBUdmmw','2021-07-26 14:45:18.591906'),('jk5hwuarrf0l3hbeuhffqkh97jdbdljo','.eJxVjEEOwiAQRe_C2hBggIJL956BTAdGqoYmpV0Z765NutDtf-_9l0i4rTVtvSxpyuIsojj9biPSo7Qd5Du22yxpbusyjXJX5EG7vM65PC-H-3dQsddv7YMJbNhrNSjtIrDxkAOpQZPW7JQlipQ9GoAAYNlGIlLOWHbojc3i_QG2Kzbh:1mdDxG:liHytNKypwzMb90KAF-IlOEsMf8IKAPQawrxfIOW4RM','2021-11-03 15:56:38.968195'),('knvej9k3o2phvpfawvav3jr38xhzej8c','.eJxVjEEOwiAQRe_C2hBggIJL956BTAdGqoYmpV0Z765NutDtf-_9l0i4rTVtvSxpyuIsojj9biPSo7Qd5Du22yxpbusyjXJX5EG7vM65PC-H-3dQsddv7YMJbNhrNSjtIrDxkAOpQZPW7JQlipQ9GoAAYNlGIlLOWHbojc3i_QG2Kzbh:1myIYL:mvpkt5Y0CDfMle9zspuirFWXR6WxuqcV8YZISmT8ILc','2021-12-31 19:06:01.352005'),('m0dewufani8na8txhfdbt58viic3175e','.eJxVjEEOwiAQRe_C2hBggIJL956BTAdGqoYmpV0Z765NutDtf-_9l0i4rTVtvSxpyuIsojj9biPSo7Qd5Du22yxpbusyjXJX5EG7vM65PC-H-3dQsddv7YMJbNhrNSjtIrDxkAOpQZPW7JQlipQ9GoAAYNlGIlLOWHbojc3i_QG2Kzbh:1lhzbq:oy9PA0mAexAMA9BAHFO6cCtYHLk-O0y_cs9Lz4wB54U','2021-05-29 19:05:58.052366'),('o61mlm0b2hctdg7954mz9qly614meh9h','.eJxVjEEOwiAQRe_C2hCYSQu4dO8ZyDBMpWpoUtpV491tky50-977f1OR1qXEtckcx6yuyqvLL0vEL6mHyE-qj0nzVJd5TPpI9Gmbvk9Z3rez_Tso1Mq-NgwebZAs5Jx4RMBsHDDbDkwSA9gnix46yDwkCexdH5C8STsmGtTnC9SEN8E:1lgWBz:dCUk5ZPrEdrXKPWslMPxQ6iVNeeOzcL8qNv60UXgdDM','2021-05-25 17:29:11.372259'),('on3ouml2l17f7d9qm060wkkvozxzuh6z','.eJxVjMsOwiAQRf-FtSFAh5dL934DGRiQqoGktCvjv2uTLnR7zzn3xQJuaw3byEuYiZ2ZFOz0O0ZMj9x2Qndst85Tb-syR74r_KCDXzvl5-Vw_w4qjvqtUUGZ0AIa78AXCSYWnRUlj7k40l5YqaQwkydwCBaMRhWTl04aciaz9wf88TeJ:1lya7t:wgyPRWWaccPiGliibU1_QGa3-bZWXbq4rV-_YEc1j9c','2021-07-14 13:19:37.836550'),('rlitv8piy9vkwq7ob9a0260wvttfqyo5','.eJxVjEEOwiAQRe_C2hCYSQu4dO8ZyDBMpWpoUtpV491tky50-977f1OR1qXEtckcx6yuyqvLL0vEL6mHyE-qj0nzVJd5TPpI9Gmbvk9Z3rez_Tso1Mq-NgwebZAs5Jx4RMBsHDDbDkwSA9gnix46yDwkCexdH5C8STsmGtTnC9SEN8E:1lpBMN:CmYwra3TxU_ogDzRvpXo5dKBd13UNUqF515VxBKIx2Y','2021-06-18 15:03:43.278941'),('xfehvd2vjgzbcizbwl7m9g2zpjktgne1','.eJxVjEEOwiAQRe_C2hBggIJL956BTAdGqoYmpV0Z765NutDtf-_9l0i4rTVtvSxpyuIsojj9biPSo7Qd5Du22yxpbusyjXJX5EG7vM65PC-H-3dQsddv7YMJbNhrNSjtIrDxkAOpQZPW7JQlipQ9GoAAYNlGIlLOWHbojc3i_QG2Kzbh:1mGk4e:8IFpLhL0v9bUBJVHpOCm9Ak92S-N9eUPqam7I89wTvk','2021-09-02 15:35:20.979814'),('zkc4dc2303ktu0tqf76l5y9rmtl0m3ez','.eJxVjMsOwiAQRf-FtSFAh5dL934DGRiQqoGktCvjv2uTLnR7zzn3xQJuaw3byEuYiZ2ZFOz0O0ZMj9x2Qndst85Tb-syR74r_KCDXzvl5-Vw_w4qjvqtUUGZ0AIa78AXCSYWnRUlj7k40l5YqaQwkydwCBaMRhWTl04aciaz9wf88TeJ:1lyDmH:PMmpX1VcXnfphwAmfOnozCPLNV1ps6nuaj52YMk2MXQ','2021-07-13 13:27:49.119504');
/*!40000 ALTER TABLE `django_session` ENABLE KEYS */;
UNLOCK TABLES;

--
-- Table structure for table `nomenclador_capitulo`
--

DROP TABLE IF EXISTS `nomenclador_capitulo`;
/*!40101 SET @saved_cs_client     = @@character_set_client */;
/*!50503 SET character_set_client = utf8mb4 */;
CREATE TABLE `nomenclador_capitulo` (
  `capitulo` int unsigned NOT NULL,
  `descripcion` varchar(100) CHARACTER SET utf8mb4 COLLATE utf8mb4_general_ci NOT NULL,
  `coseguro` int unsigned NOT NULL,
  PRIMARY KEY (`capitulo`)
) ENGINE=InnoDB DEFAULT CHARSET=utf8mb4 COLLATE=utf8mb4_general_ci;
/*!40101 SET character_set_client = @saved_cs_client */;

--
-- Dumping data for table `nomenclador_capitulo`
--

LOCK TABLES `nomenclador_capitulo` WRITE;
/*!40000 ALTER TABLE `nomenclador_capitulo` DISABLE KEYS */;
INSERT INTO `nomenclador_capitulo` VALUES (1,'NEUROCIRUGÍA',0),(11,'OPERACIONES DEL APARATO GENITAL FEMENIDO Y OBSTETRICIA',0),(12,'OPERACIONES EN EL SISTEMA MUSCULOESQUELÉTICO',0),(23,'HEMATOLOGÍA',0),(25,'REHABILITACIÓN MÉDICA',0),(29,'NEUROLOGÍA',0),(33,'SALUD MENTAL',0),(41,'CUIDADOS ESPECIALES',0),(45,'ONCOLOGÍA',0),(54,'PROTESIS',0),(55,'AUDIFONOS',0),(66,'PRÁCTICAS BIOQUÍMICAS',0),(71,'PRÁCTICAS ODONTOLÓGICAS',0),(80,'DISCAPACIDAD',0),(81,'SERVICIOS SOCIALES',0),(95,'TRASLADOS EN AMBULANCIA',0);
/*!40000 ALTER TABLE `nomenclador_capitulo` ENABLE KEYS */;
UNLOCK TABLES;

--
-- Table structure for table `nomenclador_nomenclador`
--

DROP TABLE IF EXISTS `nomenclador_nomenclador`;
/*!40101 SET @saved_cs_client     = @@character_set_client */;
/*!50503 SET character_set_client = utf8mb4 */;
CREATE TABLE `nomenclador_nomenclador` (
  `id` int NOT NULL AUTO_INCREMENT,
  `modalidadPrestacion` varchar(23) COLLATE utf8mb4_general_ci NOT NULL,
  `capitulo_id` int unsigned NOT NULL,
  `codigo` varchar(10) COLLATE utf8mb4_general_ci DEFAULT NULL,
  `descripcion` varchar(160) COLLATE utf8mb4_general_ci NOT NULL,
  `complejidadPractica` decimal(2,0) NOT NULL,
  `valorIpross` decimal(20,2) NOT NULL,
  `topesCoberturaPeriodo` int NOT NULL,
  `periodoTope` varchar(40) COLLATE utf8mb4_general_ci DEFAULT NULL,
  `numeroNormaRespaldatoria` varchar(20) COLLATE utf8mb4_general_ci NOT NULL,
  `fechaVigencia` date NOT NULL,
  `requiereAuditoriaMedica` tinyint(1) NOT NULL,
  `unidad` varchar(8) COLLATE utf8mb4_general_ci DEFAULT NULL,
  `estado` varchar(8) COLLATE utf8mb4_general_ci NOT NULL,
  `fechaVigenciaHasta` date DEFAULT NULL,
  `lastUpdate` datetime(6) NOT NULL,
  PRIMARY KEY (`id`),
  KEY `nomenclador_nomenclador_capitulo_id_9f52af15` (`capitulo_id`),
  CONSTRAINT `nomenclador_nomencla_capitulo_id_9f52af15_fk_nomenclad` FOREIGN KEY (`capitulo_id`) REFERENCES `nomenclador_capitulo` (`capitulo`)
) ENGINE=InnoDB AUTO_INCREMENT=3548 DEFAULT CHARSET=utf8mb4 COLLATE=utf8mb4_general_ci;
/*!40101 SET character_set_client = @saved_cs_client */;

--
-- Dumping data for table `nomenclador_nomenclador`
--

LOCK TABLES `nomenclador_nomenclador` WRITE;
/*!40000 ALTER TABLE `nomenclador_nomenclador` DISABLE KEYS */;
INSERT INTO `nomenclador_nomenclador` VALUES (1718,'ambulatorio',1,'011001','Biopsia de nervio o musculo',1,3058.01,0,'porunicavez','415/2020','2021-01-01',1,'unidades','inactivo','2022-04-06','2022-04-11 22:00:15.818825'),(1719,'ambulatorio',12,'120101','MSC101 Prácticas Incruentas',1,2988.30,0,'porunicavez','415/2020','2021-01-01',1,'unidades','activo',NULL,'2022-04-11 22:00:18.976749'),(1720,'ambulatorio',12,'120102','MSC102 Infiltraciones',1,2988.30,0,'porunicavez','415/2020','2021-01-01',1,'unidades','activo',NULL,'2022-04-11 22:00:18.993716'),(1721,'ambulatorio',12,'120104','MSC104 Extracción osteodesis percutáneas.',1,2988.30,0,'porunicavez','415/2020','2021-01-01',1,'unidades','activo',NULL,'2022-04-11 22:00:19.012813'),(1722,'ambulatorio',12,'120202','MSC202 Reducción de fracturas y/o luxaciones con anestesia local.',1,8309.10,0,'mensual','415/2020','2021-01-01',0,'unidades','activo',NULL,'2022-04-11 22:00:19.033990'),(1723,'ambulatorio',12,'120203','MSC203 Extracción clavijas percutáneas con anestesis local.',1,8309.10,0,'porunicavez','415/2020','2021-01-01',1,'unidades','activo',NULL,'2022-04-11 22:00:19.053313'),(1724,'ambulatorio',12,'120204','MSC205 Tracciones esqueléticas',1,8309.10,0,'porunicavez','415/2020','2021-01-01',1,'unidades','activo',NULL,'2022-04-11 22:00:19.070903'),(1725,'ambulatorio',12,'120205','MSC206 Toilette Quirúrgica superficial (supraaponeurótica)',1,8309.10,0,'porunicavez','415/2020','2021-01-01',1,'unidades','activo',NULL,'2022-04-11 22:00:19.088463'),(1726,'ambulatorio',12,'120310','MSC310 Reducción de fracturas y/o luxaciones bajo anestesia local, plexual general. Incluye yeso.',1,14608.28,0,'mensual','415/2020','2021-01-01',0,'unidades','activo',NULL,'2022-04-11 22:00:19.260036'),(1727,'ambulatorio',12,'120401','MSC401 Neurolísis nervios periféricos.',1,22061.10,0,'porunicavez','415/2020','2021-01-01',1,'unidades','activo',NULL,'2022-04-11 22:00:19.346422'),(1728,'ambulatorio',12,'120421','MSC421 Cirugía reconstructiva de la uña.',1,22061.10,0,'porunicavez','415/2020','2021-01-01',1,'unidades','activo',NULL,'2022-04-11 22:00:19.496772'),(1729,'ambulatorio',23,'230101','HEMATOLOGÌA MODULO ESTUDIOS PRIMERA VEZ',1,4958.03,0,'porunicavez','398/2021','2021-09-30',1,'unidades','activo',NULL,'2022-04-11 22:00:56.795675'),(1730,'ambulatorio',23,'230102','MODULO CONTROL TERAPEUTICO',1,2058.75,0,'porunicavez','398/2021','2021-08-01',1,'unidades','activo',NULL,'2022-04-11 22:00:19.584360'),(1731,'ambulatorio',23,'230103','AMPLIACION DIAGNÓSTICA',1,5352.87,0,'porunicavez','398/2021','2021-08-01',1,'unidades','activo',NULL,'2022-04-11 22:00:19.604870'),(1732,'ambulatorio',23,'230104','EVALUACION INICIALMENTE UNA LEUCEMIA AGUDA O CRONICA, SDR, MIOLOPROLIFERATIVOS, ETC)',1,8500.00,0,'porunicavez','398/2021','2021-08-01',1,'unidades','activo',NULL,'2022-04-11 22:00:19.622708'),(1733,'ambulatorio',23,'230201','CITOHEMATOLOGÍA',1,4311.33,0,'porunicavez','398/2021','2021-08-01',1,'unidades','activo',NULL,'2022-04-11 22:00:19.640121'),(1734,'ambulatorio',23,'230301','PRUEBAS CITOQUÍMICAS ESPECIFICAS',1,7177.35,0,'porunicavez','398/2021','2021-08-01',1,'unidades','activo',NULL,'2022-04-11 22:00:19.657428'),(1735,'ambulatorio',23,'230401','TRATAMIENTO ONCOLOGICO POR SESION',1,3472.83,0,'porunicavez','398/2021','2021-08-01',1,'unidades','activo',NULL,'2022-04-11 22:00:19.675652'),(1736,'ambulatorio',23,'230402','ADMINISTRACIÓN DE MEDICAMENTOS ONCOLOGICO DE RESCATE',1,1728.49,0,'porunicavez','398/2021','2021-08-01',1,'unidades','activo',NULL,'2022-04-11 22:00:19.693910'),(1737,'ambulatorio',23,'230404','QUIMIOTERAPIA POR VIA ORAL',1,1728.49,0,'porunicavez','398/2021','2021-08-01',1,'unidades','activo',NULL,'2022-04-11 22:00:19.729272'),(1738,'ambulatorio',23,'230601','PUNCION ASPIRATIVA',1,2504.67,0,'porunicavez','398/2021','2021-08-01',1,'unidades','activo',NULL,'2022-04-11 22:00:19.745582'),(1739,'ambulatorio',23,'230602','TOMA DE MATERIAL ÓSEO',1,3596.86,0,'porunicavez','398/2021','2021-08-01',1,'unidades','activo',NULL,'2022-04-11 22:00:19.762201'),(1740,'ambulatorio',23,'230603','PUNCIÓN TRANSABDOMINAL',1,3596.36,0,'porunicavez','398/2021','2021-08-01',1,'unidades','activo',NULL,'2022-04-11 22:00:19.778124'),(1741,'ambulatorio',23,'230604','OBTENCIÓN DE MATERIAL CON AGUJA FINA',1,1790.22,0,'porunicavez','398/2021','2021-08-01',1,'unidades','activo',NULL,'2022-04-11 22:00:19.819106'),(1742,'ambulatorio',23,'230605','PROCEDIMIENTO DE ACCESO AL ESPACIO O MASA TUMORAL',1,3596.86,0,'porunicavez','398/2021','2021-08-01',1,'unidades','activo',NULL,'2022-04-11 22:00:19.839260'),(1743,'ambulatorio',41,'410301','Acompañante terapéutico días laborales por hora',1,515.37,0,'porunicavez','409/2021','2021-01-01',1,'unidades','inactivo','2022-03-22','2022-04-11 22:00:21.046278'),(1744,'ambulatorio',41,'410302','Acompañante terapéutico feriados y fines de semana por hora',1,617.00,0,'porunicavez','409/2021','2021-01-01',1,'unidades','inactivo','2022-03-22','2022-04-11 22:00:21.064187'),(1745,'ambulatorio',41,'410303','Acompañante terapéutico días laborales por hora',1,350.44,0,'porunicavez','409/2021','2021-01-01',1,'unidades','inactivo','2022-02-02','2022-04-11 22:00:21.082406'),(1746,'ambulatorio',41,'410304','Acompañante terapéutico feriados y fines de semana por hora',1,374.40,0,'porunicavez','156/2021','2021-01-01',1,'unidades','activo',NULL,'2022-04-11 22:00:21.099813'),(1747,'ambulatorio',45,'450101','Consulta oncológica especialista',1,353.66,0,'porunicavez','415/2020','2021-01-01',1,'unidades','activo',NULL,'2022-04-11 22:00:21.127562'),(1748,'ambulatorio',66,'660001','ACTO BIOQUÍMICO',1,121.92,0,'mensual','415/2020','2021-01-01',0,'unidades','activo',NULL,'2022-04-11 22:00:21.143447'),(1749,'ambulatorio',66,'660002','ACETONURIA',1,40.64,0,'porunicavez','XYZ-123','2021-01-01',0,'unidades','activo',NULL,'2022-04-11 22:00:21.161319'),(1750,'ambulatorio',66,'660004','ACIDIMETRIA GASTRICA , CURVA DE',1,121.92,0,'porunicavez','XYZ-123','2021-01-01',0,'unidades','activo',NULL,'2022-04-11 22:00:21.177977'),(1751,'ambulatorio',66,'660005','ACIDO BASE, Estado Acido Base (EAB)',1,609.60,0,'porunicavez','XYZ-123','2021-01-01',0,'unidades','activo',NULL,'2022-04-11 22:00:21.194403'),(1752,'ambulatorio',66,'660006','ACTH  - HORMONA ADRENOCORTICOTROFINA',1,487.68,0,'porunicavez','XYZ-123','2021-01-01',0,'unidades','activo',NULL,'2022-04-11 22:00:21.215433'),(1753,'ambulatorio',66,'660007','ADDIS, RECUENTO DE',1,81.28,0,'porunicavez','XYZ-123','2021-01-01',0,'unidades','activo',NULL,'2022-04-11 22:00:21.232438'),(1754,'ambulatorio',66,'660009','ADRENALINA, plasmática (CATECOLAMINA plasmática)',1,1016.00,0,'porunicavez','XYZ-123','2021-01-01',0,'unidades','activo',NULL,'2022-04-11 22:00:21.256896'),(1755,'ambulatorio',66,'660010','ADRENALINA, urinaria (CATECOLAMINA urinaria)',1,1016.00,0,'porunicavez','XYZ-123','2021-01-01',0,'unidades','activo',NULL,'2022-04-11 22:00:21.274181'),(1756,'ambulatorio',66,'660014','AGLUTININAS del SISTEMAS ABO',1,121.92,0,'porunicavez','XYZ-123','2021-01-01',0,'unidades','activo',NULL,'2022-04-11 22:00:21.291742'),(1757,'ambulatorio',66,'660015','ALBUMINA – sérica',1,60.96,0,'porunicavez','XYZ-123','2021-01-01',0,'unidades','activo',NULL,'2022-04-11 22:00:21.309846'),(1758,'ambulatorio',66,'660016','ALCOHOL DEHIDROGENASA, ADH',1,406.40,0,'porunicavez','XYZ-123','2021-01-01',0,'unidades','activo',NULL,'2022-04-11 22:00:21.328463'),(1759,'ambulatorio',66,'660017','ALCOHOL ETÍLICO – sangre (ALCOHOLEMIA)',1,406.40,0,'porunicavez','XYZ-123','2021-01-01',0,'unidades','activo',NULL,'2022-04-11 22:00:21.345727'),(1760,'ambulatorio',66,'660018','ALDOLASA (Ald)',1,243.84,0,'porunicavez','XYZ-123','2021-01-01',0,'unidades','activo',NULL,'2022-04-11 22:00:21.363104'),(1761,'ambulatorio',66,'660019','ALDOSTERONA',1,609.60,0,'porunicavez','XYZ-123','2021-01-01',0,'unidades','activo',NULL,'2022-04-11 22:00:21.380990'),(1762,'ambulatorio',66,'660020','ALFA FETO PROTEINA (AFP)',1,406.40,0,'porunicavez','XYZ-123','2021-01-01',0,'unidades','activo',NULL,'2022-04-11 22:00:21.398590'),(1763,'ambulatorio',66,'660022','AMILASA - sérica',1,162.56,0,'porunicavez','XYZ-123','2021-01-01',0,'unidades','activo',NULL,'2022-04-11 22:00:21.416733'),(1764,'ambulatorio',66,'660023','AMILASA - urinaria',1,162.56,0,'porunicavez','XYZ-123','2021-01-01',0,'unidades','activo',NULL,'2022-04-11 22:00:21.435712'),(1765,'ambulatorio',66,'660025','AMINOACIDOS FRACCIONADOS (Cromatografía - por fracción) -cualitativo',1,508.00,0,'porunicavez','XYZ-123','2021-01-01',0,'unidades','activo',NULL,'2022-04-11 22:00:21.454980'),(1766,'ambulatorio',66,'660027','AMINOACIDURIA FRACCIONADA (Cromatografía - por fracción) -cualitativo',1,508.00,0,'porunicavez','XYZ-123','2021-01-01',0,'unidades','activo',NULL,'2022-04-11 22:00:21.483880'),(1767,'ambulatorio',66,'660028','AMNIOTICO, LIQUIDO CELULAS NARANJAS',1,40.64,0,'porunicavez','XYZ-123','2021-01-01',0,'unidades','activo',NULL,'2022-04-11 22:00:21.520955'),(1768,'ambulatorio',66,'660029','AMNIOTICO, LIQUIDO  (Espectrofotometría - Test de Lisley)',1,203.20,0,'porunicavez','XYZ-123','2021-01-01',0,'unidades','activo',NULL,'2022-04-11 22:00:21.541226'),(1769,'ambulatorio',66,'660030','AMNIOTICO, LIQUIDO LECITINA - ESFINGOMIELINA',1,203.20,0,'porunicavez','XYZ-123','2021-01-01',0,'unidades','activo',NULL,'2022-04-11 22:00:21.558913'),(1770,'ambulatorio',66,'660031','AMONEMIA',1,812.80,0,'porunicavez','XYZ-123','2021-01-01',0,'unidades','activo',NULL,'2022-04-11 22:00:21.575619'),(1771,'ambulatorio',66,'660033','ANGIOTENSINA I',1,1219.20,0,'porunicavez','XYZ-123','2021-01-01',0,'unidades','activo',NULL,'2022-04-11 22:00:21.592289'),(1772,'ambulatorio',66,'660035','ANTIBIOGRAMA (ATBG)',1,243.84,0,'porunicavez','XYZ-123','2021-01-01',0,'unidades','activo',NULL,'2022-04-11 22:00:21.609562'),(1773,'ambulatorio',66,'660036','ANTIBIOGRAMA BACILO DE KOCH (7) siete antibióticos',1,2438.40,0,'porunicavez','XYZ-123','2021-01-01',0,'unidades','activo',NULL,'2022-04-11 22:00:21.626956'),(1774,'ambulatorio',66,'660040','ANTICUERPOS ANTIGLOMERULAR, (IFI)',1,243.84,0,'porunicavez','XYZ-123','2021-01-01',0,'unidades','activo',NULL,'2022-04-11 22:00:21.644963'),(1775,'ambulatorio',66,'660041','ANTICUERPOS ANTIMENBRANA BASAL, (IFI)',1,243.84,0,'porunicavez','XYZ-123','2021-01-01',0,'unidades','activo',NULL,'2022-04-11 22:00:21.663439'),(1776,'ambulatorio',66,'660042','ANTICUERPO ANTIMUSCULO LISO (ASMA), (IFI)',1,284.48,0,'porunicavez','XYZ-123','2021-01-01',0,'unidades','activo',NULL,'2022-04-11 22:00:21.682882'),(1777,'ambulatorio',66,'660046','ANTICUERPOS ANTITIROGLOBULINA (ATG)',1,406.40,0,'porunicavez','XYZ-123','2021-01-01',0,'unidades','activo',NULL,'2022-04-11 22:00:21.700806'),(1778,'ambulatorio',66,'660049','ANTIDESIXIRRIBONUCLEASA - ADNEASA – Anti-DNA',1,365.76,0,'porunicavez','XYZ-123','2021-01-01',0,'unidades','activo',NULL,'2022-04-11 22:00:21.717894'),(1779,'ambulatorio',66,'660051','ANTIESTREPTOLISINAS \"O\" (ASO / ASTO / AELO), cuantitativa',1,243.84,0,'porunicavez','XYZ-123','2021-01-01',0,'unidades','activo',NULL,'2022-04-11 22:00:21.736352'),(1780,'ambulatorio',66,'660053','MICOLOGÍA, PRUEBA DE SENSIBILIDAD A ANTIFÚNGICOS',1,609.60,0,'porunicavez','XYZ-123','2021-01-01',0,'unidades','activo',NULL,'2022-04-11 22:00:21.755425'),(1781,'ambulatorio',66,'660056','ANTINUCLEARES ANTICUERPOS (FAN / ANA / AAN)',1,284.48,0,'porunicavez','XYZ-123','2021-01-01',0,'unidades','activo',NULL,'2022-04-11 22:00:21.773012'),(1782,'ambulatorio',66,'660057','ANTITRIPSINA, Alfa 1 - Líq. Pleural ó Mat. Fecal ó Sérica - C/U - (por I.D.-Cuantitativa)',1,406.40,0,'porunicavez','XYZ-123','2021-01-01',0,'unidades','activo',NULL,'2022-04-11 22:00:21.790472'),(1783,'ambulatorio',66,'660058','ANTITROMBINA III - con calibración de tres (3) puntos',1,609.60,0,'porunicavez','XYZ-123','2021-01-01',0,'unidades','activo',NULL,'2022-04-11 22:00:21.808721'),(1784,'ambulatorio',66,'660059','ARSENICO - sérico y/o urinario',1,812.80,0,'porunicavez','415','2021-01-01',1,'unidades','activo',NULL,'2022-04-11 22:00:21.825886'),(1785,'ambulatorio',66,'660060','ASCORBICO, ACIDO – sérico',1,1219.20,0,'porunicavez','XYZ-123','2021-01-01',0,'unidades','activo',NULL,'2022-04-11 22:00:21.842346'),(1786,'ambulatorio',66,'660063','ANTICUERPOS Anti- HIV (ELISA)',1,447.04,0,'porunicavez','XYZ-123','2021-01-01',0,'unidades','activo',NULL,'2022-04-11 22:00:21.861695'),(1787,'ambulatorio',66,'660101','BACILOSCOPIA DIRECTA - ZIEHL NEELSEN (por muestra)',1,162.56,0,'porunicavez','XYZ-123','2021-01-01',0,'unidades','activo',NULL,'2022-04-11 22:00:21.880654'),(1788,'ambulatorio',66,'660102','BACILOSCOPIA, DIRECTA y CULTIVO (por muestra)',1,406.40,0,'porunicavez','XYZ-123','2021-01-01',0,'unidades','activo',NULL,'2022-04-11 22:00:21.899942'),(1789,'ambulatorio',66,'660103','BACILOSCOPIA, (IFI - por muestra)',1,406.40,0,'porunicavez','XYZ-123','2021-01-01',0,'unidades','activo',NULL,'2022-04-11 22:00:21.917647'),(1790,'ambulatorio',66,'660104','BACTERIOLOGIA, DIRECTA (Coloración de Gram)',1,81.28,0,'porunicavez','XYZ-123','2021-01-01',0,'unidades','activo',NULL,'2022-04-11 22:00:21.935289'),(1791,'ambulatorio',66,'660105','BACTERIOLOGICO, DIRECTO-CULTIVO e IDENTIFICACIÓN del GÉRMEN)',1,284.48,0,'porunicavez','XYZ-123','2021-01-01',0,'unidades','activo',NULL,'2022-04-11 22:00:21.952921'),(1792,'ambulatorio',66,'660107','BARBITURICOS -  urinarios',1,711.20,0,'porunicavez','XYZ-123','2021-01-01',0,'unidades','activo',NULL,'2022-04-11 22:00:21.972548'),(1793,'ambulatorio',66,'660108','BENCE- JONES, PROTEINAS de (HPLC / IMF)',1,1219.20,0,'porunicavez','XYZ-123','2021-01-01',0,'unidades','activo',NULL,'2022-04-11 22:00:21.993807'),(1794,'ambulatorio',66,'660110','BILIRRUBINEMIA TOTAL, DIRECTA E INDIRECTA',1,60.96,0,'porunicavez','XYZ-123','2021-01-01',0,'unidades','activo',NULL,'2022-04-11 22:00:22.012188'),(1795,'ambulatorio',66,'660111','BILIRRUBINURIA',1,60.96,0,'porunicavez','XYZ-123','2021-01-01',0,'unidades','activo',NULL,'2022-04-11 22:00:22.032504'),(1796,'ambulatorio',66,'660120','C3 – COMPLEMENTO',1,203.20,0,'porunicavez','XYZ-123','2021-01-01',0,'unidades','activo',NULL,'2022-04-11 22:00:22.051077'),(1797,'ambulatorio',66,'660121','C4 – COMPLEMENTO',1,203.20,0,'porunicavez','XYZ-123','2021-01-01',0,'unidades','activo',NULL,'2022-04-11 22:00:22.068918'),(1798,'ambulatorio',66,'660130','CADENA LIVIANA KAPPA Y LAMBDA – sérico (IMF)',1,1625.60,0,'porunicavez','XYZ-123','2021-01-01',0,'unidades','activo',NULL,'2022-04-11 22:00:22.086104'),(1799,'ambulatorio',66,'660131','CADENA LIVIANA KAPPA Y LAMBDA – urinario (IMF)',1,1625.60,0,'porunicavez','XYZ-123','2021-01-01',0,'unidades','activo',NULL,'2022-04-11 22:00:22.103030'),(1800,'ambulatorio',66,'660132','CADMIO (Cd) - urinario',1,812.80,0,'porunicavez','XYZ-123','2021-01-01',0,'unidades','activo',NULL,'2022-04-11 22:00:22.120116'),(1801,'ambulatorio',66,'660133','CALCEMIA TOTAL (Ca)',1,60.96,0,'porunicavez','XYZ-123','2021-01-01',0,'unidades','activo',NULL,'2022-04-11 22:00:22.138245'),(1802,'ambulatorio',66,'660134','CALCIO IONICO',1,162.56,0,'porunicavez','XYZ-123','2021-01-01',0,'unidades','activo',NULL,'2022-04-11 22:00:22.154743'),(1803,'ambulatorio',66,'660136','CALCIO - urinario',1,81.28,0,'porunicavez','XYZ-123','2021-01-01',0,'unidades','activo',NULL,'2022-04-11 22:00:22.171762'),(1804,'ambulatorio',66,'660137','CALCITONINA - sérica',1,650.24,0,'porunicavez','XYZ-123','2021-01-01',0,'unidades','activo',NULL,'2022-04-11 22:00:22.189872'),(1805,'ambulatorio',66,'660138','CALCULO - urinario',1,487.68,0,'porunicavez','XYZ-123','2021-01-01',0,'unidades','activo',NULL,'2022-04-11 22:00:22.207217'),(1806,'ambulatorio',66,'660139','CARBONICO, ANDHIDRICO - (PCO2)',1,0.00,0,'porunicavez','XYZ-123','2021-01-01',0,'unidades','activo',NULL,'2022-04-11 22:00:22.224857'),(1807,'ambulatorio',66,'660140','CARIOTIPO, MAPA CROMOSOMICO',1,4348.48,0,'porunicavez','XYZ-123','2021-01-01',0,'unidades','activo',NULL,'2022-04-11 22:00:22.246408'),(1808,'ambulatorio',66,'660141','CAROTENO BETA - sérico',1,894.08,0,'porunicavez','XYZ-123','2021-01-01',0,'unidades','activo',NULL,'2022-04-11 22:00:22.264816'),(1809,'ambulatorio',66,'660144','CEA - ANTÍGENO CARCINOEMBRIOGENICO',1,508.00,0,'porunicavez','XYZ-123','2021-01-01',0,'unidades','activo',NULL,'2022-04-11 22:00:22.282486'),(1810,'ambulatorio',66,'660148','CELULAS NEOPLASICAS - líquidos, exudados, trasudados',1,365.76,0,'porunicavez','XYZ-123','2021-01-01',0,'unidades','activo',NULL,'2022-04-11 22:00:22.300652'),(1811,'ambulatorio',66,'660150','CEREBROSIDOS  (Cromatográfico)',1,0.00,0,'porunicavez','XYZ-123','2021-01-01',0,'unidades','activo',NULL,'2022-04-11 22:00:22.319380'),(1812,'ambulatorio',66,'660151','CERULOPLASMINA',1,243.84,0,'porunicavez','XYZ-123','2021-01-01',0,'unidades','activo',NULL,'2022-04-11 22:00:22.336712'),(1813,'ambulatorio',66,'660152','CETOGENOESTEROIDES - urinarios',1,203.20,0,'porunicavez','XYZ-123','2021-01-01',0,'unidades','activo',NULL,'2022-04-11 22:00:22.355019'),(1814,'ambulatorio',66,'660154','CETONEMIA',1,60.96,0,'porunicavez','XYZ-123','2021-01-01',0,'unidades','activo',NULL,'2022-04-11 22:00:22.372747'),(1815,'ambulatorio',66,'660164','CITOLOGIA EXFOLIATIVA - VAGINAL HORMONAL (por cada muestra)',1,203.20,0,'porunicavez','XYZ-123','2021-01-01',0,'unidades','activo',NULL,'2022-04-11 22:00:22.390665'),(1816,'ambulatorio',66,'660167','CITRICO, ACIDO - líquido seminal (ESTUDIO DEL SEMEN)',1,406.40,0,'porunicavez','XYZ-123','2021-01-01',0,'unidades','activo',NULL,'2022-04-11 22:00:22.408037'),(1817,'ambulatorio',66,'660168','CLORO (Cl) - sérico',1,81.28,0,'porunicavez','XYZ-123','2021-01-01',0,'unidades','activo',NULL,'2022-04-11 22:00:22.425706'),(1818,'ambulatorio',66,'660169','COAGULACION, TIEMPO DE',1,40.64,0,'porunicavez','XYZ-123','2021-01-01',0,'unidades','activo',NULL,'2022-04-11 22:00:22.443104'),(1819,'ambulatorio',66,'660170','COAGULO, RETRACCION DEL',1,40.64,0,'porunicavez','XYZ-123','2021-01-01',0,'unidades','activo',NULL,'2022-04-11 22:00:22.459553'),(1820,'ambulatorio',66,'660171','COAGULOGRAMA',1,243.84,0,'porunicavez','XYZ-123','2021-01-01',0,'unidades','activo',NULL,'2022-04-11 22:00:22.476794'),(1821,'ambulatorio',66,'660172','COBRE (Cu) - sérico',1,812.80,0,'porunicavez','XYZ-123','2021-01-01',0,'unidades','activo',NULL,'2022-04-11 22:00:22.494202'),(1822,'ambulatorio',66,'660173','COCAINA  (Inmunocromatografía/Cromatográfico)',1,711.20,0,'porunicavez','XYZ-123','2021-01-01',0,'unidades','activo',NULL,'2022-04-11 22:00:22.511747'),(1823,'ambulatorio',66,'660174','COLESTEROL TOTAL',1,60.96,0,'porunicavez','XYZ-123','2021-01-01',0,'unidades','activo',NULL,'2022-04-11 22:00:22.530561'),(1824,'ambulatorio',66,'660176','COLONIAS, RECUENTO DE',1,81.28,0,'porunicavez','XYZ-123','2021-01-01',0,'unidades','activo',NULL,'2022-04-11 22:00:22.550187'),(1825,'ambulatorio',66,'660177','COMPATIBILIDAD  - sangre materna',1,243.84,0,'porunicavez','XYZ-123','2021-01-01',0,'unidades','activo',NULL,'2022-04-11 22:00:22.568810'),(1826,'ambulatorio',66,'660178','COMPATIBILIDAD MATRIMONIAL - sanguínea en cónyuges',1,203.20,0,'porunicavez','XYZ-123','2021-01-01',0,'unidades','activo',NULL,'2022-04-11 22:00:22.586781'),(1827,'ambulatorio',66,'660179','COMPLEMENTO, ACTIVIDAD TOTAL.- COMPLEMENTO 50% LISIS (CH- 50)',1,365.76,0,'porunicavez','XYZ-123','2021-01-01',0,'unidades','activo',NULL,'2022-04-11 22:00:22.605018'),(1828,'ambulatorio',66,'660180','COMPLEMENTO, VALORACION INMUNOQUIMICA',1,203.20,0,'porunicavez','XYZ-123','2021-01-01',0,'unidades','activo',NULL,'2022-04-11 22:00:22.623013'),(1829,'ambulatorio',66,'660181','CONCENTRACIÓN DE LIQUIDOS BIOLÓGICOS',1,1137.92,0,'porunicavez','XYZ-123','2021-01-01',0,'unidades','activo',NULL,'2022-04-11 22:00:22.640298'),(1830,'ambulatorio',66,'660183','COOMBS DIRECTA MONOESPECÍFICA, PRUEBA DE (c/u)',1,81.28,0,'porunicavez','XYZ-123','2021-01-01',0,'unidades','activo',NULL,'2022-04-11 22:00:22.657871'),(1831,'ambulatorio',66,'660184','COOMBS DIRECTA POLIESPECÍFICA , PRUEBA DE',1,81.28,0,'porunicavez','XYZ-123','2021-01-01',0,'unidades','activo',NULL,'2022-04-11 22:00:22.677693'),(1832,'ambulatorio',66,'660186','COOMBS INDIRECTA',1,487.68,0,'porunicavez','XYZ-123','2021-01-01',0,'unidades','activo',NULL,'2022-04-11 22:00:22.695507'),(1833,'ambulatorio',66,'660187','COPROCULTIVO - materia fecal',1,406.40,0,'porunicavez','XYZ-123','2021-01-01',0,'unidades','activo',NULL,'2022-04-11 22:00:22.712351'),(1834,'ambulatorio',66,'660188','COPROPORFIRINAS o PORFIRINAS - materia fecal',1,609.60,0,'porunicavez','XYZ-123','2021-01-01',0,'unidades','activo',NULL,'2022-04-11 22:00:22.729594'),(1835,'ambulatorio',66,'660189','CORTISOL',1,406.40,1,'mensual','415/2020','2021-09-10',0,'unidades','activo',NULL,'2022-04-11 22:00:56.761644'),(1836,'ambulatorio',66,'660190','CREATINQUINASA - CPK',1,121.92,0,'porunicavez','XYZ-123','2021-01-01',0,'unidades','activo',NULL,'2022-04-11 22:00:22.769955'),(1837,'ambulatorio',66,'660191','CREATINA  - en orina',1,81.28,0,'porunicavez','XYZ-123','2021-01-01',0,'unidades','activo',NULL,'2022-04-11 22:00:22.787419'),(1838,'ambulatorio',66,'660192','CREATININA  - en sangre',1,81.28,0,'porunicavez','XYZ-123','2021-01-01',0,'unidades','activo',NULL,'2022-04-11 22:00:22.806306'),(1839,'ambulatorio',66,'660193','CREATININA, CLEARENCE DE DEPURACION',1,203.20,0,'porunicavez','XYZ-123','2021-01-01',0,'unidades','activo',NULL,'2022-04-11 22:00:22.825065'),(1840,'ambulatorio',66,'660194','CRIOAGLUTININA',1,40.64,0,'porunicavez','XYZ-123','2021-01-01',0,'unidades','activo',NULL,'2022-04-11 22:00:22.843232'),(1841,'ambulatorio',66,'660195','CRIOGLOBULINAS',1,40.64,0,'porunicavez','XYZ-123','2021-01-01',0,'unidades','activo',NULL,'2022-04-11 22:00:22.861253'),(1842,'ambulatorio',66,'660241','CHAGAS  (AD)',1,121.92,0,'porunicavez','XYZ-123','2021-01-01',0,'unidades','activo',NULL,'2022-04-11 22:00:22.877924'),(1843,'ambulatorio',66,'660242','CHAGAS  (HAI)',1,121.92,0,'porunicavez','XYZ-123','2021-01-01',0,'unidades','activo',NULL,'2022-04-11 22:00:22.900723'),(1844,'ambulatorio',66,'660243','CHAGAS, Ac. Totales / IgG  (IFI / ELISA / QL)',1,325.12,0,'porunicavez','XYZ-123','2021-01-01',0,'unidades','activo',NULL,'2022-04-11 22:00:22.918720'),(1845,'ambulatorio',66,'660244','CHAGAS,  PARASITEMIA',1,243.84,0,'porunicavez','XYZ-123','2021-01-01',0,'unidades','activo',NULL,'2022-04-11 22:00:22.938912'),(1846,'ambulatorio',66,'660245','CHAGAS,  SEROLOGÍA - CONFIRMATORIO  (HAI y ELISA ó HAI e IFI)',1,447.04,0,'porunicavez','XYZ-123','2021-01-01',0,'unidades','activo',NULL,'2022-04-11 22:00:22.957707'),(1847,'ambulatorio',66,'660262','DEHIDROEPIANDROSTERONA, SULFATO - DHEA-S',1,447.04,0,'porunicavez','XYZ-123','2021-01-01',0,'unidades','activo',NULL,'2022-04-11 22:00:22.975911'),(1848,'ambulatorio',66,'660264','DESCARTABLE, MATERIAL COMPLEMENTARIO (DMC)',1,40.64,0,'porunicavez','XYZ-123','2021-01-01',0,'unidades','activo',NULL,'2022-04-11 22:00:22.994149'),(1849,'ambulatorio',66,'660268','DIGOXIN (DIGOXINA)',1,609.60,0,'porunicavez','XYZ-123','2021-01-01',0,'unidades','activo',NULL,'2022-04-11 22:00:23.012491'),(1850,'ambulatorio',66,'660269','DISACARIDASAS',1,0.00,0,'porunicavez','XYZ-123','2021-01-01',0,'unidades','activo',NULL,'2022-04-11 22:00:23.032040'),(1851,'ambulatorio',66,'660272','DOMICILIO EN RADIO URBANO - HASTA DOS (2) Kms',1,406.40,0,'porunicavez','XYZ-123','2021-01-01',0,'unidades','activo',NULL,'2022-04-11 22:00:23.050860'),(1852,'ambulatorio',66,'660273','DOMICILIO A MAS DE DOS (2) Kms. - ADICIONAL por c/Km',1,121.92,0,'porunicavez','XYZ-123','2021-01-01',0,'unidades','activo',NULL,'2022-04-11 22:00:23.072412'),(1853,'ambulatorio',66,'660293','EMBARAZO, REACCIÓN INMUNOLÓGICA PARA urinario',1,142.24,0,'porunicavez','XYZ-123','2021-01-01',0,'unidades','activo',NULL,'2022-04-11 22:00:23.093845'),(1854,'ambulatorio',66,'660295','EOSINÓFILOS, RECUENTO de (en moco nasal)',1,40.64,0,'porunicavez','XYZ-123','2021-01-01',0,'unidades','activo',NULL,'2022-04-11 22:00:23.115157'),(1855,'ambulatorio',66,'660297','ERITROSEDIMENTACION',1,40.64,0,'porunicavez','XYZ-123','2021-01-01',0,'unidades','activo',NULL,'2022-04-11 22:00:23.138822'),(1856,'ambulatorio',66,'660298','ESPERMOGRAMA BASICO (EIVE)',1,1137.92,0,'porunicavez','XYZ-123','2021-01-01',0,'unidades','activo',NULL,'2022-04-11 22:00:23.162333'),(1857,'ambulatorio',66,'660299','ESTRICNINA  - líquidos biológicos',1,0.00,0,'porunicavez','XYZ-123','2021-01-01',0,'unidades','activo',NULL,'2022-04-11 22:00:23.186764'),(1858,'ambulatorio',66,'660300','ESTRADIOL - E2 - sérico',1,406.40,0,'porunicavez','XYZ-123','2021-01-01',0,'unidades','activo',NULL,'2022-04-11 22:00:23.212215'),(1859,'ambulatorio',66,'660301','ESTRIOL - urinario',1,528.32,0,'porunicavez','XYZ-123','2021-01-01',0,'unidades','activo',NULL,'2022-04-11 22:00:23.237362'),(1860,'ambulatorio',66,'660302','ESTRIOL - sérico',1,528.32,0,'porunicavez','XYZ-123','2021-01-01',0,'unidades','activo',NULL,'2022-04-11 22:00:23.259330'),(1861,'ambulatorio',66,'660305','ESTRONA - sérica',1,609.60,0,'porunicavez','XYZ-123','2021-01-01',0,'unidades','activo',NULL,'2022-04-11 22:00:23.284975'),(1862,'ambulatorio',66,'660307','ETANOL, ALCOHOL ETÍLICO – urinario (ALCOLURIA)',1,406.40,0,'porunicavez','XYZ-123','2021-01-01',0,'unidades','activo',NULL,'2022-04-11 22:00:23.313204'),(1863,'ambulatorio',66,'660308','EUGLOBULINAS, TEST DE',1,121.92,0,'porunicavez','XYZ-123','2021-01-01',0,'unidades','activo',NULL,'2022-04-11 22:00:23.338598'),(1864,'ambulatorio',66,'660309','EXUDADO NASOFARINGEO, CULTIVO',1,203.20,0,'porunicavez','XYZ-123','2021-01-01',0,'unidades','activo',NULL,'2022-04-11 22:00:23.368153'),(1865,'ambulatorio',66,'660331','FACTOR DE COAGULACION V',1,487.68,0,'porunicavez','XYZ-123','2021-01-01',0,'unidades','activo',NULL,'2022-04-11 22:00:23.395532'),(1866,'ambulatorio',66,'660332','FACTOR DE COAGULACION VII',1,812.80,0,'porunicavez','XYZ-123','2021-01-01',0,'unidades','activo',NULL,'2022-04-11 22:00:23.419779'),(1867,'ambulatorio',66,'660333','FACTOR DE COAGULACION VIII',1,812.80,0,'porunicavez','XYZ-123','2021-01-01',0,'unidades','activo',NULL,'2022-04-11 22:00:23.446256'),(1868,'ambulatorio',66,'660334','FACTOR DE COAGULACION IX',1,812.80,0,'porunicavez','XYZ-123','2021-01-01',0,'unidades','activo',NULL,'2022-04-11 22:00:23.466896'),(1869,'ambulatorio',66,'660335','FACTOR DE COAGULACION X',1,487.68,0,'porunicavez','XYZ-123','2021-01-01',0,'unidades','activo',NULL,'2022-04-11 22:00:23.495755'),(1870,'ambulatorio',66,'660336','FACTOR DE MIGRACION LINFOCITARIA - MIF',1,0.00,0,'porunicavez','XYZ-123','2021-01-01',0,'unidades','activo',NULL,'2022-04-11 22:00:23.521260'),(1871,'ambulatorio',66,'660337','FENILALANINA CONFIRMATORIO HPLC',1,1219.20,0,'porunicavez','XYZ-123','2021-01-01',0,'unidades','activo',NULL,'2022-04-11 22:00:23.549062'),(1872,'ambulatorio',66,'660338','FENILALANINA, NEONATAL (PKU)',1,284.48,0,'porunicavez','XYZ-123','2021-01-01',0,'unidades','activo',NULL,'2022-04-11 22:00:23.582479'),(1873,'ambulatorio',66,'660340','FENILPIRUVICO, ACIDO - urinario (cualitativo)',1,406.40,0,'porunicavez','XYZ-123','2021-01-01',0,'unidades','activo',NULL,'2022-04-11 22:00:23.609290'),(1874,'ambulatorio',66,'660342','FENOTIAZINAS',1,609.60,0,'porunicavez','XYZ-123','2021-01-01',0,'unidades','activo',NULL,'2022-04-11 22:00:23.634221'),(1875,'ambulatorio',66,'660343','FERREMIA (Fe)',1,81.28,0,'porunicavez','XYZ-123','2021-01-01',0,'unidades','activo',NULL,'2022-04-11 22:00:23.662590'),(1876,'ambulatorio',66,'660344','FIBRINOGENO, PRODUCTOS DE DEGRADACION - PDF - plasmático',1,1219.20,0,'porunicavez','XYZ-123','2021-01-01',0,'unidades','activo',NULL,'2022-04-11 22:00:23.685634'),(1877,'ambulatorio',66,'660345','FIBRINOGENO - sangre',1,162.56,0,'porunicavez','XYZ-123','2021-01-01',0,'unidades','activo',NULL,'2022-04-11 22:00:23.717570'),(1878,'ambulatorio',66,'660349','FISICO QUIMICO - Examen,  Líq. Exudados, Trasudados',1,406.40,0,'porunicavez','XYZ-123','2021-01-01',0,'unidades','activo',NULL,'2022-04-11 22:00:23.744506'),(1879,'ambulatorio',66,'660350','FLUOREMIA (F)',1,406.40,0,'porunicavez','XYZ-123','2021-01-01',0,'unidades','activo',NULL,'2022-04-11 22:00:23.775259'),(1880,'ambulatorio',66,'660351','FLUORURIA',1,406.40,0,'porunicavez','XYZ-123','2021-01-01',0,'unidades','activo',NULL,'2022-04-11 22:00:23.806602'),(1881,'ambulatorio',66,'660352','FOLICO, ACIDO',1,447.04,0,'porunicavez','XYZ-123','2021-01-01',0,'unidades','activo',NULL,'2022-04-11 22:00:23.826640'),(1882,'ambulatorio',66,'660353','FONDO OSCURO',1,162.56,0,'porunicavez','XYZ-123','2021-01-01',0,'unidades','activo',NULL,'2022-04-11 22:00:23.845548'),(1883,'ambulatorio',66,'660354','FORMULA LEUCOCITARIA',1,60.96,0,'porunicavez','XYZ-123','2021-01-01',0,'unidades','activo',NULL,'2022-04-11 22:00:23.864417'),(1884,'ambulatorio',66,'660355','FOSFATASA ACIDA PROSTATICA (EFM)',1,203.20,0,'porunicavez','XYZ-123','2021-01-01',0,'unidades','activo',NULL,'2022-04-11 22:00:23.883845'),(1885,'ambulatorio',66,'660356','FOSFATASA ACIDA TOTAL  (EFM)',1,121.92,0,'porunicavez','XYZ-123','2021-01-01',0,'unidades','activo',NULL,'2022-04-11 22:00:23.902439'),(1886,'ambulatorio',66,'660357','FOSFATASA ALCALINA (FAL)',1,60.96,0,'porunicavez','XYZ-123','2021-01-01',0,'unidades','activo',NULL,'2022-04-11 22:00:23.920788'),(1887,'ambulatorio',66,'660360','FOSFATASA ALCALINA TERMOESTABLE',1,609.60,0,'porunicavez','XYZ-123','2021-01-01',0,'unidades','activo',NULL,'2022-04-11 22:00:23.938354'),(1888,'ambulatorio',66,'660361','FOSFATASA ALCALINA - ISOENZIMAS',1,609.60,0,'porunicavez','XYZ-123','2021-01-01',0,'unidades','activo',NULL,'2022-04-11 22:00:23.955395'),(1889,'ambulatorio',66,'660362','FOSFATEMIA (P)',1,60.96,0,'porunicavez','XYZ-123','2021-01-01',0,'unidades','activo',NULL,'2022-04-11 22:00:23.973802'),(1890,'ambulatorio',66,'660363','FOSFATURIA (P)',1,60.96,0,'porunicavez','XYZ-123','2021-01-01',0,'unidades','activo',NULL,'2022-04-11 22:00:23.992436'),(1891,'ambulatorio',66,'660366','FOSFORO CLEARENCE DEPURACION',1,121.92,0,'porunicavez','XYZ-123','2021-01-01',0,'unidades','activo',NULL,'2022-04-11 22:00:24.012907'),(1892,'ambulatorio',66,'660370','FSH - HORMONA FOLÍCULO ESTIMULANTE',1,406.40,0,'porunicavez','XYZ-123','2021-01-01',0,'unidades','activo',NULL,'2022-04-11 22:00:24.032207'),(1893,'ambulatorio',66,'660371','FTA/ ABS (IFI - ELISA) SIFILIS y TPHA',1,325.12,0,'porunicavez','XYZ-123','2021-01-01',0,'unidades','activo',NULL,'2022-04-11 22:00:24.050409'),(1894,'ambulatorio',66,'660373','FUNCIONAL, EXAMEN DE MATERIA FECAL – básico',1,1219.20,0,'porunicavez','XYZ-123','2021-01-01',0,'unidades','activo',NULL,'2022-04-11 22:00:24.067801'),(1895,'ambulatorio',66,'660402','GALACTOSEMIA',1,325.12,0,'porunicavez','XYZ-123','2021-01-01',0,'unidades','activo',NULL,'2022-04-11 22:00:24.084361'),(1896,'ambulatorio',66,'660404','GASES EN SANGRE , PCO2 y PO2',1,406.40,0,'porunicavez','XYZ-123','2021-01-01',0,'unidades','activo',NULL,'2022-04-11 22:00:24.106423'),(1897,'ambulatorio',66,'660405','GASTRINA, sérica',1,609.60,0,'porunicavez','XYZ-123','2021-01-01',0,'unidades','activo',NULL,'2022-04-11 22:00:24.134629'),(1898,'ambulatorio',66,'660408','GLOBULOS BLANCOS,  RECUENTO y FORMULA - materia fecal',1,121.92,0,'porunicavez','XYZ-123','2021-01-01',0,'unidades','activo',NULL,'2022-04-11 22:00:24.157688'),(1899,'ambulatorio',66,'660409','GLOBULOS BLANCOS,  RECUENTO DE',1,40.64,0,'porunicavez','XYZ-123','2021-01-01',0,'unidades','activo',NULL,'2022-04-11 22:00:24.182932'),(1900,'ambulatorio',66,'660410','GLOBULOS ROJOS,  RECUENTO DE',1,40.64,0,'porunicavez','XYZ-123','2021-01-01',0,'unidades','activo',NULL,'2022-04-11 22:00:24.203704'),(1901,'ambulatorio',66,'660411','GLUCAGON',1,0.00,0,'porunicavez','XYZ-123','2021-01-01',0,'unidades','activo',NULL,'2022-04-11 22:00:24.226144'),(1902,'ambulatorio',66,'660412','GLUCEMIA (C/U)',1,60.96,0,'porunicavez','XYZ-123','2021-01-01',0,'unidades','activo',NULL,'2022-04-11 22:00:24.252629'),(1903,'ambulatorio',66,'660413','GLUCEMIA,  PRUEBA de SOBRECARGA (x 2 - dos determinaciones)',1,182.88,0,'porunicavez','XYZ-123','2021-01-01',0,'unidades','activo',NULL,'2022-04-11 22:00:24.280203'),(1904,'ambulatorio',66,'660416','GLUCOPROTEINOGRAMA',1,0.00,0,'porunicavez','XYZ-123','2021-01-01',0,'unidades','activo',NULL,'2022-04-11 22:00:24.305775'),(1905,'ambulatorio',66,'660417','GLUCOSA en orina (C/U)',1,60.96,0,'porunicavez','XYZ-123','2021-01-01',0,'unidades','activo',NULL,'2022-04-11 22:00:24.328676'),(1906,'ambulatorio',66,'660418','GLUCOSA 6-FOSFATO ISOMERASA',1,528.32,0,'porunicavez','XYZ-123','2021-01-01',0,'unidades','activo',NULL,'2022-04-11 22:00:24.351410'),(1907,'ambulatorio',66,'660420','GLUTAMIL TRANSPEPTIDASA',1,101.60,0,'porunicavez','XYZ-123','2021-01-01',0,'unidades','activo',NULL,'2022-04-11 22:00:24.369933'),(1908,'ambulatorio',66,'660430','GRAHAM, TEST DE',1,121.92,0,'porunicavez','XYZ-123','2021-01-01',0,'unidades','activo',NULL,'2022-04-11 22:00:24.387780'),(1909,'ambulatorio',66,'660432','GRASAS, CUANTITATIVO (Van de Kamer)  - materia fecal',1,609.60,0,'porunicavez','XYZ-123','2021-01-01',0,'unidades','activo',NULL,'2022-04-11 22:00:24.404960'),(1910,'ambulatorio',66,'660433','GRUPO SANGUÍNEO y FACTOR Rho - Du / Dµ',1,203.20,0,'porunicavez','XYZ-123','2021-01-01',0,'unidades','activo',NULL,'2022-04-11 22:00:24.422961'),(1911,'ambulatorio',66,'660463','HAPTOGLOBINA',1,365.76,0,'porunicavez','XYZ-123','2021-01-01',0,'unidades','activo',NULL,'2022-04-11 22:00:24.443080'),(1912,'ambulatorio',66,'660464','HEINZ, CUERPOS DE (tinción)',1,121.92,0,'porunicavez','XYZ-123','2021-01-01',0,'unidades','activo',NULL,'2022-04-11 22:00:24.461549'),(1913,'ambulatorio',66,'660465','HEMATIES, RESISTENCIA GLOBULAR OSMOTICA (CURVA DE FRAGILIDAD OSMOTICA DE ERITROCITOS)',1,406.40,0,'porunicavez','XYZ-123','2021-01-01',0,'unidades','activo',NULL,'2022-04-11 22:00:24.482408'),(1914,'ambulatorio',66,'660466','HEMATOCRITO',1,40.64,0,'porunicavez','XYZ-123','2021-01-01',0,'unidades','activo',NULL,'2022-04-11 22:00:24.501256'),(1915,'ambulatorio',66,'660468','HEMOCULTIVO AEROBIOS  (c/u)',1,406.40,0,'porunicavez','XYZ-123','2021-01-01',0,'unidades','activo',NULL,'2022-04-11 22:00:24.518894'),(1916,'ambulatorio',66,'660470','HEMOGLOBINA, DOSAJE DE (Hb)',1,40.64,0,'porunicavez','XYZ-123','2021-01-01',0,'unidades','activo',NULL,'2022-04-11 22:00:24.535623'),(1917,'ambulatorio',66,'660471','HEMOGLOBINA, ELECTROFORESIS',1,447.04,0,'porunicavez','XYZ-123','2021-01-01',0,'unidades','activo',NULL,'2022-04-11 22:00:25.149950'),(1918,'ambulatorio',66,'660472','HEMOGLOBINA - plasmática',1,162.56,0,'porunicavez','XYZ-123','2021-01-01',0,'unidades','activo',NULL,'2022-04-11 22:00:25.168758'),(1919,'ambulatorio',66,'660475','HEMOGRAMA',1,121.92,0,'porunicavez','XYZ-123','2021-01-01',0,'unidades','activo',NULL,'2022-04-11 22:00:25.188523'),(1920,'ambulatorio',66,'660479','HEMOSIDERINA – urinaria',1,365.76,0,'porunicavez','XYZ-123','2021-01-01',0,'unidades','activo',NULL,'2022-04-11 22:00:25.204562'),(1921,'ambulatorio',66,'660480','HEPARINA, RESISTENCIA A LA  (In Vitro)',1,609.60,0,'porunicavez','XYZ-123','2021-01-01',0,'unidades','activo',NULL,'2022-04-11 22:00:25.221970'),(1922,'ambulatorio',66,'660481','HEPATOGRAMA',1,243.84,0,'porunicavez','XYZ-123','2021-01-01',0,'unidades','activo',NULL,'2022-04-11 22:00:25.240626'),(1923,'ambulatorio',66,'660483','HIDATIDOSIS (HAI)',1,162.56,0,'porunicavez','XYZ-123','2021-01-01',0,'unidades','activo',NULL,'2022-04-11 22:00:25.258836'),(1924,'ambulatorio',66,'660484','HIDATIDOSIS, Ac. IgG ó Totales Anti- (IFI)',1,406.40,0,'porunicavez','XYZ-123','2021-01-01',0,'unidades','activo',NULL,'2022-04-11 22:00:25.275986'),(1925,'ambulatorio',66,'660487','HIDROXINDOLACETICO, ACIDO',1,406.40,0,'porunicavez','XYZ-123','2021-01-01',0,'unidades','activo',NULL,'2022-04-11 22:00:25.294785'),(1926,'ambulatorio',66,'660488','HIDROXIPROLINA - urinaria',1,487.68,0,'porunicavez','XYZ-123','2021-01-01',0,'unidades','activo',NULL,'2022-04-11 22:00:25.320176'),(1927,'ambulatorio',66,'660489','HIPERHEPARINEMIA',1,0.00,0,'porunicavez','XYZ-123','2021-01-01',0,'unidades','activo',NULL,'2022-04-11 22:00:25.343785'),(1928,'ambulatorio',66,'660494','HUDDLESSON, REACCION DE  (Rosa de Bengala - Brucelosis)',1,81.28,0,'porunicavez','XYZ-123','2021-01-01',0,'unidades','activo',NULL,'2022-04-11 22:00:25.364460'),(1929,'ambulatorio',66,'660531','MYCOBACTERIUM, IDENTIFICACION',1,406.40,0,'porunicavez','XYZ-123','2021-01-01',0,'unidades','activo',NULL,'2022-04-11 22:00:25.383751'),(1930,'ambulatorio',66,'660532','IDENTIFICACION SEROLÓGICA DE GERMENES',1,243.84,0,'porunicavez','XYZ-123','2021-01-01',0,'unidades','activo',NULL,'2022-04-11 22:00:25.404475'),(1931,'ambulatorio',66,'660535','INMUNOELECTROFORESIS',1,406.40,0,'porunicavez','XYZ-123','2021-01-01',0,'unidades','activo',NULL,'2022-04-11 22:00:25.423742'),(1932,'ambulatorio',66,'660536','INMUNOELECTROFORESIS LIQUIDOS BIOLOGICOS.',1,812.80,0,'porunicavez','XYZ-123','2021-01-01',0,'unidades','activo',NULL,'2022-04-11 22:00:25.443140'),(1933,'ambulatorio',66,'660537','INMUNOGLOBULINA A (Ig.A)',1,203.20,0,'porunicavez','XYZ-123','2021-01-01',0,'unidades','activo',NULL,'2022-04-11 22:00:25.461973'),(1934,'ambulatorio',66,'660538','INMUNOGLOBULINA D (Ig.D)',1,609.60,0,'porunicavez','XYZ-123','2021-01-01',0,'unidades','activo',NULL,'2022-04-11 22:00:25.522340'),(1935,'ambulatorio',66,'660539','INMUNOGLOBULINA E (Ig.E)',1,406.40,0,'porunicavez','XYZ-123','2021-01-01',0,'unidades','activo',NULL,'2022-04-11 22:00:25.544840'),(1936,'ambulatorio',66,'660540','INMUNOGLOBULINA G (Ig.G)',1,203.20,0,'porunicavez','XYZ-123','2021-01-01',0,'unidades','activo',NULL,'2022-04-11 22:00:25.565530'),(1937,'ambulatorio',66,'660541','INMUNOGLOBULINA M (Ig.M)',1,203.20,0,'porunicavez','XYZ-123','2021-01-01',0,'unidades','activo',NULL,'2022-04-11 22:00:25.585923'),(1938,'ambulatorio',66,'660543','INSULINA',1,447.04,0,'porunicavez','XYZ-123','2021-01-01',0,'unidades','activo',NULL,'2022-04-11 22:00:25.607388'),(1939,'ambulatorio',66,'660546','IONOGRAMA - sérico',1,142.24,0,'porunicavez','XYZ-123','2021-01-01',0,'unidades','activo',NULL,'2022-04-11 22:00:25.630240'),(1940,'ambulatorio',66,'660547','IONOGRAMA - urinario',1,142.24,0,'porunicavez','XYZ-123','2021-01-01',0,'unidades','activo',NULL,'2022-04-11 22:00:25.651837'),(1941,'ambulatorio',66,'660548','ISOCITRICO DEHIDROGENASA',1,0.00,0,'anual','415-2020','2021-01-01',0,'unidades','activo',NULL,'2022-04-11 22:00:25.671435'),(1942,'ambulatorio',66,'660591','LACTAMINICO, ACIDO',1,0.00,0,'porunicavez','XYZ-123','2021-01-01',0,'unidades','activo',NULL,'2022-04-11 22:00:25.692042'),(1943,'ambulatorio',66,'660592','LACTICO,  ACIDO ENZIMATICO',1,406.40,0,'porunicavez','XYZ-123','2021-01-01',0,'unidades','activo',NULL,'2022-04-11 22:00:25.711688'),(1944,'ambulatorio',66,'660593','LACTICO, ACIDO - materia fecal',1,406.40,0,'porunicavez','XYZ-123','2021-01-01',0,'unidades','activo',NULL,'2022-04-11 22:00:25.731065'),(1945,'ambulatorio',66,'660594','LACTICO DEHIDROGENASA - LDH',1,121.92,0,'porunicavez','XYZ-123','2021-01-01',0,'unidades','activo',NULL,'2022-04-11 22:00:25.750407'),(1946,'ambulatorio',66,'660596','LACTICO DEHIDROGENASA ISOENZIMAS - LDH Isoenzimas',1,243.84,0,'porunicavez','XYZ-123','2021-01-01',0,'unidades','activo',NULL,'2022-04-11 22:00:25.771413'),(1947,'ambulatorio',66,'660597','LACTOGENO PLACENTARIO / SOMATOMAMOTROFINA',1,812.80,0,'porunicavez','XYZ-123','2021-01-01',0,'unidades','activo',NULL,'2022-04-11 22:00:25.792448'),(1948,'ambulatorio',66,'660598','FACTOR REUMATOIDEO - ARTRITIS REUMATOIDE',1,203.20,0,'porunicavez','XYZ-123','2021-01-01',0,'unidades','activo',NULL,'2022-04-11 22:00:25.813691'),(1949,'ambulatorio',66,'660599','LATEX TEST DE, PARA ARTRITIS REUMATOIDE (SEMI CUANTITATIVO)',1,243.84,0,'porunicavez','XYZ-123','2021-01-01',0,'unidades','activo',NULL,'2022-04-11 22:00:25.830616'),(1950,'ambulatorio',66,'660600','LEPTOSPIRAS, INVESTIGACIÓN DE (FONDO OSCUROS O COLORACIONES) - URINARIA',1,487.68,0,'porunicavez','XYZ-123','2021-01-01',0,'unidades','activo',NULL,'2022-04-11 22:00:25.852562'),(1951,'ambulatorio',66,'660602','TRICHINOSIS,  INVESTIGACIÓN DE',1,1219.20,0,'porunicavez','XYZ-123','2021-01-01',0,'unidades','activo',NULL,'2022-04-11 22:00:25.872585'),(1952,'ambulatorio',66,'660603','LAZO,  PRUEBA DEL',1,40.64,0,'porunicavez','XYZ-123','2021-01-01',0,'unidades','activo',NULL,'2022-04-11 22:00:25.894613'),(1953,'ambulatorio',66,'660606','LEUCINAMINOPEPTIDASA (LAP)',1,406.40,0,'porunicavez','XYZ-123','2021-01-01',0,'unidades','activo',NULL,'2022-04-11 22:00:25.915171'),(1954,'ambulatorio',66,'660610','LEVULINICO, ACIDO DELTA-AMINO',1,406.40,0,'porunicavez','XYZ-123','2021-01-01',0,'unidades','activo',NULL,'2022-04-11 22:00:25.934204'),(1955,'ambulatorio',66,'660611','LEVULINICO, DELTA DEHIDRATASA',1,406.40,0,'porunicavez','XYZ-123','2021-01-01',0,'unidades','activo',NULL,'2022-04-11 22:00:25.955123'),(1956,'ambulatorio',66,'660612','LH - HORMONA LUTEINIZANTE',1,406.40,0,'porunicavez','XYZ-123','2021-01-01',0,'unidades','activo',NULL,'2022-04-11 22:00:25.973050'),(1957,'ambulatorio',66,'660613','LIPASA,  sérica',1,203.20,0,'porunicavez','XYZ-123','2021-01-01',0,'unidades','activo',NULL,'2022-04-11 22:00:25.989679'),(1958,'ambulatorio',66,'660615','LIPIDOGRAMA (Electroforético)',1,284.48,0,'porunicavez','XYZ-123','2021-01-01',0,'unidades','activo',NULL,'2022-04-11 22:00:26.006520'),(1959,'ambulatorio',66,'660619','LIQUIDO CEFALORRAQUIDEO, Fco-Qco - Citológico',1,609.60,0,'porunicavez','XYZ-123','2021-01-01',0,'unidades','activo',NULL,'2022-04-11 22:00:26.023199'),(1960,'ambulatorio',66,'660620','LIQUIDO DE PUNCION, Exámen Fco-Qco  - Citológico',1,609.60,0,'porunicavez','XYZ-123','2021-01-01',0,'unidades','activo',NULL,'2022-04-11 22:00:26.041063'),(1961,'ambulatorio',66,'660622','LISTERIAS  (IFI - ELISA)',1,365.76,0,'porunicavez','XYZ-123','2021-01-01',0,'unidades','activo',NULL,'2022-04-11 22:00:26.058921'),(1962,'ambulatorio',66,'660623','LITIO,  (ISE - Ión selectivo - Fotometría de llama o fotometría de emisión)',1,243.84,0,'porunicavez','XYZ-123','2021-01-01',0,'unidades','activo',NULL,'2022-04-11 22:00:26.076253'),(1963,'ambulatorio',66,'660624','LITIO,  (por Absorción Atómica - A.A.)',1,812.80,0,'porunicavez','XYZ-123','2021-01-01',0,'unidades','activo',NULL,'2022-04-11 22:00:26.095858'),(1964,'ambulatorio',66,'660653','MAGNESIO - sérico',1,101.60,0,'porunicavez','XYZ-123','2021-01-01',0,'unidades','activo',NULL,'2022-04-11 22:00:26.113667'),(1965,'ambulatorio',66,'660654','MAGNESIO - urinario',1,101.60,0,'porunicavez','XYZ-123','2021-01-01',0,'unidades','activo',NULL,'2022-04-11 22:00:26.131802'),(1966,'ambulatorio',66,'660656','MANTOUX, INTRADERMO-REACCION DE  (PPD)',1,812.80,0,'porunicavez','XYZ-123','2021-01-01',0,'unidades','activo',NULL,'2022-04-11 22:00:26.149342'),(1967,'ambulatorio',66,'660657','MEDULOGRAMA',1,365.76,0,'porunicavez','XYZ-123','2021-01-01',0,'unidades','activo',NULL,'2022-04-11 22:00:26.165891'),(1968,'ambulatorio',66,'660660','MERCURIO  - sérico y/o urinario',1,609.60,0,'porunicavez','415','2021-01-01',1,'unidades','activo',NULL,'2022-04-11 22:00:26.183550'),(1969,'ambulatorio',66,'660662','METANEFRINAS FRACCIONADAS URINARIAS',1,1016.00,0,'porunicavez','XYZ-123','2021-01-01',0,'unidades','activo',NULL,'2022-04-11 22:00:26.201412'),(1970,'ambulatorio',66,'660663','METANOL  -  urinario',1,609.60,0,'porunicavez','XYZ-123','2021-01-01',0,'unidades','activo',NULL,'2022-04-11 22:00:26.217786'),(1971,'ambulatorio',66,'660664','MICOLOGIA (Directo - Coloración)',1,162.56,0,'porunicavez','XYZ-123','2021-01-01',0,'unidades','activo',NULL,'2022-04-11 22:00:26.235601'),(1972,'ambulatorio',66,'660665','MICOLOGIA (Cultivo e Identificación)',1,406.40,0,'porunicavez','XYZ-123','2021-01-01',0,'unidades','activo',NULL,'2022-04-11 22:00:26.253300'),(1973,'ambulatorio',66,'660667','MOCO CERVICAL, CRISTALIZACION',1,81.28,0,'porunicavez','XYZ-123','2021-01-01',0,'unidades','activo',NULL,'2022-04-11 22:00:26.273171'),(1974,'ambulatorio',66,'660668','MOCO NASAL, PH - CITOLOGICO',1,81.28,0,'porunicavez','XYZ-123','2021-01-01',0,'unidades','activo',NULL,'2022-04-11 22:00:26.292189'),(1975,'ambulatorio',66,'660669','MONONUCLEOSIS (Aglutinación - Test de Látex o Monotest)',1,121.92,0,'porunicavez','XYZ-123','2021-01-01',0,'unidades','activo',NULL,'2022-04-11 22:00:26.310952'),(1976,'ambulatorio',66,'660670','MONONUCLEOSIS HEMOAGLUTINACION (Paul Bunnell)',1,121.92,0,'porunicavez','XYZ-123','2021-01-01',0,'unidades','activo',NULL,'2022-04-11 22:00:26.329216'),(1977,'ambulatorio',66,'660671','MONONUCLEOSIS',1,121.92,0,'porunicavez','XYZ-123','2021-01-01',0,'unidades','activo',NULL,'2022-04-11 22:00:26.347234'),(1978,'ambulatorio',66,'660672','MONOXIDO de CARBONO',1,203.20,0,'porunicavez','XYZ-123','2021-01-01',0,'unidades','activo',NULL,'2022-04-11 22:00:26.365617'),(1979,'ambulatorio',66,'660673','MORFINA OPIACEOS, DERIVADOS - líquidos biológicos',1,487.68,0,'porunicavez','XYZ-123','2021-01-01',0,'unidades','activo',NULL,'2022-04-11 22:00:26.384475'),(1980,'ambulatorio',66,'660684','MULTIRRESISTENCIA, VIGILANCIA DE BACTERIAS RESISTENTES',1,1056.64,0,'porunicavez','XYZ-123','2021-01-01',0,'unidades','activo',NULL,'2022-04-11 22:00:26.403367'),(1981,'ambulatorio',66,'660695','NORADRENALINA, sérica – CATECOLAMINA',1,1016.00,0,'porunicavez','XYZ-123','2021-01-01',0,'unidades','activo',NULL,'2022-04-11 22:00:26.419462'),(1982,'ambulatorio',66,'660696','NORADRENALINA, urinaria  - CATECOLAMINA',1,1016.00,0,'porunicavez','XYZ-123','2021-01-01',0,'unidades','activo',NULL,'2022-04-11 22:00:26.442512'),(1983,'ambulatorio',66,'660702','NUCLEOTIDASA - 5\' N',1,162.56,0,'porunicavez','XYZ-123','2021-01-01',0,'unidades','activo',NULL,'2022-04-11 22:00:26.464536'),(1984,'ambulatorio',66,'660711','ORINA COMPLETA',1,121.92,0,'porunicavez','XYZ-123','2021-01-01',0,'unidades','activo',NULL,'2022-04-11 22:00:26.487396'),(1985,'ambulatorio',66,'660714','OSMOLARIDAD - CLEARENCE - sangre y/o urinario',1,203.20,0,'porunicavez','415','2021-01-01',1,'unidades','activo',NULL,'2022-04-11 22:00:26.505096'),(1986,'ambulatorio',66,'660716','OXIGENO, PO2 - sangre arterial',1,0.00,0,'porunicavez','XYZ-123','2021-01-01',0,'unidades','activo',NULL,'2022-04-11 22:00:26.529073'),(1987,'ambulatorio',66,'660732','PAPANICOLAOU  ENDOCERVICAL',1,365.76,0,'porunicavez','XYZ-123','2021-01-01',0,'unidades','activo',NULL,'2022-04-11 22:00:26.547554'),(1988,'ambulatorio',66,'660734','PAPANICOLAOU  EXOCERVICAL',1,365.76,0,'porunicavez','XYZ-123','2021-01-01',0,'unidades','activo',NULL,'2022-04-11 22:00:26.566171'),(1989,'ambulatorio',66,'660736','PARASITOLOGICO en MATERIA FECAL',1,162.56,0,'porunicavez','XYZ-123','2021-01-01',0,'unidades','activo',NULL,'2022-04-11 22:00:26.585449'),(1990,'ambulatorio',66,'660737','PARASITOS HEMATICOS',1,243.84,0,'porunicavez','XYZ-123','2021-01-01',0,'unidades','activo',NULL,'2022-04-11 22:00:26.609892'),(1991,'ambulatorio',66,'660738','PARASITOS SUPERIORES',1,162.56,0,'porunicavez','XYZ-123','2021-01-01',0,'unidades','activo',NULL,'2022-04-11 22:00:26.633901'),(1992,'ambulatorio',66,'660739','PARATHORMONA - PTH',1,548.64,0,'porunicavez','XYZ-123','2021-01-01',0,'unidades','activo',NULL,'2022-04-11 22:00:26.662142'),(1993,'ambulatorio',66,'660740','PEROXIDASAS, TINCION',1,203.20,0,'porunicavez','XYZ-123','2021-01-01',0,'unidades','activo',NULL,'2022-04-11 22:00:26.689137'),(1994,'ambulatorio',66,'660741','PH - líquidos biológicos',1,81.28,0,'porunicavez','XYZ-123','2021-01-01',0,'unidades','activo',NULL,'2022-04-11 22:00:26.713041'),(1995,'ambulatorio',66,'660742','PH - sanguineo (Titulación)',1,0.00,0,'porunicavez','XYZ-123','2021-01-01',0,'unidades','activo',NULL,'2022-04-11 22:00:26.730649'),(1996,'ambulatorio',66,'660743','PIRUVATO- QUINASA',1,0.00,0,'porunicavez','XYZ-123','2021-01-01',0,'unidades','activo',NULL,'2022-04-11 22:00:26.757486'),(1997,'ambulatorio',66,'660744','PIRUVICO, ACIDO ENZIMATICO',1,0.00,0,'porunicavez','XYZ-123','2021-01-01',0,'unidades','activo',NULL,'2022-04-11 22:00:26.786434'),(1998,'ambulatorio',66,'660745','PLAQUETARIOS, FACTORES',1,406.40,0,'porunicavez','XYZ-123','2021-01-01',0,'unidades','activo',NULL,'2022-04-11 22:00:26.810792'),(1999,'ambulatorio',66,'660746','PLAQUETAS, RECUENTO DE',1,40.64,0,'porunicavez','XYZ-123','2021-01-01',0,'unidades','activo',NULL,'2022-04-11 22:00:26.836508'),(2000,'ambulatorio',66,'660747','PLASMA RECALCIFICADO, TIEMPO DE',1,40.64,0,'porunicavez','XYZ-123','2021-01-01',0,'unidades','activo',NULL,'2022-04-11 22:00:26.864093'),(2001,'ambulatorio',66,'660748','PLASMINOGENO (IDR)',1,203.20,0,'porunicavez','XYZ-123','2021-01-01',0,'unidades','activo',NULL,'2022-04-11 22:00:26.885082'),(2002,'ambulatorio',66,'660749','PLOMO - sérico y/o urinario',1,812.80,0,'porunicavez','415','2021-01-01',1,'unidades','activo',NULL,'2022-04-11 22:00:26.906225'),(2003,'ambulatorio',66,'660751','PORFIRINAS o UROPORFIRINAS - urinarias',1,609.60,0,'porunicavez','XYZ-123','2021-01-01',0,'unidades','activo',NULL,'2022-04-11 22:00:26.930907'),(2004,'ambulatorio',66,'660752','PORFOBILINOGENO (cualitativo) – urinario',1,487.68,0,'porunicavez','XYZ-123','2021-01-01',0,'unidades','activo',NULL,'2022-04-11 22:00:26.952302'),(2005,'ambulatorio',66,'660753','POTASEMIA',1,0.00,0,'porunicavez','XYZ-123','2021-01-01',0,'unidades','activo',NULL,'2022-04-11 22:00:26.977602'),(2006,'ambulatorio',66,'660754','POTASURIA',1,0.00,0,'porunicavez','XYZ-123','2021-01-01',0,'unidades','activo',NULL,'2022-04-11 22:00:27.001286'),(2007,'ambulatorio',66,'660758','PROGESTERONA - Pg.',1,447.04,0,'porunicavez','XYZ-123','2021-01-01',0,'unidades','activo',NULL,'2022-04-11 22:00:27.023965'),(2008,'ambulatorio',66,'660759','PROLACTINA (Prl)',1,406.40,0,'porunicavez','XYZ-123','2021-01-01',0,'unidades','activo',NULL,'2022-04-11 22:00:27.047460'),(2009,'ambulatorio',66,'660761','PROTEINA C REACTIVA – PCR',1,203.20,0,'porunicavez','XYZ-123','2021-01-01',0,'unidades','activo',NULL,'2022-04-11 22:00:27.068892'),(2010,'ambulatorio',66,'660763','PROTEINA TOTALES',1,60.96,0,'porunicavez','XYZ-123','2021-01-01',0,'unidades','activo',NULL,'2022-04-11 22:00:27.095318'),(2011,'ambulatorio',66,'660764','PROTEINOGRAMA ELECTROFORÉTICO, en suero',1,203.20,0,'porunicavez','XYZ-123','2021-01-01',0,'unidades','activo',NULL,'2022-04-11 22:00:27.119917'),(2012,'ambulatorio',66,'660765','PROTEINOGRAMA ELECTROFORÉTICO – LCR',1,1341.12,0,'porunicavez','XYZ-123','2021-01-01',0,'unidades','activo',NULL,'2022-04-11 22:00:27.140615'),(2013,'ambulatorio',66,'660766','PROTEINOGRAMAS - líquidos biológicos',1,203.20,0,'porunicavez','XYZ-123','2021-01-01',0,'unidades','activo',NULL,'2022-04-11 22:00:27.161355'),(2014,'ambulatorio',66,'660767','PROTEINURIA',1,60.96,0,'porunicavez','XYZ-123','2021-01-01',0,'unidades','activo',NULL,'2022-04-11 22:00:27.185861'),(2015,'ambulatorio',66,'660768','PROTOPORFIRINAS - eritrocitaria ',1,121.92,0,'porunicavez','XYZ-123','2021-01-01',0,'unidades','activo',NULL,'2022-04-11 22:00:27.208519'),(2016,'ambulatorio',66,'660769','PROTROMBINA, CONSUMO DE',1,81.28,0,'porunicavez','XYZ-123','2021-01-01',0,'unidades','activo',NULL,'2022-04-11 22:00:27.230699'),(2017,'ambulatorio',66,'660770','PROTROMBINA, RIN',1,121.92,0,'porunicavez','XYZ-123','2021-01-01',0,'unidades','activo',NULL,'2022-04-11 22:00:27.256743'),(2018,'ambulatorio',66,'660771','PROTROMBINA, TIEMPO DE (TP)',1,81.28,0,'porunicavez','XYZ-123','2021-01-01',0,'unidades','activo',NULL,'2022-04-11 22:00:27.277062'),(2019,'ambulatorio',66,'660772','PSEUDOCOLINESTERASA (CHE) o BUTIRILCOLINESTERASA',1,162.56,0,'porunicavez','XYZ-123','2021-01-01',0,'unidades','activo',NULL,'2022-04-11 22:00:27.300715'),(2020,'ambulatorio',66,'660801','QUIMIOTRIPSINA',1,1219.20,0,'porunicavez','XYZ-123','2021-01-01',0,'unidades','activo',NULL,'2022-04-11 22:00:27.331705'),(2021,'ambulatorio',66,'660812','RENINA - ANGIOTESINA',1,731.52,0,'porunicavez','XYZ-123','2021-01-01',0,'unidades','activo',NULL,'2022-04-11 22:00:27.356815'),(2022,'ambulatorio',66,'660813','RH FACTOR - GRUPO SANGUINEO',1,0.00,0,'porunicavez','XYZ-123','2021-01-01',0,'unidades','activo',NULL,'2022-04-11 22:00:27.379743'),(2023,'ambulatorio',66,'660814','RH FACTOR C GRANDE',1,81.28,0,'porunicavez','XYZ-123','2021-01-01',0,'unidades','activo',NULL,'2022-04-11 22:00:27.401913'),(2024,'ambulatorio',66,'660815','RH FACTOR c CHICA',1,81.28,0,'porunicavez','XYZ-123','2021-01-01',0,'unidades','activo',NULL,'2022-04-11 22:00:27.421420'),(2025,'ambulatorio',66,'660816','RH FACTOR E GRANDE',1,81.28,0,'porunicavez','XYZ-123','2021-01-01',0,'unidades','activo',NULL,'2022-04-11 22:00:27.442533'),(2026,'ambulatorio',66,'660817','RH FACTOR e CHICA',1,81.28,0,'porunicavez','XYZ-123','2021-01-01',0,'unidades','activo',NULL,'2022-04-11 22:00:27.473067'),(2027,'ambulatorio',66,'660818','RETICULOCITOS, RECUENTO DE',1,81.28,0,'porunicavez','XYZ-123','2021-01-01',0,'unidades','activo',NULL,'2022-04-11 22:00:27.497708'),(2028,'ambulatorio',66,'660820','ROSSE RAGAN, PRUEBA DE (RR)',1,101.60,0,'porunicavez','XYZ-123','2021-01-01',0,'unidades','activo',NULL,'2022-04-11 22:00:27.520062'),(2029,'ambulatorio',66,'660831','SALICILATOS',1,508.00,0,'porunicavez','XYZ-123','2021-01-01',0,'unidades','activo',NULL,'2022-04-11 22:00:27.541232'),(2030,'ambulatorio',66,'660832','SALMONELLA, ANTICUERPOS (IFI - ELISA)',1,243.84,0,'porunicavez','XYZ-123','2021-01-01',0,'unidades','activo',NULL,'2022-04-11 22:00:27.567442'),(2031,'ambulatorio',66,'660833','SANGRE OCULTA - materia fecal (SOMF)',1,325.12,0,'porunicavez','XYZ-123','2021-01-01',0,'unidades','activo',NULL,'2022-04-11 22:00:27.590704'),(2032,'ambulatorio',54,'540101','PRÓTESIS UNIPOLARES (THOMPSON)',1,18306.09,0,'porunicavez','XYZ-123','2021-01-01',1,'unidades','inactivo','2022-04-01','2022-04-11 22:00:27.616269'),(2033,'ambulatorio',54,'540102','PRÓTESIS BIPOLARES (TIPO GILIBERTY)',1,28277.70,0,'porunicavez','XYZ-123','2021-01-01',1,'unidades','activo',NULL,'2022-04-11 22:00:27.643351'),(2034,'ambulatorio',55,'550101','Intracanal',1,102690.00,0,'porunicavez','449/2020','2021-01-01',1,'unidades','inactivo','2021-11-09','2022-04-11 22:00:27.667299'),(2035,'ambulatorio',55,'550202','Retroauricular',1,116731.00,0,'porunicavez','449/2020','2021-01-01',1,'unidades','inactivo','2021-12-31','2022-04-11 22:00:27.741321'),(2036,'ambulatorio',66,'660835','SEROTONINA - sérica',1,975.36,0,'porunicavez','XYZ-123','2021-01-01',0,'unidades','activo',NULL,'2022-04-11 22:00:27.863391'),(2037,'ambulatorio',66,'660837','SIDEROFILINA, CAPACIDAD DE SATURACION',1,365.76,0,'porunicavez','XYZ-123','2021-01-01',0,'unidades','activo',NULL,'2022-04-11 22:00:27.885825'),(2038,'ambulatorio',66,'660838','SIMS - HUBBNER, TEST DE',1,812.80,0,'porunicavez','XYZ-123','2021-01-01',0,'unidades','activo',NULL,'2022-04-11 22:00:27.911091'),(2039,'ambulatorio',66,'660839','SODIO - sérico y/o urinario',1,0.00,0,'porunicavez','415','2021-01-01',1,'unidades','activo',NULL,'2022-04-11 22:00:27.939989'),(2040,'ambulatorio',66,'660841','SOMATOTROFINA (STH)',1,487.68,0,'porunicavez','XYZ-123','2021-01-01',0,'unidades','activo',NULL,'2022-04-11 22:00:27.964427'),(2041,'ambulatorio',66,'660846','SUBTIPO HEMOGLOBINA A2, DETERMINACION DE (electroforesis)',1,447.04,0,'porunicavez','XYZ-123','2021-01-01',0,'unidades','activo',NULL,'2022-04-11 22:00:27.997993'),(2042,'ambulatorio',66,'660847','SUDOR, TEST DE',1,609.60,0,'porunicavez','XYZ-123','2021-01-01',0,'unidades','activo',NULL,'2022-04-11 22:00:28.020658'),(2043,'ambulatorio',66,'660848','SULFAS  - sanguineas',1,0.00,0,'anual','415-2020','2021-01-01',0,'unidades','activo',NULL,'2022-04-11 22:00:28.045823'),(2044,'ambulatorio',66,'660862','TALIO (TI) - urinario',1,812.80,0,'porunicavez','XYZ-123','2021-01-01',0,'unidades','activo',NULL,'2022-04-11 22:00:28.069310'),(2045,'ambulatorio',66,'660863','TESTOSTERONA - To',1,447.04,0,'porunicavez','XYZ-123','2021-01-01',0,'unidades','activo',NULL,'2022-04-11 22:00:28.092745'),(2046,'ambulatorio',66,'660864','THORN, PRUEBA DE',1,0.00,0,'porunicavez','XYZ-123','2021-01-01',0,'unidades','activo',NULL,'2022-04-11 22:00:28.119323'),(2047,'ambulatorio',66,'660865','TIROTROFINA - TSH',1,365.76,0,'porunicavez','XYZ-123','2021-01-01',0,'unidades','activo',NULL,'2022-04-11 22:00:28.141474'),(2048,'ambulatorio',66,'660866','TIROXINA TOTAL - T4',1,365.76,0,'porunicavez','XYZ-123','2021-01-01',0,'unidades','activo',NULL,'2022-04-11 22:00:28.166709'),(2049,'ambulatorio',66,'660867','TIROXINA EFECTIVA - T4 - LIBRE (FT4/T4L)',1,365.76,0,'porunicavez','XYZ-123','2021-01-01',0,'unidades','activo',NULL,'2022-04-11 22:00:28.198776'),(2050,'ambulatorio',66,'660870','TOXOPLASMOSIS (HA)',1,162.56,0,'porunicavez','XYZ-123','2021-01-01',0,'unidades','activo',NULL,'2022-04-11 22:00:28.228588'),(2051,'ambulatorio',66,'660871','TOXOPLASMOSIS (IFI)',1,243.84,0,'porunicavez','XYZ-123','2021-01-01',0,'unidades','activo',NULL,'2022-04-11 22:00:28.248278'),(2052,'ambulatorio',66,'660872','TOXOPLASMOSIS (Reaccción de Sabin Feldman)',1,243.84,0,'porunicavez','XYZ-123','2021-01-01',0,'unidades','activo',NULL,'2022-04-11 22:00:28.268819'),(2053,'ambulatorio',66,'660873','TRANSAMINASA, GLUTAMICO OXALACETICA (GOT/AST)',1,60.96,0,'porunicavez','XYZ-123','2021-01-01',0,'unidades','activo',NULL,'2022-04-11 22:00:28.297171'),(2054,'ambulatorio',66,'660874','TRANSAMINASA, GLUTAMICO PIRUVICA (GPT/AGT)',1,60.96,0,'porunicavez','XYZ-123','2021-01-01',0,'unidades','activo',NULL,'2022-04-11 22:00:28.324605'),(2055,'ambulatorio',66,'660875','TRANSFERRINA',1,243.84,0,'porunicavez','XYZ-123','2021-01-01',0,'unidades','activo',NULL,'2022-04-11 22:00:28.345282'),(2056,'ambulatorio',66,'660876','TRIGLICERIDOS (Tg)',1,101.60,0,'porunicavez','XYZ-123','2021-01-01',0,'unidades','activo',NULL,'2022-04-11 22:00:28.367307'),(2057,'ambulatorio',66,'660878','TRIIODOTIRONINA TOTAL  - T3',1,365.76,0,'porunicavez','XYZ-123','2021-01-01',0,'unidades','activo',NULL,'2022-04-11 22:00:28.394873'),(2058,'ambulatorio',66,'660879','TROMBINA, PRUEBA DE GENERACIÓN DE LA',1,121.92,0,'porunicavez','XYZ-123','2021-01-01',0,'unidades','activo',NULL,'2022-04-11 22:00:28.422557'),(2059,'ambulatorio',66,'660880','TROMBINA, TIEMPO DE',1,121.92,0,'porunicavez','XYZ-123','2021-01-01',0,'unidades','activo',NULL,'2022-04-11 22:00:28.444386'),(2060,'ambulatorio',66,'660887','TROMBOPLASTINA, TIEMPO DE (KPTT / TTPC / KT)',1,81.28,0,'porunicavez','XYZ-123','2021-01-01',0,'unidades','activo',NULL,'2022-04-11 22:00:28.462214'),(2061,'ambulatorio',66,'660901','UREA, CLEARENCE DE',1,121.92,0,'porunicavez','XYZ-123','2021-01-01',0,'unidades','activo',NULL,'2022-04-11 22:00:28.481954'),(2062,'ambulatorio',66,'660902','UREA, sérica',1,60.96,0,'porunicavez','XYZ-123','2021-01-01',0,'unidades','activo',NULL,'2022-04-11 22:00:28.499909'),(2063,'ambulatorio',66,'660903','URETRAL, EXUDADO (Directo y Cultivo)',1,447.04,0,'porunicavez','XYZ-123','2021-01-01',0,'unidades','activo',NULL,'2022-04-11 22:00:28.518532'),(2064,'ambulatorio',66,'660904','URICO, ACIDO - sérico',1,60.96,0,'porunicavez','XYZ-123','2021-01-01',0,'unidades','activo',NULL,'2022-04-11 22:00:28.535898'),(2065,'ambulatorio',66,'660905','URICO, ACIDO - urinario',1,60.96,0,'porunicavez','XYZ-123','2021-01-01',0,'unidades','activo',NULL,'2022-04-11 22:00:28.554268'),(2066,'ambulatorio',66,'660907','UROCITOGRAMA',1,162.56,0,'porunicavez','XYZ-123','2021-01-01',0,'unidades','activo',NULL,'2022-04-11 22:00:28.570967'),(2067,'ambulatorio',66,'660911','UROCULTIVO (MODULO)',1,609.60,0,'porunicavez','XYZ-123','2021-01-01',0,'unidades','activo',NULL,'2022-04-11 22:00:28.587420'),(2068,'ambulatorio',66,'660923','UROPROTEINOGRAMA',1,1341.12,0,'porunicavez','XYZ-123','2021-01-01',0,'unidades','activo',NULL,'2022-04-11 22:00:28.604215'),(2069,'ambulatorio',66,'660931','VAGINAL, EXUDADO o FLUJO  (Directo y Cultivo)',1,650.24,0,'porunicavez','XYZ-123','2021-01-01',0,'unidades','activo',NULL,'2022-04-11 22:00:28.622177'),(2070,'ambulatorio',66,'660932','VAINILLIN MANDELICO, ACIDO - urinario. (AVM) (HPLC)',1,609.60,0,'porunicavez','XYZ-123','2021-01-01',0,'unidades','activo',NULL,'2022-04-11 22:00:28.649873'),(2071,'ambulatorio',66,'660933','V D R L / USR',1,162.56,0,'porunicavez','XYZ-123','2021-01-01',0,'unidades','activo',NULL,'2022-04-11 22:00:28.668588'),(2072,'ambulatorio',66,'660935','VARIANTE BACTERIANA',1,0.00,0,'porunicavez','XYZ-123','2021-01-01',0,'unidades','activo',NULL,'2022-04-11 22:00:28.688516'),(2073,'ambulatorio',66,'660936','VERONAL, PRUEBA DEL',1,0.00,0,'porunicavez','XYZ-123','2021-01-01',0,'unidades','activo',NULL,'2022-04-11 22:00:28.707824'),(2074,'ambulatorio',66,'660937','VITAMINA A',1,1503.68,0,'porunicavez','XYZ-123','2021-01-01',0,'unidades','activo',NULL,'2022-04-11 22:00:28.727614'),(2075,'ambulatorio',66,'660938','VITAMINA B12',1,609.60,0,'porunicavez','XYZ-123','2021-01-01',0,'unidades','activo',NULL,'2022-04-11 22:00:28.747772'),(2076,'ambulatorio',66,'660939','VITAMINA E',1,1503.68,0,'porunicavez','XYZ-123','2021-01-01',0,'unidades','activo',NULL,'2022-04-11 22:00:28.767353'),(2077,'ambulatorio',66,'660940','VOLEMIA RADIOQUIMICO',1,0.00,0,'porunicavez','XYZ-123','2021-01-01',0,'unidades','activo',NULL,'2022-04-11 22:00:28.788680'),(2078,'ambulatorio',66,'660953','WIDAL, REACCION DE',1,162.56,0,'porunicavez','XYZ-123','2021-01-01',0,'unidades','activo',NULL,'2022-04-11 22:00:28.809412'),(2079,'ambulatorio',66,'660981','ZINC ERITROCITARIO - PROTOPORFIRINA',1,487.68,0,'porunicavez','XYZ-123','2021-01-01',0,'unidades','activo',NULL,'2022-04-11 22:00:28.831625'),(2080,'ambulatorio',66,'660982','ZINC (Zn)- sérico',1,487.68,0,'porunicavez','XYZ-123','2021-01-01',0,'unidades','activo',NULL,'2022-04-11 22:00:28.855834'),(2081,'ambulatorio',66,'661000','ANTIGENO PROSTATICO ESPECÍFICO TOTAL - PSA-t',1,731.52,0,'porunicavez','XYZ-123','2021-01-01',0,'unidades','activo',NULL,'2022-04-11 22:00:28.874221'),(2082,'ambulatorio',66,'661001','ACTO BIOQUÍMICO DE INTERNACION - (ABI)',1,243.84,0,'porunicavez','XYZ-123','2021-01-01',0,'unidades','activo',NULL,'2022-04-11 22:00:28.898461'),(2083,'ambulatorio',66,'661011','CD4 - SUB POBLACIÓN LINFOCITARIA por Citom. de Flujo',1,1422.40,0,'porunicavez','XYZ-123','2021-01-01',0,'unidades','activo',NULL,'2022-04-11 22:00:28.918647'),(2084,'ambulatorio',66,'661015','CD8 - SUB POBLACIÓN LINFOCITARIA por Citom. de Flujo',1,1422.40,0,'porunicavez','XYZ-123','2021-01-01',0,'unidades','activo',NULL,'2022-04-11 22:00:28.942547'),(2085,'ambulatorio',66,'661020','CHLAMYDIAS PNEUMONIAE, Ac. Anti- IgG',1,731.52,0,'porunicavez','XYZ-123','2021-01-01',0,'unidades','activo',NULL,'2022-04-11 22:00:28.967061'),(2086,'ambulatorio',66,'661025','CITOMEGALOVIRUS, Ac. IgG Anti- (CMV-IgG)',1,609.60,0,'porunicavez','XYZ-123','2021-01-01',0,'unidades','activo',NULL,'2022-04-11 22:00:28.990876'),(2087,'ambulatorio',66,'661030','CITOMEGALOVIRUS, Ac. IgM Anti- (CMV-IgM)',1,812.80,0,'porunicavez','XYZ-123','2021-01-01',0,'unidades','activo',NULL,'2022-04-11 22:00:29.008397'),(2088,'ambulatorio',66,'661035','COLESTEROL HDL (HDL-C)',1,121.92,0,'porunicavez','XYZ-123','2021-01-01',0,'unidades','activo',NULL,'2022-04-11 22:00:29.024830'),(2089,'ambulatorio',66,'661040','COLESTEROL LDL (LDL-C)',1,162.56,0,'porunicavez','XYZ-123','2021-01-01',0,'unidades','activo',NULL,'2022-04-11 22:00:29.042422'),(2090,'ambulatorio',66,'661045','CREATINFOSFOQUINASA, ISOENZIMA MB (CKMB/CPKMB)',1,406.40,0,'porunicavez','XYZ-123','2021-01-01',0,'unidades','activo',NULL,'2022-04-11 22:00:29.066506'),(2091,'ambulatorio',66,'661050','DROGAS de ABUSO SCREENING (c/u)',1,711.20,0,'porunicavez','XYZ-123','2021-01-01',0,'unidades','activo',NULL,'2022-04-11 22:00:29.083234'),(2092,'ambulatorio',66,'661055','EPSTEIN BARR, Ac. IgG/Totales Anti- (VEB/VCA IgG)',1,609.60,0,'porunicavez','XYZ-123','2021-01-01',0,'unidades','activo',NULL,'2022-04-11 22:00:29.103618'),(2093,'ambulatorio',66,'661060','EPSTEIN BARR, Ac. IgM Anti- (VEB/VCA IgM)',1,812.80,0,'porunicavez','XYZ-123','2021-01-01',0,'unidades','activo',NULL,'2022-04-11 22:00:29.121107'),(2094,'ambulatorio',66,'661065','FRUCTOSAMINA',1,609.60,0,'porunicavez','XYZ-123','2021-01-01',0,'unidades','activo',NULL,'2022-04-11 22:00:29.138014'),(2095,'ambulatorio',66,'661070','HEMOGLOBINA GLICOSILADA (Hb A1C)',1,609.60,0,'porunicavez','XYZ-123','2021-01-01',0,'unidades','activo',NULL,'2022-04-11 22:00:29.155853'),(2096,'ambulatorio',66,'661080','HEPATITIS B, Ac. Anti -\"Core\" IgG  (HBc -IgG )',1,609.60,0,'porunicavez','XYZ-123','2021-01-01',0,'unidades','activo',NULL,'2022-04-11 22:00:29.180734'),(2097,'ambulatorio',66,'661085','HEPATITIS B, Antigeno e (Ag.HBe)',1,609.60,0,'porunicavez','XYZ-123','2021-01-01',0,'unidades','activo',NULL,'2022-04-11 22:00:29.198728'),(2098,'ambulatorio',66,'661086','HEPATITIS B, Antígeno de Superficie (Ag.HBs )',1,487.68,0,'porunicavez','XYZ-123','2021-01-01',0,'unidades','activo',NULL,'2022-04-11 22:00:29.215344'),(2099,'ambulatorio',66,'661090','HEPATITIS B, Ac. de superficie Anti- (HBsAc)',1,812.80,0,'porunicavez','XYZ-123','2021-01-01',0,'unidades','activo',NULL,'2022-04-11 22:00:29.231627'),(2100,'ambulatorio',66,'661100','HIDATIDOSIS, Ac. IgG ó Totales Anti- (IFI)',1,894.08,0,'porunicavez','XYZ-123','2021-01-01',0,'unidades','activo',NULL,'2022-04-11 22:00:29.247984'),(2101,'ambulatorio',66,'661105','HIV, CARGA VIRAL',1,6502.40,0,'porunicavez','XYZ-123','2021-01-01',0,'unidades','activo',NULL,'2022-04-11 22:00:29.266954'),(2102,'ambulatorio',66,'661110','HIV, WESTERN- BLOT',1,4064.00,0,'porunicavez','XYZ-123','2021-01-01',0,'unidades','activo',NULL,'2022-04-11 22:00:29.284609'),(2103,'ambulatorio',66,'661115','MARCADOR TUMORAL de OVARIO (CA 125)',1,812.80,0,'porunicavez','XYZ-123','2021-01-01',0,'unidades','activo',NULL,'2022-04-11 22:00:29.302119'),(2104,'ambulatorio',66,'661120','MARCADOR TUMORAL de MAMA (CA 15. 3)',1,812.80,0,'porunicavez','XYZ-123','2021-01-01',0,'unidades','activo',NULL,'2022-04-11 22:00:29.318697'),(2105,'ambulatorio',66,'661125','MARCADOR TUMORAL de COLON (CA 19. 9)',1,812.80,0,'porunicavez','XYZ-123','2021-01-01',0,'unidades','activo',NULL,'2022-04-11 22:00:29.335440'),(2106,'ambulatorio',66,'661130','MICROALBUMINURIA / ALBUMINA URINARIA',1,508.00,0,'porunicavez','XYZ-123','2021-01-01',0,'unidades','activo',NULL,'2022-04-11 22:00:29.352473'),(2107,'ambulatorio',66,'661135','MONITOREO de FARMACOS para ENF. CRONICAS I (Anticonvulsivantes I)',1,609.60,0,'porunicavez','XYZ-123','2021-01-01',0,'unidades','activo',NULL,'2022-04-11 22:00:29.370110'),(2108,'ambulatorio',66,'661136','MONITOREO de FARMACOS para ENF. CRONICAS II (Anticonvulsivantes II)',1,975.36,0,'porunicavez','XYZ-123','2021-01-01',0,'unidades','activo',NULL,'2022-04-11 22:00:29.386583'),(2109,'ambulatorio',66,'661137','MONITOREO de FARMACOS para ENF. CRONICAS III (Anticonvulsivantes III)',1,2438.40,0,'porunicavez','XYZ-123','2021-01-01',0,'unidades','activo',NULL,'2022-04-11 22:00:29.403562'),(2110,'ambulatorio',66,'661140','MYCOPLASMA PNEUMONIAE Ac Anti-IgG',1,731.52,0,'porunicavez','XYZ-123','2021-01-01',0,'unidades','activo',NULL,'2022-04-11 22:00:29.420427'),(2111,'ambulatorio',66,'661142','PREPARACIÓN DE SANGRE A TRANSFUNDIR (MÓDULO TRANSFUSIONAL)',1,4795.52,0,'porunicavez','XYZ-123','2021-01-01',0,'unidades','activo',NULL,'2022-04-11 22:00:29.437543'),(2112,'ambulatorio',66,'661145','RUBEOLA, Ac. IgG Anti-',1,609.60,0,'porunicavez','XYZ-123','2021-01-01',0,'unidades','activo',NULL,'2022-04-11 22:00:29.454538'),(2113,'ambulatorio',66,'661150','RUBEOLA, Ac. IgM Anti-',1,609.60,0,'porunicavez','XYZ-123','2021-01-01',0,'unidades','activo',NULL,'2022-04-11 22:00:29.471681'),(2114,'ambulatorio',66,'661160','TORCH  (Toxoplasmosis , Rubeola, Citomegalovirus y Herpes 1 y 2 )',1,2032.00,0,'porunicavez','XYZ-123','2021-01-01',0,'unidades','activo',NULL,'2022-04-11 22:00:29.489248'),(2115,'ambulatorio',66,'661170','SUBUNIDAD BETA de GONADOTROFINA CORIONICA (cualitativa) -HCG o BHCG',1,325.12,0,'porunicavez','XYZ-123','2021-01-01',0,'unidades','activo',NULL,'2022-04-11 22:00:29.505595'),(2116,'ambulatorio',66,'661175','SUBUNIDAD BETA de GONADOTROFINA CORIONICA (cuantitativa) -HCG o BHCG',1,568.96,0,'porunicavez','XYZ-123','2021-01-01',0,'unidades','activo',NULL,'2022-04-11 22:00:29.525227'),(2117,'ambulatorio',66,'661180','TEST RAPIDO en FAUCES para STREPTOCOCCUS Beta-HEMOLÍTICO Grupo \"A\"',1,508.00,0,'porunicavez','XYZ-123','2021-01-01',0,'unidades','activo',NULL,'2022-04-11 22:00:29.542534'),(2118,'ambulatorio',66,'661185','TESTOSTERONA BIODISPONIBLE',1,1016.00,0,'porunicavez','XYZ-123','2021-01-01',0,'unidades','activo',NULL,'2022-04-11 22:00:29.559954'),(2119,'ambulatorio',66,'661200','URGENCIAS',1,121.92,0,'porunicavez','XYZ-123','2021-01-01',0,'unidades','activo',NULL,'2022-04-11 22:00:29.578929'),(2120,'ambulatorio',66,'662001','ABC - ACTO BIOQUÍMICO COMPLEMENTARIO',1,121.92,0,'porunicavez','XYZ-123','2021-01-01',0,'unidades','activo',NULL,'2022-04-11 22:00:29.606145'),(2121,'ambulatorio',66,'662002','ACTO BIOQUÍMICO ADMINISTRATIVO POR VALIDACIÓN',1,20.32,0,'porunicavez','XYZ-123','2021-09-29',0,'unidades','inactivo','2021-09-29','2022-04-11 22:00:56.778626'),(2122,'ambulatorio',66,'662003','ACTO BIOQUÍMICO ADMINISTRATIVO POR VALIDACIÓN - PROCESO de AUDITORÍA - AUTORIZACIÓN DE LA ORDEN',1,40.64,0,'porunicavez','XYZ-123','2021-01-01',0,'unidades','activo',NULL,'2022-04-11 22:00:29.641120'),(2123,'ambulatorio',66,'662008','ACANTHAMOEBA SPP',1,609.60,0,'porunicavez','XYZ-123','2021-01-01',0,'unidades','activo',NULL,'2022-04-11 22:00:29.660744'),(2124,'ambulatorio',66,'662009','ACANTHAMOEBA - PCR',1,3657.60,0,'porunicavez','XYZ-123','2021-01-01',0,'unidades','activo',NULL,'2022-04-11 22:00:29.683168'),(2125,'ambulatorio',66,'662011','ÁCAROS y ARTRÓPODOS, Investigación de vectores',1,406.40,0,'porunicavez','XYZ-123','2021-01-01',0,'unidades','activo',NULL,'2022-04-11 22:00:29.701322'),(2126,'ambulatorio',66,'662017','ACETILCOLINA',1,1016.00,0,'porunicavez','XYZ-123','2021-01-01',0,'unidades','activo',NULL,'2022-04-11 22:00:29.720163'),(2127,'ambulatorio',66,'662025','ACETILCOLINA, Ac. Anti- RECEPTORES (ACRA)',1,4064.00,0,'porunicavez','XYZ-123','2021-01-01',0,'unidades','activo',NULL,'2022-04-11 22:00:29.737786'),(2128,'ambulatorio',66,'662034','ACETILCOLINESTERASA ERITROCITARIA (ACHE)',1,487.68,0,'porunicavez','XYZ-123','2021-01-01',0,'unidades','activo',NULL,'2022-04-11 22:00:29.754951'),(2129,'ambulatorio',66,'662051','ACETONA CUANTITATIVA - sérica',1,772.16,0,'porunicavez','XYZ-123','2021-01-01',0,'unidades','activo',NULL,'2022-04-11 22:00:29.776975'),(2130,'ambulatorio',66,'662059','ACETONA CUANTITATIVA - urinaria',1,772.16,0,'porunicavez','XYZ-123','2021-01-01',0,'unidades','activo',NULL,'2022-04-11 22:00:29.793609'),(2131,'ambulatorio',66,'662068','ÁCIDO 3 METIL-INDOL',1,1422.40,0,'porunicavez','XYZ-123','2021-01-01',0,'unidades','activo',NULL,'2022-04-11 22:00:29.809485'),(2132,'ambulatorio',66,'662085','ÁCIDO 5 HIDROX-INDOL ACÉTICO (HPLC)',1,934.72,0,'porunicavez','XYZ-123','2021-01-01',0,'unidades','activo',NULL,'2022-04-11 22:00:29.827675'),(2133,'ambulatorio',66,'662093','ÁCIDO ACETOACÉTICO',1,690.88,0,'porunicavez','XYZ-123','2021-01-01',0,'unidades','activo',NULL,'2022-04-11 22:00:29.845220'),(2134,'ambulatorio',66,'662102','ÁCIDO ALFA CETÓNICO',1,487.68,0,'porunicavez','XYZ-123','2021-01-01',0,'unidades','activo',NULL,'2022-04-11 22:00:29.861552'),(2135,'ambulatorio',66,'662111','ÁCIDO BETA HIDROXIBUTÍRICO',1,772.16,0,'porunicavez','XYZ-123','2021-01-01',0,'unidades','activo',NULL,'2022-04-11 22:00:29.879843'),(2136,'ambulatorio',66,'662119','ÁCIDO CÍTRICO - plasmático',1,609.60,0,'porunicavez','XYZ-123','2021-01-01',0,'unidades','activo',NULL,'2022-04-11 22:00:29.900122'),(2137,'ambulatorio',66,'662120','ÁCIDO CÍTRICO - urinario',1,609.60,0,'porunicavez','XYZ-123','2021-01-01',0,'unidades','activo',NULL,'2022-04-11 22:00:29.916877'),(2138,'ambulatorio',66,'662128','ÁCIDO FENIL ACÉTICO (AFA)',1,772.16,0,'porunicavez','XYZ-123','2021-01-01',0,'unidades','activo',NULL,'2022-04-11 22:00:29.933568'),(2139,'ambulatorio',66,'662136','ÁCIDO FENIL GLIOXÍLICO',1,650.24,0,'porunicavez','XYZ-123','2021-01-01',0,'unidades','activo',NULL,'2022-04-11 22:00:29.950672'),(2140,'ambulatorio',66,'662153','ÁCIDO FOLICO - intraeritrocitario.',1,568.96,0,'porunicavez','XYZ-123','2021-01-01',0,'unidades','activo',NULL,'2022-04-11 22:00:29.967379'),(2141,'ambulatorio',66,'662162','ÁCIDO FÓRMICO',1,650.24,0,'porunicavez','XYZ-123','2021-01-01',0,'unidades','activo',NULL,'2022-04-11 22:00:29.984209'),(2142,'ambulatorio',66,'662170','ÁCIDO FOSFATÍDICO, Ac. IgG Anti-',1,1219.20,0,'porunicavez','XYZ-123','2021-01-01',0,'unidades','activo',NULL,'2022-04-11 22:00:30.002792'),(2143,'ambulatorio',66,'662179','ÁCIDO FOSFATÍDICO, Ac. IgM Anti-',1,1219.20,0,'porunicavez','XYZ-123','2021-01-01',0,'unidades','activo',NULL,'2022-04-11 22:00:30.021149'),(2144,'ambulatorio',66,'662181','ÁCIDO FUROICO',1,650.24,0,'porunicavez','XYZ-123','2021-01-01',0,'unidades','activo',NULL,'2022-04-11 22:00:30.037600'),(2145,'ambulatorio',66,'662182','ÁCIDO GAMMA-AMINOBUTÍRICO (GABA)',1,2844.80,0,'porunicavez','XYZ-123','2021-01-01',0,'unidades','activo',NULL,'2022-04-11 22:00:30.056062'),(2146,'ambulatorio',66,'662183','ÁCIDO GLUTÁMICO',1,1219.20,0,'porunicavez','XYZ-123','2021-01-01',0,'unidades','activo',NULL,'2022-04-11 22:00:30.073659'),(2147,'ambulatorio',66,'662184','ÁCIDO GUANIDINACÉTICO',1,4470.40,0,'porunicavez','XYZ-123','2021-01-01',0,'unidades','activo',NULL,'2022-04-11 22:00:30.090698'),(2148,'ambulatorio',66,'662187','ÁCIDO HIPÚRICO - urinario',1,609.60,0,'porunicavez','XYZ-123','2021-01-01',0,'unidades','activo',NULL,'2022-04-11 22:00:30.107460'),(2149,'ambulatorio',66,'662205','ÁCIDO HOMOVANÍLICO - HVA',1,812.80,0,'porunicavez','XYZ-123','2021-01-01',0,'unidades','activo',NULL,'2022-04-11 22:00:30.127135'),(2150,'ambulatorio',66,'662222','ÁCIDO INDOLACETICO, 5 HIDROXI -3-METIL',1,772.16,0,'porunicavez','XYZ-123','2021-01-01',0,'unidades','activo',NULL,'2022-04-11 22:00:30.148638'),(2151,'ambulatorio',66,'662236','ÁCIDO LÁCTICO - LCR',1,772.16,0,'porunicavez','XYZ-123','2021-01-01',0,'unidades','activo',NULL,'2022-04-11 22:00:30.165139'),(2152,'ambulatorio',66,'662239','ÁCIDO LÁCTICO - urinario',1,772.16,0,'porunicavez','XYZ-123','2021-01-01',0,'unidades','activo',NULL,'2022-04-11 22:00:30.183729'),(2153,'ambulatorio',66,'662247','ÁCIDO LISÉRGICO (LSD)',1,772.16,0,'porunicavez','XYZ-123','2021-01-01',0,'unidades','activo',NULL,'2022-04-11 22:00:30.200538'),(2154,'ambulatorio',66,'662252','ÁCIDO MÁLICO',1,2438.40,0,'porunicavez','XYZ-123','2021-01-01',0,'unidades','activo',NULL,'2022-04-11 22:00:30.217443'),(2155,'ambulatorio',66,'662256','ÁCIDO MANDÉLICO',1,772.16,0,'porunicavez','XYZ-123','2021-01-01',0,'unidades','activo',NULL,'2022-04-11 22:00:30.234446'),(2156,'ambulatorio',66,'662264','ÁCIDO METIL HIPÚRICO',1,772.16,0,'porunicavez','XYZ-123','2021-01-01',0,'unidades','activo',NULL,'2022-04-11 22:00:30.252534'),(2157,'ambulatorio',66,'662273','ÁCIDO METIL MALÓNICO',1,772.16,0,'porunicavez','XYZ-123','2021-01-01',0,'unidades','activo',NULL,'2022-04-11 22:00:30.276081'),(2158,'ambulatorio',66,'662277','ÁCIDO MUCÓNICO',1,772.16,0,'porunicavez','XYZ-123','2021-01-01',0,'unidades','activo',NULL,'2022-04-11 22:00:30.291388'),(2159,'ambulatorio',66,'662281','ÁCIDO ORÓTICO',1,4226.56,0,'porunicavez','XYZ-123','2021-01-01',0,'unidades','activo',NULL,'2022-04-11 22:00:30.310584'),(2160,'ambulatorio',66,'662296','ÁCIDO OXALICO - sérico',1,894.08,0,'porunicavez','XYZ-123','2021-01-01',0,'unidades','activo',NULL,'2022-04-11 22:00:30.328206'),(2161,'ambulatorio',66,'662299','ÁCIDO OXALICO - urinario (2/ 12 / 24 hs. - c/u)',1,609.60,0,'porunicavez','XYZ-123','2021-01-01',0,'unidades','activo',NULL,'2022-04-11 22:00:30.347136'),(2162,'ambulatorio',66,'662307','ÁCIDO PERCLÓRICO',1,0.00,0,'porunicavez','XYZ-123','2021-01-01',0,'unidades','activo',NULL,'2022-04-11 22:00:30.363827'),(2163,'ambulatorio',66,'662316','ÁCIDO PIRUVICO - sérico',1,528.32,0,'porunicavez','XYZ-123','2021-01-01',0,'unidades','activo',NULL,'2022-04-11 22:00:30.382821'),(2164,'ambulatorio',66,'662328','ÁCIDO SALICÍLICO - sérico',1,487.68,0,'porunicavez','XYZ-123','2021-01-01',0,'unidades','activo',NULL,'2022-04-11 22:00:30.400260'),(2165,'ambulatorio',66,'662330','ÁCIDO SALICÍLICO - urinario',1,487.68,0,'porunicavez','XYZ-123','2021-01-01',0,'unidades','activo',NULL,'2022-04-11 22:00:30.416806'),(2166,'ambulatorio',66,'662341','ÁCIDO SIALICO',1,772.16,0,'porunicavez','XYZ-123','2021-01-01',0,'unidades','activo',NULL,'2022-04-11 22:00:30.445622'),(2167,'ambulatorio',66,'662346','ÁCIDO SUCCÍNICO',1,2438.40,0,'porunicavez','XYZ-123','2021-01-01',0,'unidades','activo',NULL,'2022-04-11 22:00:30.465811'),(2168,'ambulatorio',66,'662350','ÁCIDO TIOGLICÓLICO',1,772.16,0,'porunicavez','XYZ-123','2021-01-01',0,'unidades','activo',NULL,'2022-04-11 22:00:30.483183'),(2169,'ambulatorio',66,'662358','ÁCIDO TRICLOROACÉTICO',1,731.52,0,'porunicavez','XYZ-123','2021-01-01',0,'unidades','activo',NULL,'2022-04-11 22:00:30.502119'),(2170,'ambulatorio',66,'662367','ÁCIDOS BILIARES - séricos',1,1219.20,0,'porunicavez','XYZ-123','2021-01-01',0,'unidades','activo',NULL,'2022-04-11 22:00:30.521561'),(2171,'ambulatorio',66,'662375','ÁCIDOS GRASOS DE CADENA MUY LARGA',1,4958.08,0,'porunicavez','XYZ-123','2021-01-01',0,'unidades','activo',NULL,'2022-04-11 22:00:30.541088'),(2172,'ambulatorio',66,'662379','ÁCIDOS GRASOS NO ESTERIFICADOS (NEFA)',1,406.40,0,'porunicavez','XYZ-123','2021-01-01',0,'unidades','activo',NULL,'2022-04-11 22:00:30.561094'),(2173,'ambulatorio',66,'662393','ÁCIDOS ORGÁNICOS - urinarios',1,4958.08,0,'porunicavez','XYZ-123','2021-01-01',0,'unidades','activo',NULL,'2022-04-11 22:00:30.581564'),(2174,'ambulatorio',66,'662401','ACIL CARNITINAS - plasmáticos',1,4876.80,0,'porunicavez','XYZ-123','2021-01-01',0,'unidades','activo',NULL,'2022-04-11 22:00:30.600575'),(2175,'ambulatorio',66,'662405','ACTINA AC (AAC) - IFI',1,0.00,0,'porunicavez','XYZ-123','2021-01-01',0,'unidades','activo',NULL,'2022-04-11 22:00:30.618512'),(2176,'ambulatorio',66,'662410','ACUAPORINA 4 - Neuromielitis Optica–Ac. IgG (NMO- Ac. IgG)',1,4064.00,0,'porunicavez','XYZ-123','2021-01-01',0,'unidades','activo',NULL,'2022-04-11 22:00:30.641234'),(2177,'ambulatorio',66,'662417','ADENOSIN DEAMINASA - LCR',1,975.36,0,'porunicavez','XYZ-123','2021-01-01',0,'unidades','activo',NULL,'2022-04-11 22:00:30.662577'),(2178,'ambulatorio',66,'662418','ADENOSIN DEAMINASA - líquido pleural',1,975.36,0,'porunicavez','XYZ-123','2021-01-01',0,'unidades','activo',NULL,'2022-04-11 22:00:30.685198'),(2179,'ambulatorio',66,'662427','ADENOVIRUS, Ac. IgG o Totales, Anti-',1,731.52,0,'porunicavez','XYZ-123','2021-01-01',0,'unidades','activo',NULL,'2022-04-11 22:00:30.705346'),(2180,'ambulatorio',66,'662435','ADENOVIRUS, Ac. IgM, Anti-',1,731.52,0,'porunicavez','XYZ-123','2021-01-01',0,'unidades','activo',NULL,'2022-04-11 22:00:30.726752'),(2181,'ambulatorio',66,'662444','ADENOVIRUS, Ag.',1,975.36,0,'porunicavez','XYZ-123','2021-01-01',0,'unidades','activo',NULL,'2022-04-11 22:00:30.747276'),(2182,'ambulatorio',66,'662446','ADENOVIRUS - PCR',1,3657.60,0,'porunicavez','XYZ-123','2021-01-01',0,'unidades','activo',NULL,'2022-04-11 22:00:30.775532'),(2183,'ambulatorio',66,'662448','ADENOVIRUS - Carga viral',1,6096.00,0,'porunicavez','XYZ-123','2021-01-01',0,'unidades','activo',NULL,'2022-04-11 22:00:30.803178'),(2184,'ambulatorio',66,'662452','ADRENAL, Ac. Totales Anti-',1,2641.60,0,'porunicavez','XYZ-123','2021-01-01',0,'unidades','activo',NULL,'2022-04-11 22:00:30.826663'),(2185,'ambulatorio',66,'662461','ALDOSTERONA - urinaria',1,609.60,0,'porunicavez','XYZ-123','2021-01-01',0,'unidades','activo',NULL,'2022-04-11 22:00:30.848031'),(2186,'ambulatorio',66,'662469','ALDRIN',1,2438.40,0,'porunicavez','XYZ-123','2021-01-01',0,'unidades','activo',NULL,'2022-04-11 22:00:30.871278'),(2187,'ambulatorio',66,'662495','Alfa 1 ANTITRIPSINA, CLEARENCE de (α1 AT - Clearence) - M.F. / sérica.',1,812.80,0,'porunicavez','XYZ-123','2021-01-01',0,'unidades','activo',NULL,'2022-04-11 22:00:30.889491'),(2188,'ambulatorio',66,'662508','Alfa 1 GLUCOPROTEINA ACIDA (OROSOMUCOIDE)',1,0.00,0,'porunicavez','XYZ-123','2021-01-01',0,'unidades','activo',NULL,'2022-04-11 22:00:30.907970'),(2189,'ambulatorio',66,'662521','Alfa 2 ANTIPLASMINA',1,1625.60,0,'porunicavez','XYZ-123','2021-01-01',0,'unidades','activo',NULL,'2022-04-11 22:00:30.927634'),(2190,'ambulatorio',66,'662547','Alfa GALACTOSIDASA (Fabry)',1,5283.20,0,'porunicavez','XYZ-123','2021-01-01',0,'unidades','activo',NULL,'2022-04-11 22:00:30.946915'),(2191,'ambulatorio',66,'662555','Alfa GLUCOSIDASA NEUTRA - semen',1,1016.00,0,'porunicavez','XYZ-123','2021-01-01',0,'unidades','activo',NULL,'2022-04-11 22:00:30.963897'),(2192,'ambulatorio',66,'662559','Alfa L IDURONIDASA',1,4470.40,0,'porunicavez','XYZ-123','2021-01-01',0,'unidades','activo',NULL,'2022-04-11 22:00:30.981085'),(2193,'ambulatorio',66,'662561','Alfa MANOSIDASA',1,0.00,0,'porunicavez','XYZ-123','2021-01-01',0,'unidades','activo',NULL,'2022-04-11 22:00:30.998813'),(2194,'ambulatorio',66,'662563','Alfa NITROSO BETA NAFTOL, PRUEBA de',1,365.76,0,'porunicavez','XYZ-123','2021-01-01',0,'unidades','activo',NULL,'2022-04-11 22:00:31.019005'),(2195,'ambulatorio',66,'662572','ALPRAZOLAM',1,1016.00,0,'porunicavez','XYZ-123','2021-01-01',0,'unidades','activo',NULL,'2022-04-11 22:00:31.037818'),(2196,'ambulatorio',66,'662587','ALUMINIO - pelo',1,1219.20,0,'porunicavez','XYZ-123','2021-01-01',0,'unidades','activo',NULL,'2022-04-11 22:00:31.061236'),(2197,'ambulatorio',66,'662589','ALUMINIO - sérico',1,894.08,0,'porunicavez','XYZ-123','2021-01-01',0,'unidades','activo',NULL,'2022-04-11 22:00:31.082183'),(2198,'ambulatorio',66,'662591','ALUMINIO - urinario',1,894.08,0,'porunicavez','XYZ-123','2021-01-01',0,'unidades','activo',NULL,'2022-04-11 22:00:31.101543'),(2199,'ambulatorio',66,'662598','AMETRYN',1,2438.40,0,'porunicavez','XYZ-123','2021-01-01',0,'unidades','activo',NULL,'2022-04-11 22:00:31.124411'),(2200,'ambulatorio',66,'662606','AMIKACINA',1,894.08,0,'porunicavez','XYZ-123','2021-01-01',0,'unidades','activo',NULL,'2022-04-11 22:00:31.154546'),(2201,'ambulatorio',66,'662620','AMINOÁCIDOS - LCR (Cromatografía cuantitativa)',1,6096.00,0,'porunicavez','XYZ-123','2021-01-01',0,'unidades','activo',NULL,'2022-04-11 22:00:31.175992'),(2202,'ambulatorio',66,'662623','AMINOÁCIDOS - sérico (Cromatografía cuantitativa)',1,6096.00,0,'porunicavez','XYZ-123','2021-01-01',0,'unidades','activo',NULL,'2022-04-11 22:00:31.194353'),(2203,'ambulatorio',66,'662624','AMINOÁCIDOS - sangre seca en papel de filtro - SSPF (cuantitativo)',1,6096.00,0,'porunicavez','XYZ-123','2021-01-01',0,'unidades','activo',NULL,'2022-04-11 22:00:31.214432'),(2204,'ambulatorio',66,'662627','AMINOÁCIDOS - urinarios (Cromatografía cuantitativa)',1,6096.00,0,'porunicavez','XYZ-123','2021-01-01',0,'unidades','activo',NULL,'2022-04-11 22:00:31.233391'),(2205,'ambulatorio',66,'662630','AMINOÁCIDOS - urinarios (Cualitativo)',1,894.08,0,'porunicavez','XYZ-123','2021-01-01',0,'unidades','activo',NULL,'2022-04-11 22:00:31.256056'),(2206,'ambulatorio',66,'662649','AMONIO - urinario',1,812.80,0,'porunicavez','XYZ-123','2021-01-01',0,'unidades','activo',NULL,'2022-04-11 22:00:31.275950'),(2207,'ambulatorio',66,'662657','ANAEROBIOS (Cultivo)',1,1219.20,0,'porunicavez','XYZ-123','2021-01-01',0,'unidades','activo',NULL,'2022-04-11 22:00:31.294002'),(2208,'ambulatorio',66,'662666','ANDROSTENEDIOL GLUCURÓNIDO (ALFA DIOL GLUCURONIDO)',1,1016.00,0,'porunicavez','XYZ-123','2021-01-01',0,'unidades','activo',NULL,'2022-04-11 22:00:31.311064'),(2209,'ambulatorio',66,'662675','ANDROSTENODIONA, Delta 4-',1,487.68,0,'porunicavez','XYZ-123','2021-01-01',0,'unidades','activo',NULL,'2022-04-11 22:00:31.328501'),(2210,'ambulatorio',66,'662688','ANFETAMINAS / METANFETAMINAS, confirmatorio',1,4876.80,0,'porunicavez','XYZ-123','2021-01-01',0,'unidades','activo',NULL,'2022-04-11 22:00:31.347461'),(2211,'ambulatorio',66,'662700','ANGELMAN, SÍNDROME de',1,13411.20,0,'porunicavez','XYZ-123','2021-01-01',0,'unidades','activo',NULL,'2022-04-11 22:00:31.366593'),(2212,'ambulatorio',66,'662704','ANION GAP',1,40.64,0,'porunicavez','XYZ-123','2021-01-01',0,'unidades','activo',NULL,'2022-04-11 22:00:31.383904'),(2213,'ambulatorio',66,'662706','ANTIBIOGRAMA - AUTOMATIZADO',1,2032.00,0,'porunicavez','XYZ-123','2021-01-01',0,'unidades','activo',NULL,'2022-04-11 22:00:31.400962'),(2214,'ambulatorio',66,'662709','ANTICOAGULANTE LÚPICO',1,1219.20,0,'porunicavez','XYZ-123','2021-01-01',0,'unidades','activo',NULL,'2022-04-11 22:00:31.420389'),(2215,'ambulatorio',66,'662712','ANTIDIURÉTICA, HORMONA (HAD) -VASOPRESINA',1,3251.20,0,'porunicavez','XYZ-123','2021-01-01',0,'unidades','activo',NULL,'2022-04-11 22:00:31.439227'),(2216,'ambulatorio',66,'662713','ANTIDIURÉTICA, HORMONA - urinaria (HAD u) - VASOPRESINA urinaria',1,3251.20,0,'porunicavez','XYZ-123','2021-01-01',0,'unidades','activo',NULL,'2022-04-11 22:00:31.459112'),(2217,'ambulatorio',66,'662717','ANTIGENOS BACTERIANOS, screening (Haemof..infl, Neis. mening., Strept. Pneum.)',1,3251.20,0,'porunicavez','XYZ-123','2021-01-01',0,'unidades','activo',NULL,'2022-04-11 22:00:31.479546'),(2218,'ambulatorio',66,'662730','ANTÍGENO PROSTÁTICO ESPECÍFICO, COMPLEJADO (PSA c)',1,1016.00,0,'porunicavez','XYZ-123','2021-01-01',0,'unidades','activo',NULL,'2022-04-11 22:00:31.498940'),(2219,'ambulatorio',66,'662734','ANTÍGENO PROSTÁTICO ESPECÍFICO, Libre+Total (PSA-L+T)',1,1463.04,0,'porunicavez','XYZ-123','2021-01-01',0,'unidades','activo',NULL,'2022-04-11 22:00:31.520016'),(2220,'ambulatorio',66,'662743','ANTIGENOS VIRALES - PANEL de DIARREICOS - PCR',1,6096.00,0,'porunicavez','XYZ-123','2021-01-01',0,'unidades','activo',NULL,'2022-04-11 22:00:31.543886'),(2221,'ambulatorio',66,'662745','ANTIGENOS VIRALES - PANEL de RESPIRATORIOS - BÁSICO',1,3657.60,0,'porunicavez','XYZ-123','2021-01-01',0,'unidades','activo',NULL,'2022-04-11 22:00:31.563755'),(2222,'ambulatorio',66,'662749','ANTIGENOS VIRALES - PANEL de RESPIRATORIOS  - PCR BÁSICO',1,7315.20,0,'porunicavez','XYZ-123','2021-01-01',0,'unidades','activo',NULL,'2022-04-11 22:00:31.585408'),(2223,'ambulatorio',66,'662751','ANTIGENOS VIRALES - PANEL de RESPIRATORIOS  - PCR EXTENDIDO',1,9347.20,0,'porunicavez','XYZ-123','2021-01-01',0,'unidades','activo',NULL,'2022-04-11 22:00:31.605231'),(2224,'ambulatorio',66,'662769','ANTIMICOGRAMA LEVADURAS, Screening',1,1219.20,0,'porunicavez','XYZ-123','2021-01-01',0,'unidades','activo',NULL,'2022-04-11 22:00:31.625250'),(2225,'ambulatorio',66,'662780','ANTIMONIO - sérico',1,731.52,0,'porunicavez','XYZ-123','2021-01-01',0,'unidades','activo',NULL,'2022-04-11 22:00:31.643514'),(2226,'ambulatorio',66,'662782','ANTIMONIO - urinario',1,731.52,0,'porunicavez','XYZ-123','2021-01-01',0,'unidades','activo',NULL,'2022-04-11 22:00:31.663792'),(2227,'ambulatorio',66,'662790','ANTIMULLERIANA, HORMONA (HAM)',1,3048.00,0,'porunicavez','XYZ-123','2021-01-01',0,'unidades','activo',NULL,'2022-04-11 22:00:31.681067'),(2228,'ambulatorio',66,'662803','ANTITROMBINA III FUNCIONAL',1,1016.00,0,'porunicavez','XYZ-123','2021-01-01',0,'unidades','activo',NULL,'2022-04-11 22:00:31.698220'),(2229,'ambulatorio',66,'662810','APOLIPOPROTEINA A (ApoA)',1,447.04,0,'porunicavez','XYZ-123','2021-01-01',0,'unidades','activo',NULL,'2022-04-11 22:00:31.715570'),(2230,'ambulatorio',66,'662811','APOLIPOPROTEINA B (ApoB)',1,447.04,0,'porunicavez','XYZ-123','2021-01-01',0,'unidades','activo',NULL,'2022-04-11 22:00:31.734669'),(2231,'ambulatorio',66,'662815','APOLIPOPROTEINA E, GENOTIPO (Apo E)',1,7152.64,0,'porunicavez','XYZ-123','2021-01-01',0,'unidades','activo',NULL,'2022-04-11 22:00:31.752494'),(2232,'ambulatorio',66,'662820','ARILSULTASA A - en leucocitos',1,6096.00,0,'porunicavez','XYZ-123','2021-01-01',0,'unidades','activo',NULL,'2022-04-11 22:00:31.770207'),(2233,'ambulatorio',66,'662822','ARILSULTASA A - sérica',1,6096.00,0,'porunicavez','XYZ-123','2021-01-01',0,'unidades','activo',NULL,'2022-04-11 22:00:31.788454'),(2234,'ambulatorio',66,'662834','ARSÉNICO - pelo',1,1219.20,0,'porunicavez','XYZ-123','2021-01-01',0,'unidades','activo',NULL,'2022-04-11 22:00:31.806044'),(2235,'ambulatorio',66,'662837','ARSÉNICO - uña',1,1219.20,0,'porunicavez','XYZ-123','2021-01-01',0,'unidades','activo',NULL,'2022-04-11 22:00:31.823389'),(2236,'ambulatorio',66,'662846','ASPERGILLIUS, Ac. Anti-',1,975.36,0,'porunicavez','XYZ-123','2021-01-01',0,'unidades','activo',NULL,'2022-04-11 22:00:31.841411'),(2237,'ambulatorio',66,'662850','ATRAZINA',1,2438.40,0,'porunicavez','XYZ-123','2021-01-01',0,'unidades','activo',NULL,'2022-04-11 22:00:31.860217'),(2238,'ambulatorio',66,'662852','AUTOHEMÓLISIS, PRUEBA DE',1,162.56,0,'porunicavez','XYZ-123','2021-01-01',0,'unidades','activo',NULL,'2022-04-11 22:00:31.891427'),(2239,'ambulatorio',66,'662854','BACILUS ANTHRACIS, Cultivo y Tipificación',1,812.80,0,'porunicavez','XYZ-123','2021-01-01',0,'unidades','activo',NULL,'2022-04-11 22:00:31.908820'),(2240,'ambulatorio',66,'662858','BACTERIAS RESISTENTES A CARBAPENEMES - PCR o similar',1,3860.80,0,'porunicavez','XYZ-123','2021-01-01',0,'unidades','activo',NULL,'2022-04-11 22:00:31.926647'),(2241,'ambulatorio',66,'662863','BANDAS OLIGOCLONALES, en L.C.R. / Suero',1,8940.80,0,'porunicavez','XYZ-123','2021-01-01',0,'unidades','activo',NULL,'2022-04-11 22:00:31.944292'),(2242,'ambulatorio',66,'662888','BARBITURATOS, Confirmatorio.',1,4876.80,0,'porunicavez','XYZ-123','2021-01-01',0,'unidades','activo',NULL,'2022-04-11 22:00:31.958444'),(2243,'ambulatorio',66,'662896','BARIO - sérico.',1,894.08,0,'porunicavez','XYZ-123','2021-01-01',0,'unidades','activo',NULL,'2022-04-11 22:00:31.976133'),(2244,'ambulatorio',66,'662897','BARIO - urinario',1,894.08,0,'porunicavez','XYZ-123','2021-01-01',0,'unidades','activo',NULL,'2022-04-11 22:00:31.994504'),(2245,'ambulatorio',66,'662912','BARTONELLA HENSELAE, Ac. IgG Anti-',1,2032.00,0,'porunicavez','XYZ-123','2021-01-01',0,'unidades','activo',NULL,'2022-04-11 22:00:32.011031'),(2246,'ambulatorio',66,'662914','BARTONELLA HENSELAE, Ac. IgM Anti-',1,2032.00,0,'porunicavez','XYZ-123','2021-01-01',0,'unidades','activo',NULL,'2022-04-11 22:00:32.027901'),(2247,'ambulatorio',66,'662931','BENCENO-ETILBENCENO-TOLUENO-XILENO (BETX)',1,2438.40,0,'porunicavez','XYZ-123','2021-01-01',0,'unidades','activo',NULL,'2022-04-11 22:00:32.042780'),(2248,'ambulatorio',66,'662945','BENZODIAZEPINAS, Confirmatorio',1,4876.80,0,'porunicavez','XYZ-123','2021-01-01',0,'unidades','activo',NULL,'2022-04-11 22:00:32.063780'),(2249,'ambulatorio',66,'662963','BERILIO - sérico',1,894.08,0,'porunicavez','XYZ-123','2021-01-01',0,'unidades','activo',NULL,'2022-04-11 22:00:32.080811'),(2250,'ambulatorio',66,'662965','BERILIO - urinario',1,894.08,0,'porunicavez','XYZ-123','2021-01-01',0,'unidades','activo',NULL,'2022-04-11 22:00:32.098373'),(2251,'ambulatorio',66,'662980','Beta 2 GLICOPROTEÍNA, Ac. IgA Anti-',1,1219.20,0,'porunicavez','XYZ-123','2021-01-01',0,'unidades','activo',NULL,'2022-04-11 22:00:32.116083'),(2252,'ambulatorio',66,'662982','Beta 2 GLICOPROTEÍNA, Ac. IgG Anti-',1,1219.20,0,'porunicavez','XYZ-123','2021-01-01',0,'unidades','activo',NULL,'2022-04-11 22:00:32.134727'),(2253,'ambulatorio',66,'662984','Beta 2 GLICOPROTEÍNA, Ac. IgM Anti-',1,1219.20,0,'porunicavez','XYZ-123','2021-01-01',0,'unidades','activo',NULL,'2022-04-11 22:00:32.151718'),(2254,'ambulatorio',66,'663025','BETA CROSS LAPS - CTX-C - TELOPÉPTIDO DE COLÁGENO TIPO I',1,1300.48,0,'porunicavez','XYZ-123','2021-01-01',0,'unidades','activo',NULL,'2022-04-11 22:00:32.170191'),(2255,'ambulatorio',66,'663034','Beta GALACTOSIDASA',1,5283.20,0,'porunicavez','XYZ-123','2021-01-01',0,'unidades','activo',NULL,'2022-04-11 22:00:32.187549'),(2256,'ambulatorio',66,'663042','Beta GLUCOCEREBROSIDASA',1,5283.20,0,'porunicavez','XYZ-123','2021-01-01',0,'unidades','activo',NULL,'2022-04-11 22:00:32.203382'),(2257,'ambulatorio',66,'663051','Beta LACTAMASA',1,406.40,0,'porunicavez','XYZ-123','2021-01-01',0,'unidades','activo',NULL,'2022-04-11 22:00:32.222534'),(2258,'ambulatorio',66,'663056','Beta Libre hCG',1,1544.32,0,'porunicavez','XYZ-123','2021-01-01',0,'unidades','activo',NULL,'2022-04-11 22:00:32.239490'),(2259,'ambulatorio',66,'663062','Beta MANOSIDASA',1,0.00,0,'porunicavez','XYZ-123','2021-01-01',0,'unidades','activo',NULL,'2022-04-11 22:00:32.255668'),(2260,'ambulatorio',66,'663065','BICARBONATO, en orina',1,406.40,0,'porunicavez','XYZ-123','2021-01-01',0,'unidades','activo',NULL,'2022-04-11 22:00:32.273341'),(2261,'ambulatorio',66,'663067','BIOTINA',1,4876.80,0,'porunicavez','XYZ-123','2021-01-01',0,'unidades','activo',NULL,'2022-04-11 22:00:32.291006'),(2262,'ambulatorio',66,'663068','BIOTINIDAZA, CONFIRMATORIO',1,4876.80,0,'porunicavez','XYZ-123','2021-01-01',0,'unidades','activo',NULL,'2022-04-11 22:00:32.307920'),(2263,'ambulatorio',66,'663076','BLADER TEST ANTÍGENO - NMP22 (B.T.A.)',1,0.00,0,'porunicavez','XYZ-123','2021-01-01',0,'unidades','activo',NULL,'2022-04-11 22:00:32.325620'),(2264,'ambulatorio',66,'663085','BLASTOMYCES DERMATITIDIS, Ac (Fase Lev)',1,1422.40,0,'porunicavez','XYZ-123','2021-01-01',0,'unidades','activo',NULL,'2022-04-11 22:00:32.342959'),(2265,'ambulatorio',66,'663093','BNP (FACTOR NATRIURÉTICO)',1,3860.80,0,'porunicavez','XYZ-123','2021-01-01',0,'unidades','activo',NULL,'2022-04-11 22:00:32.361391'),(2266,'ambulatorio',66,'663102','BORDETELLA PERTUSIS, Ac. IgG Anti-',1,1422.40,0,'porunicavez','XYZ-123','2021-01-01',0,'unidades','activo',NULL,'2022-04-11 22:00:32.378829'),(2267,'ambulatorio',66,'663110','BORDETELLA PERTUSIS, Ac. IgM Anti-',1,1503.68,0,'porunicavez','XYZ-123','2021-01-01',0,'unidades','activo',NULL,'2022-04-11 22:00:32.396361'),(2268,'ambulatorio',66,'663119','BORDETELLA PERTUSIS, Ag.',1,1625.60,0,'porunicavez','XYZ-123','2021-01-01',0,'unidades','activo',NULL,'2022-04-11 22:00:32.413958'),(2269,'ambulatorio',66,'663120','BORDETELLA PERTUSIS -  PCR',1,3657.60,0,'porunicavez','XYZ-123','2021-01-01',0,'unidades','activo',NULL,'2022-04-11 22:00:32.430049'),(2270,'ambulatorio',66,'663128','BORRELLIA BUGDORFERI, Ac. IgG Anti-',1,1422.40,0,'porunicavez','XYZ-123','2021-01-01',0,'unidades','activo',NULL,'2022-04-11 22:00:32.447022'),(2271,'ambulatorio',66,'663136','BORRELLIA BUGDORFERI, Ac. IgM Anti-',1,1503.68,0,'porunicavez','XYZ-123','2021-01-01',0,'unidades','activo',NULL,'2022-04-11 22:00:32.469707'),(2272,'ambulatorio',66,'663141','BRCA 1 BRCA 2, GRANDES DELECCIONES Y DUPLICACIONES (MLPA)',1,40640.00,0,'porunicavez','XYZ-123','2021-01-01',0,'unidades','activo',NULL,'2022-04-11 22:00:32.488209'),(2273,'ambulatorio',66,'663143','BRCA 1 BRCA 2, SECUENCIACIÓN COMPLETA',1,81280.00,0,'porunicavez','XYZ-123','2021-01-01',0,'unidades','activo',NULL,'2022-04-11 22:00:32.509537'),(2274,'ambulatorio',66,'663145','BRCA 1-2, PANEL ASHKENAZI',1,15240.00,0,'porunicavez','XYZ-123','2021-01-01',0,'unidades','activo',NULL,'2022-04-11 22:00:32.529418'),(2275,'ambulatorio',66,'663147','BRCA 1-2, PANEL ASHKENAZI - SEFARADI',1,18288.00,0,'porunicavez','XYZ-123','2021-01-01',0,'unidades','activo',NULL,'2022-04-11 22:00:32.548012'),(2276,'ambulatorio',66,'663153','BROMURO - sérico',1,812.80,0,'porunicavez','XYZ-123','2021-01-01',0,'unidades','activo',NULL,'2022-04-11 22:00:32.567973'),(2277,'ambulatorio',66,'663158','BRUCELLAS, TEST DE WRIGHT',1,406.40,0,'porunicavez','XYZ-123','2021-01-01',0,'unidades','activo',NULL,'2022-04-11 22:00:32.586554'),(2278,'ambulatorio',66,'663159','BRUCELLAS, TEST DE WRIGHT, con 2-Mercaptoetanol (W-2ME)',1,487.68,0,'porunicavez','XYZ-123','2021-01-01',0,'unidades','activo',NULL,'2022-04-11 22:00:32.602479'),(2279,'ambulatorio',66,'663162','BRUCELOSIS (IFI)',1,487.68,0,'porunicavez','XYZ-123','2021-01-01',0,'unidades','activo',NULL,'2022-04-11 22:00:32.620213'),(2280,'ambulatorio',66,'663170','BRUCELOSIS (Fijación de Complemento)',1,203.20,0,'porunicavez','XYZ-123','2021-01-01',0,'unidades','activo',NULL,'2022-04-11 22:00:32.638105'),(2281,'ambulatorio',66,'663179','BRUCELOSIS, Ac. IgG ó Totales Anti-',1,487.68,0,'porunicavez','XYZ-123','2021-01-01',0,'unidades','activo',NULL,'2022-04-11 22:00:32.654980'),(2282,'ambulatorio',66,'663187','BRUCELOSIS, Ac. IgM Anti-',1,487.68,0,'porunicavez','XYZ-123','2021-01-01',0,'unidades','activo',NULL,'2022-04-11 22:00:32.672226'),(2283,'ambulatorio',66,'663190','BRUCELOSIS, Ac. Incompletos Anti-',1,609.60,0,'porunicavez','XYZ-123','2021-01-01',0,'unidades','activo',NULL,'2022-04-11 22:00:32.689961'),(2284,'ambulatorio',66,'663230','C1 INHIBIDOR (C1 INHIBIDOR INMUNOLÓGICO)',1,1219.20,0,'porunicavez','XYZ-123','2021-01-01',0,'unidades','activo',NULL,'2022-04-11 22:00:32.707193'),(2285,'ambulatorio',66,'663239','CA 21-1 (MARCADOR TUMORAL de PULMÓN) - CYFRA 21-1',1,2438.40,0,'porunicavez','XYZ-123','2021-01-01',0,'unidades','activo',NULL,'2022-04-11 22:00:32.724711'),(2286,'ambulatorio',66,'663247','CA 72-4 (MARCADOR TUMORAL GÁSTRICO)',1,2032.00,0,'porunicavez','XYZ-123','2021-01-01',0,'unidades','activo',NULL,'2022-04-11 22:00:32.741986'),(2287,'ambulatorio',66,'663254','CADENA LIVIANA KAPPA, LIBRE (Nefelometría)',1,4064.00,0,'porunicavez','XYZ-123','2021-01-01',0,'unidades','activo',NULL,'2022-04-11 22:00:32.760339'),(2288,'ambulatorio',66,'663257','CADENA LIVIANA LAMBDA, LIBRE (Nefelometría)',1,4064.00,0,'porunicavez','XYZ-123','2021-01-01',0,'unidades','activo',NULL,'2022-04-11 22:00:32.778215'),(2289,'ambulatorio',66,'663259','CADENAS PESADAS EN SANGRE Y ORINA C/U',1,1625.60,0,'porunicavez','XYZ-123','2021-01-01',0,'unidades','activo',NULL,'2022-04-11 22:00:32.795895'),(2290,'ambulatorio',66,'663262','CADMIO (Cd) - pelo',1,1016.00,0,'porunicavez','XYZ-123','2021-01-01',0,'unidades','activo',NULL,'2022-04-11 22:00:32.813763'),(2291,'ambulatorio',66,'663264','CADMIO (Cd) - sanguíneo',1,894.08,0,'porunicavez','XYZ-123','2021-01-01',0,'unidades','activo',NULL,'2022-04-11 22:00:32.832092'),(2292,'ambulatorio',66,'663273','CALCIDIOIDEMICOSIS - Inmunodif.',1,0.00,0,'porunicavez','XYZ-123','2021-01-01',0,'unidades','activo',NULL,'2022-04-11 22:00:32.850613'),(2293,'ambulatorio',66,'663290','CALCIO (Ca) - pelo',1,1016.00,0,'porunicavez','XYZ-123','2021-01-01',0,'unidades','activo',NULL,'2022-04-11 22:00:32.873372'),(2294,'ambulatorio',66,'663292','CALCIO (Ca) - saliva',1,1016.00,0,'porunicavez','XYZ-123','2021-01-01',0,'unidades','activo',NULL,'2022-04-11 22:00:32.895812'),(2295,'ambulatorio',66,'663307','CÁLCULO - biliar, salival, urinario - Estudio Cristalográfico (C/U)',1,812.80,0,'porunicavez','XYZ-123','2021-01-01',0,'unidades','activo',NULL,'2022-04-11 22:00:32.915104'),(2296,'ambulatorio',66,'663310','CALPROTECTINA (CPMF)',1,4064.00,0,'porunicavez','XYZ-123','2021-01-01',0,'unidades','activo',NULL,'2022-04-11 22:00:32.930480'),(2297,'ambulatorio',66,'663316','CAMPYLOBACTER SPP, Cultivo',1,0.00,0,'porunicavez','XYZ-123','2021-01-01',0,'unidades','activo',NULL,'2022-04-11 22:00:32.949171'),(2298,'ambulatorio',66,'663318','CAMPYLOBACTER SPP, Directo (ELISA)',1,812.80,0,'porunicavez','XYZ-123','2021-01-01',0,'unidades','activo',NULL,'2022-04-11 22:00:32.967043'),(2299,'ambulatorio',66,'663320','CAMPYLOBACTER SPP, Directo (Microscopía)',1,487.68,0,'porunicavez','XYZ-123','2021-01-01',0,'unidades','activo',NULL,'2022-04-11 22:00:32.986323'),(2300,'ambulatorio',66,'663324','CANDIDA ALBICANS, Ac. Totales',1,609.60,0,'porunicavez','XYZ-123','2021-01-01',0,'unidades','activo',NULL,'2022-04-11 22:00:33.005284'),(2301,'ambulatorio',66,'663333','CANDIDA, ELECTROFORESIS DE CAMP',1,0.00,0,'porunicavez','XYZ-123','2021-01-01',0,'unidades','activo',NULL,'2022-04-11 22:00:33.023140'),(2302,'ambulatorio',66,'663350','CANNABINOIDES, CONFIRMATORIO (MARIHUANA - CONFIRMATORIO - GC-MS)',1,4876.80,0,'porunicavez','XYZ-123','2021-01-01',0,'unidades','activo',NULL,'2022-04-11 22:00:33.040663'),(2303,'ambulatorio',66,'663375','CARBOXIHEMOGLOBINA',1,609.60,0,'porunicavez','XYZ-123','2021-01-01',0,'unidades','activo',NULL,'2022-04-11 22:00:33.063683'),(2304,'ambulatorio',66,'663384','CARDIOLIPINAS, Ac. IgA Anti-',1,812.80,0,'porunicavez','XYZ-123','2021-01-01',0,'unidades','activo',NULL,'2022-04-11 22:00:33.082426'),(2305,'ambulatorio',66,'663392','CARDIOLIPINAS, Ac. IgG  Anti-',1,731.52,0,'porunicavez','XYZ-123','2021-01-01',0,'unidades','activo',NULL,'2022-04-11 22:00:33.099759'),(2306,'ambulatorio',66,'663401','CARDIOLIPINAS, Ac. IgM  Anti-',1,731.52,0,'porunicavez','XYZ-123','2021-01-01',0,'unidades','activo',NULL,'2022-04-11 22:00:33.117546'),(2307,'ambulatorio',66,'663427','CARIOTIPO con BANDEO - Alta Resolución (Alta Sensibilidad)',1,9347.20,0,'porunicavez','XYZ-123','2021-01-01',0,'unidades','activo',NULL,'2022-04-11 22:00:33.136597'),(2308,'ambulatorio',66,'663430','CARIOTIPO, con BANDEO',1,5689.60,0,'porunicavez','XYZ-123','2021-01-01',0,'unidades','activo',NULL,'2022-04-11 22:00:33.154721'),(2309,'ambulatorio',66,'663435','CARIOTIPO - líquido anmiótico',1,14224.00,0,'porunicavez','XYZ-123','2021-01-01',0,'unidades','activo',NULL,'2022-04-11 22:00:33.171235'),(2310,'ambulatorio',66,'663440','CARIOTIPO - material de aborto',1,8128.00,0,'porunicavez','XYZ-123','2021-01-01',0,'unidades','activo',NULL,'2022-04-11 22:00:33.189446'),(2311,'ambulatorio',66,'663443','CARIOTIPO - médula ósea (Citogenético de MO)',1,5689.60,0,'porunicavez','XYZ-123','2021-01-01',0,'unidades','activo',NULL,'2022-04-11 22:00:33.205248'),(2312,'ambulatorio',66,'663446','CARIOTIPO - vellosidades coriónicas',1,14224.00,0,'porunicavez','XYZ-123','2021-01-01',0,'unidades','activo',NULL,'2022-04-11 22:00:33.221760'),(2313,'ambulatorio',66,'663461','CARNITINA, Libre y Total - suero',1,6502.40,0,'porunicavez','XYZ-123','2021-01-01',0,'unidades','activo',NULL,'2022-04-11 22:00:33.238325'),(2314,'ambulatorio',66,'663463','CARNITINA, Libre y Total - urinario',1,6502.40,0,'porunicavez','XYZ-123','2021-01-01',0,'unidades','activo',NULL,'2022-04-11 22:00:33.256482'),(2315,'ambulatorio',66,'663478','CATECOLAMINAS - LCR',1,1016.00,0,'porunicavez','XYZ-123','2021-01-01',0,'unidades','activo',NULL,'2022-04-11 22:00:33.280271'),(2316,'ambulatorio',66,'663495','CD34 POSITIVAS - Citometría de Flujo',1,1422.40,0,'porunicavez','XYZ-123','2021-01-01',0,'unidades','activo',NULL,'2022-04-11 22:00:33.298970'),(2317,'ambulatorio',66,'663504','CD10/CD19 - Citom. de Flujo',1,1422.40,0,'porunicavez','XYZ-123','2021-01-01',0,'unidades','activo',NULL,'2022-04-11 22:00:33.316954'),(2318,'ambulatorio',66,'663512','CD3/CD16+56, CÉLULAS NATURAL KILLER (NK) - Citom. de Flujo',1,1422.40,0,'porunicavez','XYZ-123','2021-01-01',0,'unidades','activo',NULL,'2022-04-11 22:00:33.333345'),(2319,'ambulatorio',66,'663521','CD25 RECEPTOR SOLUBLE DE INTERLUKINA 2 - Citom. de Flujo',1,1422.40,0,'porunicavez','XYZ-123','2021-01-01',0,'unidades','activo',NULL,'2022-04-11 22:00:33.349767'),(2320,'ambulatorio',66,'663529','CD69/CD56',1,1422.40,0,'porunicavez','XYZ-123','2021-01-01',0,'unidades','activo',NULL,'2022-04-11 22:00:33.368089'),(2321,'ambulatorio',66,'663538','CD, SUBPOBLACION LINFOCITARIA - Citometría de Flujo (C/U)',1,1422.40,0,'porunicavez','XYZ-123','2021-01-01',0,'unidades','activo',NULL,'2022-04-11 22:00:33.388193'),(2322,'ambulatorio',66,'663543','CELULARIDAD en lágrimas',1,406.40,0,'porunicavez','XYZ-123','2021-01-01',0,'unidades','activo',NULL,'2022-04-11 22:00:33.405313'),(2323,'ambulatorio',66,'663546','CELULAS LE',1,284.48,0,'porunicavez','XYZ-123','2021-01-01',0,'unidades','activo',NULL,'2022-04-11 22:00:33.422984'),(2324,'ambulatorio',66,'663563','CENTROMERO, Ac. Anti-',1,894.08,0,'porunicavez','XYZ-123','2021-01-01',0,'unidades','activo',NULL,'2022-04-11 22:00:33.441302'),(2325,'ambulatorio',66,'663571','CHAGAS, Ac. IgM Anti- (ELISA)',1,568.96,0,'porunicavez','XYZ-123','2021-01-01',0,'unidades','activo',NULL,'2022-04-11 22:00:33.458829'),(2326,'ambulatorio',66,'663572','CHAGAS, Ac. IgM Anti- (IFI)',1,568.96,0,'porunicavez','XYZ-123','2021-01-01',0,'unidades','activo',NULL,'2022-04-11 22:00:33.477777'),(2327,'ambulatorio',66,'663576','CHAGAS, (PCR)',1,3657.60,0,'porunicavez','XYZ-123','2021-01-01',0,'unidades','activo',NULL,'2022-04-11 22:00:33.494910'),(2328,'ambulatorio',66,'663582','CHIKUNGUNYA , virus (PCR)',1,3657.60,0,'porunicavez','XYZ-123','2021-01-01',0,'unidades','activo',NULL,'2022-04-11 22:00:33.513492'),(2329,'ambulatorio',66,'663585','CHITOTRIOSIDASA - sanguínea',1,4470.40,0,'porunicavez','XYZ-123','2021-01-01',0,'unidades','activo',NULL,'2022-04-11 22:00:33.531103'),(2330,'ambulatorio',66,'663586','CHITOTRIOSIDASA - sanguínea/soporte-papel (Fluorométrico)',1,4470.40,0,'porunicavez','XYZ-123','2021-01-01',0,'unidades','activo',NULL,'2022-04-11 22:00:33.549496'),(2331,'ambulatorio',66,'663589','CHLAMYDIA PNEUMONIAE, Ac. IgM Anti-',1,812.80,0,'porunicavez','XYZ-123','2021-01-01',0,'unidades','activo',NULL,'2022-04-11 22:00:33.566798'),(2332,'ambulatorio',66,'663591','CHLAMYDIA PNEUMONIAE - PCR',1,3657.60,0,'porunicavez','XYZ-123','2021-01-01',0,'unidades','activo',NULL,'2022-04-11 22:00:33.583250'),(2333,'ambulatorio',66,'663598','CHLAMYDIA PSITACCI, Ac. IgG Anti-',1,731.52,0,'porunicavez','XYZ-123','2021-01-01',0,'unidades','activo',NULL,'2022-04-11 22:00:33.598719'),(2334,'ambulatorio',66,'663606','CHLAMYDIA PSITACCI, Ac. IgM Anti-',1,812.80,0,'porunicavez','XYZ-123','2021-01-01',0,'unidades','activo',NULL,'2022-04-11 22:00:33.615751'),(2335,'ambulatorio',66,'663609','CHLAMYDIA PSITACCI - PCR',1,3657.60,0,'porunicavez','XYZ-123','2021-01-01',0,'unidades','activo',NULL,'2022-04-11 22:00:33.630495'),(2336,'ambulatorio',66,'663623','CHLAMYDIA TRACHOMATIS, Ac. IgG Anti-',1,731.52,0,'porunicavez','XYZ-123','2021-01-01',0,'unidades','activo',NULL,'2022-04-11 22:00:33.647927'),(2337,'ambulatorio',66,'663632','CHLAMYDIA TRACHOMATIS, Ac. IgM Anti-',1,812.80,0,'porunicavez','XYZ-123','2021-01-01',0,'unidades','activo',NULL,'2022-04-11 22:00:33.666316'),(2338,'ambulatorio',66,'663640','CHLAMYDIA TRACHOMATIS, Ag.',1,812.80,0,'porunicavez','XYZ-123','2021-01-01',0,'unidades','activo',NULL,'2022-04-11 22:00:33.685791'),(2339,'ambulatorio',66,'663649','CHLAMYDIA TRACHOMATIS, Ag. PCR',1,3657.60,0,'porunicavez','XYZ-123','2021-01-01',0,'unidades','activo',NULL,'2022-04-11 22:00:33.703107'),(2340,'ambulatorio',66,'663650','CHLAMYDIA TRACHOMATIS, cultivo celular',1,3860.80,0,'porunicavez','XYZ-123','2021-01-01',0,'unidades','activo',NULL,'2022-04-11 22:00:33.725370'),(2341,'ambulatorio',66,'663651','CHLAMYDIA TRACHOMATIS - LCR',1,0.00,0,'porunicavez','XYZ-123','2021-01-01',0,'unidades','activo',NULL,'2022-04-11 22:00:33.743530'),(2342,'ambulatorio',66,'663657','CHOLERAE VIBRIO, CULTIVO',1,0.00,0,'porunicavez','XYZ-123','2021-01-01',0,'unidades','activo',NULL,'2022-04-11 22:00:33.759404'),(2343,'ambulatorio',66,'663666','CIANUROS',1,894.08,0,'porunicavez','XYZ-123','2021-01-01',0,'unidades','activo',NULL,'2022-04-11 22:00:33.775678'),(2344,'ambulatorio',66,'663674','CICLOSPORINA A - sérica',1,1219.20,0,'porunicavez','XYZ-123','2021-01-01',0,'unidades','activo',NULL,'2022-04-11 22:00:33.793759'),(2345,'ambulatorio',66,'663683','CISTINA',1,609.60,0,'porunicavez','XYZ-123','2021-01-01',0,'unidades','activo',NULL,'2022-04-11 22:00:33.811721'),(2346,'ambulatorio',66,'663717','CITOMEGALOVIRUS, ANTIGENEMIA (CMV - PP65)',1,1828.80,0,'porunicavez','XYZ-123','2021-01-01',0,'unidades','activo',NULL,'2022-04-11 22:00:33.829222'),(2347,'ambulatorio',66,'663720','CITOMEGALOVIRUS, detección cuantitativa - PCR',1,6096.00,0,'porunicavez','XYZ-123','2021-01-01',0,'unidades','activo',NULL,'2022-04-11 22:00:33.846559'),(2348,'ambulatorio',66,'663722','CITOMEGALOVIRUS, detección cualitativa - PCR',1,2844.80,0,'porunicavez','XYZ-123','2021-01-01',0,'unidades','activo',NULL,'2022-04-11 22:00:33.872568'),(2349,'ambulatorio',66,'663734','ANCA C, P - c/u (CITOPLASMA DE NEUTROFILO, Ac. Anti- c/u)',1,1137.92,0,'porunicavez','XYZ-123','2021-01-01',0,'unidades','activo',NULL,'2022-04-11 22:00:33.895882'),(2350,'ambulatorio',66,'663751','CLEMENTS, Prueba de',1,487.68,0,'porunicavez','XYZ-123','2021-01-01',0,'unidades','activo',NULL,'2022-04-11 22:00:33.914409'),(2351,'ambulatorio',66,'663756','CLORPIRIFOS ETIL',1,2438.40,0,'porunicavez','XYZ-123','2021-01-01',0,'unidades','activo',NULL,'2022-04-11 22:00:33.931023'),(2352,'ambulatorio',66,'663760','CLOSTRIDIUM DIFFICILE, Toxina A - materia fecal.',1,3251.20,0,'porunicavez','XYZ-123','2021-01-01',0,'unidades','activo',NULL,'2022-04-11 22:00:33.948203'),(2353,'ambulatorio',66,'663762','CLOSTRIDIUM DIFFICILE, Toxinas (A + B) - Materia Fecal (Inmunocromatografía)',1,4064.00,0,'porunicavez','XYZ-123','2021-01-01',0,'unidades','activo',NULL,'2022-04-11 22:00:33.965050'),(2354,'ambulatorio',66,'663786','COBALTO - plasmático',1,812.80,0,'porunicavez','XYZ-123','2021-01-01',0,'unidades','activo',NULL,'2022-04-11 22:00:33.982867'),(2355,'ambulatorio',66,'663788','COBALTO - urinario',1,812.80,0,'porunicavez','XYZ-123','2021-01-01',0,'unidades','activo',NULL,'2022-04-11 22:00:34.001428'),(2356,'ambulatorio',66,'663814','COBRE - eritrocitario',1,812.80,0,'porunicavez','XYZ-123','2021-01-01',0,'unidades','activo',NULL,'2022-04-11 22:00:34.018345'),(2357,'ambulatorio',66,'663820','COBRE - urinario',1,812.80,0,'porunicavez','XYZ-123','2021-01-01',0,'unidades','activo',NULL,'2022-04-11 22:00:34.035261'),(2358,'ambulatorio',66,'663828','COCAÍNA, GC-MS - Confirmatorio.',1,4876.80,0,'porunicavez','XYZ-123','2021-01-01',0,'unidades','activo',NULL,'2022-04-11 22:00:34.055907'),(2359,'ambulatorio',66,'663837','COCCIDIOIDES INMITIS, Ac. Anti- BANDA F',1,0.00,0,'porunicavez','XYZ-123','2021-01-01',0,'unidades','activo',NULL,'2022-04-11 22:00:34.074963'),(2360,'ambulatorio',66,'663845','COCCIDIOIDES INMITIS, Ac. Anti- BANDA TP',1,0.00,0,'porunicavez','XYZ-123','2021-01-01',0,'unidades','activo',NULL,'2022-04-11 22:00:34.092243'),(2361,'ambulatorio',66,'663854','COCCIDIOIDES INMITIS, Ac. Anti- CIE',1,0.00,0,'porunicavez','XYZ-123','2021-01-01',0,'unidades','activo',NULL,'2022-04-11 22:00:34.110138'),(2362,'ambulatorio',66,'663860','COCCIDIOIDES INMITIS, Ac. Ig Totales Anti-',1,1625.60,0,'porunicavez','XYZ-123','2021-01-01',0,'unidades','activo',NULL,'2022-04-11 22:00:34.129482'),(2363,'ambulatorio',66,'663862','COCCIDIOIDES INMITIS, Ac. IgG Anti-',1,1137.92,0,'porunicavez','XYZ-123','2021-01-01',0,'unidades','activo',NULL,'2022-04-11 22:00:34.146345'),(2364,'ambulatorio',66,'663871','COCCIDIOIDES INMITIS, Ac. IgM Anti-',1,1137.92,0,'porunicavez','XYZ-123','2021-01-01',0,'unidades','activo',NULL,'2022-04-11 22:00:34.164183'),(2365,'ambulatorio',66,'663880','COCLEARES, Ac. Anti- (Anti- P68 KDA) (Western Blot)',1,6096.00,0,'porunicavez','XYZ-123','2021-01-01',0,'unidades','activo',NULL,'2022-04-11 22:00:34.180791'),(2366,'ambulatorio',66,'663888','CODEÍNA - sérica',1,2032.00,0,'porunicavez','XYZ-123','2021-01-01',0,'unidades','activo',NULL,'2022-04-11 22:00:34.197924'),(2367,'ambulatorio',66,'663890','CODEÍNA - urinaria',1,2032.00,0,'porunicavez','XYZ-123','2021-01-01',0,'unidades','activo',NULL,'2022-04-11 22:00:34.214434'),(2368,'ambulatorio',66,'663905','COFACTOR DE RISTOCETINA',1,2438.40,0,'porunicavez','XYZ-123','2021-01-01',0,'unidades','activo',NULL,'2022-04-11 22:00:34.231841'),(2369,'ambulatorio',66,'663910','COLESTEROL NO HDL',1,223.52,0,'porunicavez','XYZ-123','2021-01-01',0,'unidades','activo',NULL,'2022-04-11 22:00:34.250626'),(2370,'ambulatorio',66,'663922','COMPLEMENTO C1Q (PROTEINA 11S)',1,1137.92,0,'porunicavez','XYZ-123','2021-01-01',0,'unidades','activo',NULL,'2022-04-11 22:00:34.266356'),(2371,'ambulatorio',66,'663926','COMPLEMENTO C2',1,0.00,0,'porunicavez','XYZ-123','2021-01-01',0,'unidades','activo',NULL,'2022-04-11 22:00:34.282456'),(2372,'ambulatorio',66,'663939','CONCENTRACIÓN BACTERICIDA MÍNIMA (CBM)',1,1137.92,0,'porunicavez','XYZ-123','2021-01-01',0,'unidades','activo',NULL,'2022-04-11 22:00:34.301966'),(2373,'ambulatorio',66,'663948','CONCENTRACION INHIBITORIA MINIMA (CIM)',1,1137.92,0,'porunicavez','XYZ-123','2021-01-01',0,'unidades','activo',NULL,'2022-04-11 22:00:34.318601'),(2374,'ambulatorio',66,'663953','CONEXINA 26 -  MUTACIONES 35delG (GJB2) o Cx26 - PCR Para sordera hereditaria no sindrómica',1,3129.28,0,'porunicavez','XYZ-123','2021-01-01',0,'unidades','activo',NULL,'2022-04-11 22:00:34.335888'),(2375,'ambulatorio',66,'663955','CONEXINA 26 - SECUENCIACIÓN - PCR',1,4673.60,0,'porunicavez','XYZ-123','2021-01-01',0,'unidades','activo',NULL,'2022-04-11 22:00:34.357658'),(2376,'ambulatorio',66,'663960','COPROPORFIRINAS - eritrocitarias',1,609.60,0,'porunicavez','XYZ-123','2021-01-01',0,'unidades','activo',NULL,'2022-04-11 22:00:34.374099'),(2377,'ambulatorio',66,'663969','coronavirus (COVID-19)- SARS-Cov-2-Ac.Anti-IgA',1,1625.60,0,'porunicavez','XYZ-123','2021-01-01',0,'unidades','activo',NULL,'2022-04-11 22:00:34.391735'),(2378,'ambulatorio',66,'663970','coronavirus (COVID-19)- SARS-Cov-2 -Ac.Anti-IgG',1,1625.60,0,'porunicavez','XYZ-123','2021-01-01',0,'unidades','activo',NULL,'2022-04-11 22:00:34.408662'),(2379,'ambulatorio',66,'663971','coronavirus (COVID-19)- SARS-Cov-2 -Ac.Anti-IgM',1,1625.60,0,'porunicavez','XYZ-123','2021-01-01',0,'unidades','activo',NULL,'2022-04-11 22:00:34.426094'),(2380,'ambulatorio',66,'663972','coronavirus (COVID-19)- SARS-Cov-2 -Ac. Totales',1,1625.60,0,'porunicavez','XYZ-123','2021-01-01',0,'unidades','activo',NULL,'2022-04-11 22:00:34.443559'),(2381,'ambulatorio',66,'663974','COREA DE HUNTINGTON - PCR',1,20320.00,0,'porunicavez','XYZ-123','2021-01-01',0,'unidades','activo',NULL,'2022-04-11 22:00:34.460728'),(2382,'ambulatorio',66,'663976','coronavirus (COVID-19)- SARS-Cov-2 -Ag.(Cromatográfico-Test rápido)',1,3048.00,0,'porunicavez','XYZ-123','2021-01-01',0,'unidades','activo',NULL,'2022-04-11 22:00:34.481423'),(2383,'ambulatorio',66,'663978','coronavirus (COVID-19)- SARS-Cov-2-RT-PCR',1,6096.00,0,'porunicavez','XYZ-123','2021-01-01',0,'unidades','activo',NULL,'2022-04-11 22:00:34.497919'),(2384,'ambulatorio',66,'663982','CORPÚSCULOS METACROMÁTICOS - urinario',1,406.40,0,'porunicavez','XYZ-123','2021-01-01',0,'unidades','activo',NULL,'2022-04-11 22:00:34.515232'),(2385,'ambulatorio',66,'663994','CORRECCIÓN C/PLASMA NORMAL - aPTT',1,1016.00,0,'porunicavez','XYZ-123','2021-01-01',0,'unidades','activo',NULL,'2022-04-11 22:00:34.532795'),(2386,'ambulatorio',66,'663996','CORRECCIÓN C/PLASMA NORMAL - TP',1,1016.00,0,'porunicavez','XYZ-123','2021-01-01',0,'unidades','activo',NULL,'2022-04-11 22:00:34.550147'),(2387,'ambulatorio',66,'664002','CORTEX ADRENAL, Ac. ANTI- (A.A.C.A)',1,0.00,0,'porunicavez','XYZ-123','2021-01-01',0,'unidades','activo',NULL,'2022-04-11 22:00:34.567795'),(2388,'ambulatorio',66,'664008','CORTISOL LIBRE - urinario (CLU)',1,487.68,0,'porunicavez','XYZ-123','2021-01-01',0,'unidades','activo',NULL,'2022-04-11 22:00:34.585174'),(2389,'ambulatorio',66,'664012','CORTISOL - salival',1,487.68,0,'porunicavez','XYZ-123','2021-01-01',0,'unidades','activo',NULL,'2022-04-11 22:00:34.601745'),(2390,'ambulatorio',66,'664033','COTININA - sérica',1,1016.00,0,'porunicavez','XYZ-123','2021-01-01',0,'unidades','activo',NULL,'2022-04-11 22:00:34.617865'),(2391,'ambulatorio',66,'664035','COTININA - urinaria',1,1016.00,0,'porunicavez','XYZ-123','2021-01-01',0,'unidades','activo',NULL,'2022-04-11 22:00:34.634190'),(2392,'ambulatorio',66,'664050','COXIELLA BURNETTI, Ac. IgG Anti-',1,1219.20,0,'porunicavez','XYZ-123','2021-01-01',0,'unidades','activo',NULL,'2022-04-11 22:00:34.651279'),(2393,'ambulatorio',66,'664059','COXIELLA BURNETTI, Ac. IgM Anti-',1,1219.20,0,'porunicavez','XYZ-123','2021-01-01',0,'unidades','activo',NULL,'2022-04-11 22:00:34.668851'),(2394,'ambulatorio',66,'664068','COXSACKIE VIRUS A, 2-7-9, Ac. Anti- (c/u)',1,772.16,0,'porunicavez','XYZ-123','2021-01-01',0,'unidades','activo',NULL,'2022-04-11 22:00:34.686704'),(2395,'ambulatorio',66,'664076','COXSACKIE VIRUS B, 1-2-3-4-5-6, Ag. (c/u)',1,772.16,0,'porunicavez','XYZ-123','2021-01-01',0,'unidades','activo',NULL,'2022-04-11 22:00:34.703943'),(2396,'ambulatorio',66,'664085','COXSACKIE VIRUS B, 1-2-3-4-5-6, Ac. Anti- (pool)',1,772.16,0,'porunicavez','XYZ-123','2021-01-01',0,'unidades','activo',NULL,'2022-04-11 22:00:34.721442'),(2397,'ambulatorio',66,'664093','COXSACKIE VIRUS B, 1-2-3-4-5-6, Ac. Anti- (c/u)',1,772.16,0,'porunicavez','XYZ-123','2021-01-01',0,'unidades','activo',NULL,'2022-04-11 22:00:34.745268'),(2398,'ambulatorio',66,'664102','COXSACKIE VIRUS B, 1-2-3-4-5-6, Ac. IgM Anti- (c/u)',1,934.72,0,'porunicavez','XYZ-123','2021-01-01',0,'unidades','activo',NULL,'2022-04-11 22:00:34.763465'),(2399,'ambulatorio',66,'664105','CREATINA - sérica',1,406.40,0,'porunicavez','XYZ-123','2021-01-01',0,'unidades','activo',NULL,'2022-04-11 22:00:34.781380'),(2400,'ambulatorio',66,'664106','CREATINA - urinaria',1,406.40,0,'porunicavez','XYZ-123','2021-01-01',0,'unidades','activo',NULL,'2022-04-11 22:00:34.798526'),(2401,'ambulatorio',66,'664110','CRIOCRITO',1,406.40,0,'porunicavez','XYZ-123','2021-01-01',0,'unidades','activo',NULL,'2022-04-11 22:00:34.814535'),(2402,'ambulatorio',66,'664119','CRIOFIBRINÓGENO',1,406.40,0,'porunicavez','XYZ-123','2021-01-01',0,'unidades','activo',NULL,'2022-04-11 22:00:34.831370'),(2403,'ambulatorio',66,'664125','CRISTALIZACIÓN en lágrimas',1,284.48,0,'porunicavez','XYZ-123','2021-01-01',0,'unidades','activo',NULL,'2022-04-11 22:00:34.848582'),(2404,'ambulatorio',66,'664132','CROMO (Cr)- pelo',1,894.08,0,'porunicavez','XYZ-123','2021-01-01',0,'unidades','activo',NULL,'2022-04-11 22:00:34.866648'),(2405,'ambulatorio',66,'664134','CROMO (Cr) - sérico',1,812.80,0,'porunicavez','XYZ-123','2021-01-01',0,'unidades','activo',NULL,'2022-04-11 22:00:34.882995'),(2406,'ambulatorio',66,'664136','CROMO (Cr) - urinario',1,812.80,0,'porunicavez','XYZ-123','2021-01-01',0,'unidades','activo',NULL,'2022-04-11 22:00:34.901076'),(2407,'ambulatorio',66,'664141','CROMOGRANINA A',1,6096.00,0,'porunicavez','XYZ-123','2021-01-01',0,'unidades','activo',NULL,'2022-04-11 22:00:34.918997'),(2408,'ambulatorio',66,'664143','CROMOSOMA, ALTERACIONES del (c/u) Delección Cromosoma 13 (FISH)',1,16662.40,0,'porunicavez','XYZ-123','2021-01-01',0,'unidades','activo',NULL,'2022-04-11 22:00:34.935639'),(2409,'ambulatorio',66,'664144','CROMOSOMA, ALTERACIONES del (c/u) - Delección 17 P53 - (FISH)',1,16662.40,0,'porunicavez','XYZ-123','2021-01-01',0,'unidades','activo',NULL,'2022-04-11 22:00:34.954216'),(2410,'ambulatorio',66,'664145','CROMOSOMA, ALTERACIONES del (c/u) Delección cromosoma 6 MYB (FISH)',1,16662.40,0,'porunicavez','XYZ-123','2021-01-01',0,'unidades','activo',NULL,'2022-04-11 22:00:34.970452'),(2411,'ambulatorio',66,'664146','CROMOSOMA, ALTERACIONES del (c/u) Delección C11 ATM-5q-7q - gen ATM (FISH)',1,16662.40,0,'porunicavez','XYZ-123','2021-01-01',0,'unidades','activo',NULL,'2022-04-11 22:00:34.987741'),(2412,'ambulatorio',66,'664147','CROMOSOMA, ALTERACIONES del (c/u) TRISOMÍA 12 - CENTRÓMERO 12 (FISH)',1,16662.40,0,'porunicavez','XYZ-123','2021-01-01',0,'unidades','activo',NULL,'2022-04-11 22:00:35.004548'),(2413,'ambulatorio',66,'664150','CROMOSOMA FILADELFIA - PCR - LMC -',1,8940.80,0,'porunicavez','XYZ-123','2021-01-01',0,'unidades','activo',NULL,'2022-04-11 22:00:35.021309'),(2414,'ambulatorio',66,'664155','CROMOSOMA X, FRAGILIDAD - PCR',1,10160.00,0,'porunicavez','XYZ-123','2021-01-01',0,'unidades','activo',NULL,'2022-04-11 22:00:35.039298'),(2415,'ambulatorio',66,'664160','CROMOSOMA X, FISH',1,10160.00,0,'porunicavez','XYZ-123','2021-01-01',0,'unidades','activo',NULL,'2022-04-11 22:00:35.055163'),(2416,'ambulatorio',66,'664165','CROMOSOMA Y, DELECCIONES del',1,11176.00,0,'porunicavez','XYZ-123','2021-01-01',0,'unidades','activo',NULL,'2022-04-11 22:00:35.072883'),(2417,'ambulatorio',66,'664187','CROSS MATCH, AUTÓLOGO - Citom. de Flujo',1,8534.40,0,'porunicavez','XYZ-123','2021-01-01',0,'unidades','activo',NULL,'2022-04-11 22:00:35.091554'),(2418,'ambulatorio',66,'664190','CROSS MATCH, AUTÓLOGO - Linfotoxicidad.',1,2235.20,0,'porunicavez','XYZ-123','2021-01-01',0,'unidades','activo',NULL,'2022-04-11 22:00:35.110171'),(2419,'ambulatorio',66,'664196','CROSS MATCH, CONTRA PANEL',1,2641.60,0,'porunicavez','XYZ-123','2021-01-01',0,'unidades','activo',NULL,'2022-04-11 22:00:35.126990'),(2420,'ambulatorio',66,'664204','CROSS MATCH, DONANTE - Citom. de Flujo',1,9347.20,0,'porunicavez','XYZ-123','2021-01-01',0,'unidades','activo',NULL,'2022-04-11 22:00:35.143758'),(2421,'ambulatorio',66,'664213','CROSS MATCH, DONANTE - Linfotoxicidad.',1,2641.60,0,'porunicavez','XYZ-123','2021-01-01',0,'unidades','activo',NULL,'2022-04-11 22:00:35.161790'),(2422,'ambulatorio',66,'664221','CROSS MATCH, DTT',1,2641.60,0,'porunicavez','XYZ-123','2021-01-01',0,'unidades','activo',NULL,'2022-04-11 22:00:35.179192'),(2423,'ambulatorio',66,'664230','CROSS MATCH, MATRIMONIAL - Citometría de Flujo',1,12192.00,0,'porunicavez','XYZ-123','2021-01-01',0,'unidades','activo',NULL,'2022-04-11 22:00:35.194329'),(2424,'ambulatorio',66,'664240','CROSS MATCH, PACIENTE HIPERSENSIBILIZADO',1,4470.40,0,'porunicavez','XYZ-123','2021-01-01',0,'unidades','activo',NULL,'2022-04-11 22:00:35.211935'),(2425,'ambulatorio',66,'664256','CRYPTOSPORIDIUM Sp,',1,609.60,0,'porunicavez','XYZ-123','2021-01-01',0,'unidades','activo',NULL,'2022-04-11 22:00:35.229470'),(2426,'ambulatorio',66,'664264','CRYPTOCOCCUS NEOFORMANS, Ag.',1,1625.60,0,'porunicavez','XYZ-123','2021-01-01',0,'unidades','activo',NULL,'2022-04-11 22:00:35.245789'),(2427,'ambulatorio',66,'664266','CRYPTOCOCCUS NEOFORMANS, Ag. (Microscopía - Tinta china)',1,325.12,0,'porunicavez','XYZ-123','2021-01-01',0,'unidades','activo',NULL,'2022-04-11 22:00:35.263351'),(2428,'ambulatorio',66,'664290','CUERPOS REDUCTORES',1,284.48,0,'porunicavez','XYZ-123','2021-01-01',0,'unidades','activo',NULL,'2022-04-11 22:00:35.281846'),(2429,'ambulatorio',66,'664307','4,4\' -DDD (p,p\' -DDD) - 4,4\'- DICLORODIFENILDICLOROETANO',1,2438.40,0,'porunicavez','XYZ-123','2021-01-01',0,'unidades','activo',NULL,'2022-04-11 22:00:35.298422'),(2430,'ambulatorio',66,'664315','4,4\' -DDE (p,p\' - DDE) - 4,4\'- DICLORODIFENILDICLOROETILENO',1,2438.40,0,'porunicavez','XYZ-123','2021-01-01',0,'unidades','activo',NULL,'2022-04-11 22:00:35.315198'),(2431,'ambulatorio',66,'664324','4,4\' -DDT (p,p\' -DDT) - 4,4\'- DICLORODIFENILTRICLOROETANO',1,2438.40,0,'porunicavez','XYZ-123','2021-01-01',0,'unidades','activo',NULL,'2022-04-11 22:00:35.332830'),(2432,'ambulatorio',66,'664333','DEGRANULACIÓN DE BASÓFILOS - TEST DE ACTIVACIÓN DE BASÓFILOS',1,2032.00,0,'porunicavez','XYZ-123','2021-01-01',0,'unidades','activo',NULL,'2022-04-11 22:00:35.352677'),(2433,'ambulatorio',66,'664340','DEHIDROEPIANDROSTERONA',1,812.80,0,'porunicavez','XYZ-123','2021-01-01',0,'unidades','activo',NULL,'2022-04-11 22:00:35.369358'),(2434,'ambulatorio',66,'664361','DENGUE, Ac. Anti- IgG',1,1422.40,0,'porunicavez','XYZ-123','2021-01-01',0,'unidades','activo',NULL,'2022-04-11 22:00:35.389012'),(2435,'ambulatorio',66,'664363','DENGUE, Ac. Anti- IgM',1,1422.40,0,'porunicavez','XYZ-123','2021-01-01',0,'unidades','activo',NULL,'2022-04-11 22:00:35.406151'),(2436,'ambulatorio',66,'664365','DENGUE, Acs. Anti- IgG e IgM (Cualitativo)',1,1422.40,0,'porunicavez','XYZ-123','2021-01-01',0,'unidades','activo',NULL,'2022-04-11 22:00:35.422945'),(2437,'ambulatorio',66,'664367','DENGUE, Ag. - ELISA',1,1422.40,0,'porunicavez','XYZ-123','2021-01-01',0,'unidades','activo',NULL,'2022-04-11 22:00:35.439265'),(2438,'ambulatorio',66,'664369','DENGUE - PCR',1,4470.40,0,'porunicavez','XYZ-123','2021-01-01',0,'unidades','activo',NULL,'2022-04-11 22:00:35.456662'),(2439,'ambulatorio',66,'664370','DENGUE - SEROTIPIFICACIÓN',1,5283.20,0,'porunicavez','XYZ-123','2021-01-01',0,'unidades','activo',NULL,'2022-04-11 22:00:35.473974'),(2440,'ambulatorio',66,'664375','DEOXIPIRIDINOLINAS (DPD)',1,1137.92,0,'porunicavez','XYZ-123','2021-01-01',0,'unidades','activo',NULL,'2022-04-11 22:00:35.491284'),(2441,'ambulatorio',66,'664384','DESIPRAMINA',1,975.36,0,'porunicavez','XYZ-123','2021-01-01',0,'unidades','activo',NULL,'2022-04-11 22:00:35.508299'),(2442,'ambulatorio',66,'664387','DESMOGLEINA, Ac. Anti- Ag. 1 y 3 IgG',1,4470.40,0,'porunicavez','XYZ-123','2021-01-01',0,'unidades','activo',NULL,'2022-04-11 22:00:35.525007'),(2443,'ambulatorio',66,'664388','DIAZINÓN',1,2438.40,0,'porunicavez','XYZ-123','2021-01-01',0,'unidades','activo',NULL,'2022-04-11 22:00:35.541583'),(2444,'ambulatorio',66,'664392','DIELDRIN',1,2438.40,0,'porunicavez','XYZ-123','2021-01-01',0,'unidades','activo',NULL,'2022-04-11 22:00:35.557701'),(2445,'ambulatorio',66,'664418','DIMERO-D',1,1422.40,0,'porunicavez','XYZ-123','2021-01-01',0,'unidades','activo',NULL,'2022-04-11 22:00:35.575352'),(2446,'ambulatorio',66,'664435','DIMETOATO',1,2438.40,0,'porunicavez','XYZ-123','2021-01-01',0,'unidades','activo',NULL,'2022-04-11 22:00:35.594809'),(2447,'ambulatorio',66,'664444','DIMETOXIFENILETILAMINA, 3,4- (DMFA)',1,772.16,0,'porunicavez','XYZ-123','2021-01-01',0,'unidades','activo',NULL,'2022-04-11 22:00:35.610776'),(2448,'ambulatorio',66,'664452','DISULFOTÓN',1,2438.40,0,'porunicavez','XYZ-123','2021-01-01',0,'unidades','activo',NULL,'2022-04-11 22:00:35.636760'),(2449,'ambulatorio',66,'664461','DNA, SS - CADENA SIMPLE (DNAss)',1,1422.40,0,'porunicavez','XYZ-123','2021-01-01',0,'unidades','activo',NULL,'2022-04-11 22:00:35.654117'),(2450,'ambulatorio',66,'664469','DNA, DESNATURALIZADO, Ac. Anti -',1,1625.60,0,'porunicavez','XYZ-123','2021-01-01',0,'unidades','activo',NULL,'2022-04-11 22:00:35.672666'),(2451,'ambulatorio',66,'664478','DNA, Muestra Forense',1,56896.00,0,'porunicavez','XYZ-123','2021-01-01',0,'unidades','activo',NULL,'2022-04-11 22:00:35.690108'),(2452,'ambulatorio',66,'664503','DOPAMINA, TOTAL - sérica',1,812.80,0,'porunicavez','XYZ-123','2021-01-01',0,'unidades','activo',NULL,'2022-04-11 22:00:35.707464'),(2453,'ambulatorio',66,'664512','DOPAMINA LIBRE - urinaria',1,812.80,0,'porunicavez','XYZ-123','2021-01-01',0,'unidades','activo',NULL,'2022-04-11 22:00:35.725905'),(2454,'ambulatorio',66,'664546','ECHINOCOCCUS GRANULOSOS, Ac. IgG Anti-',1,934.72,0,'porunicavez','XYZ-123','2021-01-01',0,'unidades','activo',NULL,'2022-04-11 22:00:35.747091'),(2455,'ambulatorio',66,'664549','ECHINOCOCCUS GRANULOSOS, Ac. IgM Anti-',1,1016.00,0,'porunicavez','XYZ-123','2021-01-01',0,'unidades','activo',NULL,'2022-04-11 22:00:35.764486'),(2456,'ambulatorio',66,'664563','ECHO COXSACKIE, 1-6 Ac. IgG Anti-',1,975.36,0,'porunicavez','XYZ-123','2021-01-01',0,'unidades','activo',NULL,'2022-04-11 22:00:35.782098'),(2457,'ambulatorio',66,'664566','ECHO COXSACKIE, 1-6 IgM',1,1137.92,0,'porunicavez','XYZ-123','2021-01-01',0,'unidades','activo',NULL,'2022-04-11 22:00:35.797649'),(2458,'ambulatorio',66,'664580','ECHOVIRUS, Ac. IgG Anti-',1,1219.20,0,'porunicavez','XYZ-123','2021-01-01',0,'unidades','activo',NULL,'2022-04-11 22:00:35.813501'),(2459,'ambulatorio',66,'664583','ECHOVIRUS, Ac. IgM Anti-',1,1219.20,0,'porunicavez','XYZ-123','2021-01-01',0,'unidades','activo',NULL,'2022-04-11 22:00:35.837395'),(2460,'ambulatorio',66,'664590','ECTOPARÁSITOS, Búsqueda e identificación',1,1016.00,0,'porunicavez','XYZ-123','2021-01-01',0,'unidades','activo',NULL,'2022-04-11 22:00:35.855125'),(2461,'ambulatorio',66,'664600','ELASTASA PANCREÁTICA',1,4876.80,0,'porunicavez','XYZ-123','2021-01-01',0,'unidades','activo',NULL,'2022-04-11 22:00:35.872177'),(2462,'ambulatorio',66,'664615','EMBRIOTOXICIDAD, BIOENSAYO',1,0.00,0,'porunicavez','XYZ-123','2021-01-01',0,'unidades','activo',NULL,'2022-04-11 22:00:35.896941'),(2463,'ambulatorio',66,'664623','ENA, Ac. Anti- (Antígenos Nucleares Extraidos, Ac. Anti- ) - (SSA, SSB, RNP, Sm)',1,2032.00,0,'porunicavez','XYZ-123','2021-01-01',0,'unidades','activo',NULL,'2022-04-11 22:00:35.914676'),(2464,'ambulatorio',66,'664632','ENDOMISIO, Ac IgA Anti (EMA IgA)',1,568.96,0,'porunicavez','XYZ-123','2021-01-01',0,'unidades','activo',NULL,'2022-04-11 22:00:35.929617'),(2465,'ambulatorio',66,'664640','ENDOMISIO, Ac IgG Anti (EMA IgG)',1,568.96,0,'porunicavez','XYZ-123','2021-01-01',0,'unidades','activo',NULL,'2022-04-11 22:00:35.946050'),(2466,'ambulatorio',66,'664648','ENDOSULFAN I',1,2438.40,0,'porunicavez','XYZ-123','2021-01-01',0,'unidades','activo',NULL,'2022-04-11 22:00:35.963359'),(2467,'ambulatorio',66,'664649','ENDOSULFAN II',1,2438.40,0,'porunicavez','XYZ-123','2021-01-01',0,'unidades','activo',NULL,'2022-04-11 22:00:35.980348'),(2468,'ambulatorio',66,'664652','ENDOSULFAN SULFATO',1,2438.40,0,'porunicavez','XYZ-123','2021-01-01',0,'unidades','activo',NULL,'2022-04-11 22:00:35.996989'),(2469,'ambulatorio',66,'664666','ENDRIN',1,2438.40,0,'porunicavez','XYZ-123','2021-01-01',0,'unidades','activo',NULL,'2022-04-11 22:00:36.016397'),(2470,'ambulatorio',66,'664668','ENDRIN ALDEHIDO',1,0.00,0,'porunicavez','XYZ-123','2021-01-01',0,'unidades','activo',NULL,'2022-04-11 22:00:36.033562'),(2471,'ambulatorio',66,'664674','ENTAMOEBA HISTOLYTICA, Ac. IgG Anti-',1,1625.60,0,'porunicavez','XYZ-123','2021-01-01',0,'unidades','activo',NULL,'2022-04-11 22:00:36.051051'),(2472,'ambulatorio',66,'664677','ENTAMOEBA HISTOLYTICA, Ac. IgM Anti-',1,1625.60,0,'porunicavez','XYZ-123','2021-01-01',0,'unidades','activo',NULL,'2022-04-11 22:00:36.069153'),(2473,'ambulatorio',66,'664682','ENTEROCOCOS VANCOMICINA RESISTENTE - PCR',1,3860.80,0,'porunicavez','XYZ-123','2021-01-01',0,'unidades','activo',NULL,'2022-04-11 22:00:36.086290'),(2474,'ambulatorio',66,'664691','ENTEROVIRUS - PCR',1,3657.60,0,'porunicavez','XYZ-123','2021-01-01',0,'unidades','activo',NULL,'2022-04-11 22:00:36.104313'),(2475,'ambulatorio',66,'664700','ENZIMA CONVERTIDORA de ANGIOTENSINA (ECA)',1,1625.60,0,'porunicavez','XYZ-123','2021-01-01',0,'unidades','activo',NULL,'2022-04-11 22:00:36.121041'),(2476,'ambulatorio',66,'664709','EPSTEIN BARR, Anti- EBNA (Epstein Barr Nuclear Associated Antigen)',1,1625.60,0,'porunicavez','XYZ-123','2021-01-01',0,'unidades','activo',NULL,'2022-04-11 22:00:36.138100'),(2477,'ambulatorio',66,'664717','EPSTEIN BARR, detección cuantitativa - PCR',1,6096.00,0,'porunicavez','XYZ-123','2021-01-01',0,'unidades','activo',NULL,'2022-04-11 22:00:36.157128'),(2478,'ambulatorio',66,'664726','EPSTEIN BARR, Early Antig. Ac.',1,1219.20,0,'porunicavez','XYZ-123','2021-01-01',0,'unidades','activo',NULL,'2022-04-11 22:00:36.173977'),(2479,'ambulatorio',66,'664728','EPSTEIN BARR, detección cualitativa - PCR',1,3657.60,0,'porunicavez','XYZ-123','2021-01-01',0,'unidades','activo',NULL,'2022-04-11 22:00:36.189973'),(2480,'ambulatorio',66,'664734','ERITROPOYETINA (EPO)',1,1828.80,0,'porunicavez','XYZ-123','2021-01-01',0,'unidades','activo',NULL,'2022-04-11 22:00:36.206492'),(2481,'ambulatorio',66,'664738','ESCHERICHIA COLI - ENTEROPATÓGENA - PCR',1,3860.80,0,'porunicavez','XYZ-123','2021-01-01',0,'unidades','activo',NULL,'2022-04-11 22:00:36.222340'),(2482,'ambulatorio',66,'664749','ESPERMA, Ac. Anti- ESPERMATOZOIDES (DIRECTO)',1,609.60,0,'porunicavez','XYZ-123','2021-01-01',0,'unidades','activo',NULL,'2022-04-11 22:00:36.240881'),(2483,'ambulatorio',66,'664755','ESPERMA, Ac. Anti- ESPERMATOZOIDES (INDIRECTO)',1,609.60,0,'porunicavez','XYZ-123','2021-01-01',0,'unidades','activo',NULL,'2022-04-11 22:00:36.258363'),(2484,'ambulatorio',66,'664775','ESPERMA, CÉLULAS REDONDAS CON DIFERENCIACIÓN DE PEROXIDASAS',1,406.40,0,'porunicavez','XYZ-123','2021-01-01',0,'unidades','activo',NULL,'2022-04-11 22:00:36.274194'),(2485,'ambulatorio',66,'664778','ESPERMA, CÉLULAS REDONDAS TOTALES EN SEMEN',1,203.20,0,'porunicavez','XYZ-123','2021-01-01',0,'unidades','activo',NULL,'2022-04-11 22:00:36.291415'),(2486,'ambulatorio',66,'664793','ESPERMA, CONDENSACIÓN NUCLEAR DE LA CROMATINA (Azul Anilina, Tinción)',1,1016.00,0,'porunicavez','XYZ-123','2021-01-01',0,'unidades','activo',NULL,'2022-04-11 22:00:36.307691'),(2487,'ambulatorio',66,'664811','ESPERMA, DIGESTIÓN EN GELATINA ACROSÓMICA',1,812.80,0,'porunicavez','XYZ-123','2021-01-01',0,'unidades','activo',NULL,'2022-04-11 22:00:36.327597'),(2488,'ambulatorio',66,'664823','ESPERMA, ESPERMATOZOIDES EN ORINA, ESTUDIO DE RETROEYACULACIÓN',1,406.40,0,'porunicavez','XYZ-123','2021-01-01',0,'unidades','activo',NULL,'2022-04-11 22:00:36.363879'),(2489,'ambulatorio',66,'664825','ESPERMA, ESPERMATOZOIDES DE ORINA, RECUPERACIÓN PARA SELECCIÓN  DIAGNÓSTICA',1,2438.40,0,'porunicavez','XYZ-123','2021-01-01',0,'unidades','activo',NULL,'2022-04-11 22:00:36.383428'),(2490,'ambulatorio',66,'664827','ESPERMA, ESPERMATOZOIDES DE ORINA, RECUPERACIÓN PARA SELECCIÓN  EN INSEMINACIÓN',1,4876.80,0,'porunicavez','XYZ-123','2021-01-01',0,'unidades','activo',NULL,'2022-04-11 22:00:36.399986'),(2491,'ambulatorio',66,'664838','ESPERMA, HETEROGENEIDAD CROMATÍNICA (NARANJA DE ACRIDINA)',1,812.80,0,'porunicavez','XYZ-123','2021-01-01',0,'unidades','activo',NULL,'2022-04-11 22:00:36.418766'),(2492,'ambulatorio',66,'664846','ESPERMA, INDICE DE TERATOZOOSPERMIA',1,812.80,0,'porunicavez','XYZ-123','2021-01-01',0,'unidades','activo',NULL,'2022-04-11 22:00:36.435108'),(2493,'ambulatorio',66,'664858','ESPERMA - MODULO I (ESPERMOGRAMA COMPLETO)',1,1991.36,0,'porunicavez','XYZ-123','2021-01-01',0,'unidades','activo',NULL,'2022-04-11 22:00:36.451774'),(2494,'ambulatorio',66,'664860','ESPERMA - MODULO II',1,4348.48,0,'porunicavez','XYZ-123','2021-01-01',0,'unidades','activo',NULL,'2022-04-11 22:00:36.466863'),(2495,'ambulatorio',66,'664868','ESPERMA, MORFOLOGÍA CRITERIO ESTRICTO (OMS 2010 - MORFOLOGÍA KRUGER)',1,406.40,0,'porunicavez','XYZ-123','2021-01-01',0,'unidades','activo',NULL,'2022-04-11 22:00:36.481605'),(2496,'ambulatorio',66,'664878','ESPERMA, PRUEBA DE SOBREVIDA ESPERMÁTICA',1,406.40,0,'porunicavez','XYZ-123','2021-01-01',0,'unidades','activo',NULL,'2022-04-11 22:00:36.498967'),(2497,'ambulatorio',66,'664889','ESPERMA, RECUENTO DE ESPERMATOZOIDES',1,243.84,0,'porunicavez','XYZ-123','2021-01-01',0,'unidades','activo',NULL,'2022-04-11 22:00:36.531762'),(2498,'ambulatorio',66,'664923','ESPERMA, SELECCIÓN DE GRADIENTES (DIAGNÓSTICO)',1,2438.40,0,'porunicavez','XYZ-123','2021-01-01',0,'unidades','activo',NULL,'2022-04-11 22:00:36.545707'),(2499,'ambulatorio',66,'664930','ESPERMA, SELECCIÓN DE GRADIENTES (INSEMINACIÓN)',1,4064.00,0,'porunicavez','XYZ-123','2021-01-01',0,'unidades','activo',NULL,'2022-04-11 22:00:36.562550'),(2500,'ambulatorio',66,'664941','ESPERMA, SWIM UP (DIAGNÓSTICO)',1,2438.40,0,'porunicavez','XYZ-123','2021-01-01',0,'unidades','activo',NULL,'2022-04-11 22:00:36.580258'),(2501,'ambulatorio',66,'664949','ESPERMA, SWIM UP (INSEMINACIÓN)',1,4064.00,0,'porunicavez','XYZ-123','2021-01-01',0,'unidades','activo',NULL,'2022-04-11 22:00:36.599994'),(2502,'ambulatorio',66,'664964','ESPERMA, TEST DE FRAGMENTACIÓN DE ADN ESPERMÁTICO',1,4470.40,0,'porunicavez','XYZ-123','2021-01-01',0,'unidades','activo',NULL,'2022-04-11 22:00:36.617437'),(2503,'ambulatorio',66,'664971','ESPERMA, TEST DE HIPERACTIVACIÓN',1,894.08,0,'porunicavez','XYZ-123','2021-01-01',0,'unidades','activo',NULL,'2022-04-11 22:00:36.636560'),(2504,'ambulatorio',66,'664978','ESPERMA, TEST DE MOST',1,3048.00,0,'porunicavez','XYZ-123','2021-01-01',0,'unidades','activo',NULL,'2022-04-11 22:00:36.653356'),(2505,'ambulatorio',66,'664985','ESPERMA, TEST HIPOSMÓTICO',1,325.12,0,'porunicavez','XYZ-123','2021-01-01',0,'unidades','activo',NULL,'2022-04-11 22:00:36.671303'),(2506,'ambulatorio',66,'664999','ESTEATOCRITO (Grasas - materia fecal)',1,365.76,0,'porunicavez','XYZ-123','2021-01-01',0,'unidades','activo',NULL,'2022-04-11 22:00:36.689230'),(2507,'ambulatorio',66,'665008','ESTIRENO',1,650.24,0,'porunicavez','XYZ-123','2021-01-01',0,'unidades','activo',NULL,'2022-04-11 22:00:36.705247'),(2508,'ambulatorio',66,'665016','ESTRADIOL BIODISPONIBLE (E2 Biodisponible)',1,1016.00,0,'porunicavez','XYZ-123','2021-01-01',0,'unidades','activo',NULL,'2022-04-11 22:00:36.722483'),(2509,'ambulatorio',66,'665033','ESTRIOL LIBRE - sérico.',1,1422.40,0,'porunicavez','XYZ-123','2021-01-01',0,'unidades','activo',NULL,'2022-04-11 22:00:36.741823'),(2510,'ambulatorio',66,'665043','ETIÓN',1,2438.40,0,'porunicavez','XYZ-123','2021-01-01',0,'unidades','activo',NULL,'2022-04-11 22:00:36.759737'),(2511,'ambulatorio',66,'665050','EUGLOBULINAS, LISIS de (pre y post-isquemia)',1,609.60,0,'porunicavez','XYZ-123','2021-01-01',0,'unidades','activo',NULL,'2022-04-11 22:00:36.776560'),(2512,'ambulatorio',66,'665053','EVEROLIMUS',1,3657.60,0,'porunicavez','XYZ-123','2021-01-01',0,'unidades','activo',NULL,'2022-04-11 22:00:36.793614'),(2513,'ambulatorio',66,'665055','EXTASIS - MDMA (Inmunoensayo)',1,1828.80,0,'porunicavez','XYZ-123','2021-01-01',0,'unidades','activo',NULL,'2022-04-11 22:00:36.809510'),(2514,'ambulatorio',66,'665059','FACTOR de COAGULACIÓN II',1,1422.40,0,'porunicavez','XYZ-123','2021-01-01',0,'unidades','activo',NULL,'2022-04-11 22:00:36.825539'),(2515,'ambulatorio',66,'665067','FACTOR de COAGULACIÓN XI',1,1422.40,0,'porunicavez','XYZ-123','2021-01-01',0,'unidades','activo',NULL,'2022-04-11 22:00:36.844488'),(2516,'ambulatorio',66,'665076','FACTOR de COAGULACIÓN XII',1,1422.40,0,'porunicavez','XYZ-123','2021-01-01',0,'unidades','activo',NULL,'2022-04-11 22:00:36.860570'),(2517,'ambulatorio',66,'665077','FACTOR de COAGULACIÓN XIII',1,1422.40,0,'porunicavez','XYZ-123','2021-01-01',0,'unidades','activo',NULL,'2022-04-11 22:00:36.876568'),(2518,'ambulatorio',66,'665085','FACTOR INTRÍNSECO, Ac. Anti-',1,2235.20,0,'porunicavez','XYZ-123','2021-01-01',0,'unidades','activo',NULL,'2022-04-11 22:00:36.893272'),(2519,'ambulatorio',66,'665093','FACTOR REUMATOIDEO (Nefelometría)',1,650.24,0,'porunicavez','XYZ-123','2021-01-01',0,'unidades','activo',NULL,'2022-04-11 22:00:36.909498'),(2520,'ambulatorio',66,'665102','FACTOR V LEIDEN - PCR',1,3048.00,0,'porunicavez','XYZ-123','2021-01-01',0,'unidades','activo',NULL,'2022-04-11 22:00:36.933167'),(2521,'ambulatorio',66,'665116','FACTOR VON WILLEBRAND, Funcional',1,2844.80,0,'porunicavez','XYZ-123','2021-01-01',0,'unidades','activo',NULL,'2022-04-11 22:00:36.949053'),(2522,'ambulatorio',66,'665119','FACTOR VON WILLEBRAND (Inmunológico)',1,2438.40,0,'porunicavez','XYZ-123','2021-01-01',0,'unidades','activo',NULL,'2022-04-11 22:00:36.965753'),(2523,'ambulatorio',66,'665127','FAMPHUR (FAMFUR)',1,2438.40,0,'porunicavez','XYZ-123','2021-01-01',0,'unidades','activo',NULL,'2022-04-11 22:00:36.983618'),(2524,'ambulatorio',66,'665132','FELBAMATO',1,0.00,0,'porunicavez','XYZ-123','2021-01-01',0,'unidades','activo',NULL,'2022-04-11 22:00:36.998403'),(2525,'ambulatorio',66,'665136','FENCICLIDINA - FENILCICLOHEXILPIPERIDINA -PCP (IFP)',1,812.80,0,'porunicavez','XYZ-123','2021-01-01',0,'unidades','activo',NULL,'2022-04-11 22:00:37.014892'),(2526,'ambulatorio',66,'665144','FENETILAMINA - F.E.A.',1,1016.00,0,'porunicavez','XYZ-123','2021-01-01',0,'unidades','activo',NULL,'2022-04-11 22:00:37.032013'),(2527,'ambulatorio',66,'665204','FENITOTRIÓN',1,2438.40,0,'porunicavez','XYZ-123','2021-01-01',0,'unidades','activo',NULL,'2022-04-11 22:00:37.049193'),(2528,'ambulatorio',66,'665213','FENOLES - urinarios',1,772.16,0,'porunicavez','XYZ-123','2021-01-01',0,'unidades','activo',NULL,'2022-04-11 22:00:37.065404'),(2529,'ambulatorio',66,'665222','FENTANILO - urinario',1,2032.00,0,'porunicavez','XYZ-123','2021-01-01',0,'unidades','activo',NULL,'2022-04-11 22:00:37.083398'),(2530,'ambulatorio',66,'665230','FERRITINA',1,609.60,0,'porunicavez','XYZ-123','2021-01-01',0,'unidades','activo',NULL,'2022-04-11 22:00:37.098465'),(2531,'ambulatorio',66,'665238','FIBRINÓGENO, PRODUCTOS DE DEGRADACIÓN (P.D.F.) - urinario',1,1219.20,0,'porunicavez','XYZ-123','2021-01-01',0,'unidades','activo',NULL,'2022-04-11 22:00:37.113658'),(2532,'ambulatorio',66,'665247','FIBROSIS QUÍSTICA, 19 MUTACIONES - PCR',1,12598.40,0,'porunicavez','XYZ-123','2021-01-01',0,'unidades','activo',NULL,'2022-04-11 22:00:37.131044'),(2533,'ambulatorio',66,'665255','FIBROSIS QUÍSTICA, 29 MUTACIONES - PCR',1,18288.00,0,'porunicavez','XYZ-123','2021-01-01',0,'unidades','activo',NULL,'2022-04-11 22:00:37.148394'),(2534,'ambulatorio',66,'665258','FIBROSIS QUÍSTICA, 32 MUTACIONES - PCR',1,18897.60,0,'porunicavez','XYZ-123','2021-01-01',0,'unidades','activo',NULL,'2022-04-11 22:00:37.163134'),(2535,'ambulatorio',66,'665265','FIBROSIS QUISTICA, DF508',1,4064.00,0,'porunicavez','XYZ-123','2021-01-01',0,'unidades','activo',NULL,'2022-04-11 22:00:37.178942'),(2536,'ambulatorio',66,'665273','FILIACIÓN ESTUDIO DNA EXTRA (por cada uno agregado)',1,8128.00,0,'porunicavez','XYZ-123','2021-01-01',0,'unidades','activo',NULL,'2022-04-11 22:00:37.196165'),(2537,'ambulatorio',66,'665281','FILIACIÓN ESTUDIO DNA HASTA 3',1,28448.00,0,'porunicavez','XYZ-123','2021-01-01',0,'unidades','activo',NULL,'2022-04-11 22:00:37.214307'),(2538,'ambulatorio',66,'665290','FISH WILLIAMS',1,16662.40,0,'porunicavez','XYZ-123','2021-01-01',0,'unidades','activo',NULL,'2022-04-11 22:00:37.230534'),(2539,'ambulatorio',66,'665298','FK - 506 - Tacrolimus',1,2438.40,0,'porunicavez','XYZ-123','2021-01-01',0,'unidades','activo',NULL,'2022-04-11 22:00:37.246332'),(2540,'ambulatorio',66,'665300','FLAVIVIRUS',1,3657.60,0,'porunicavez','XYZ-123','2021-01-01',0,'unidades','activo',NULL,'2022-04-11 22:00:37.263100'),(2541,'ambulatorio',66,'665307','FORATO',1,2438.40,0,'porunicavez','XYZ-123','2021-01-01',0,'unidades','activo',NULL,'2022-04-11 22:00:37.280045'),(2542,'ambulatorio',66,'665319','FOSFATASA ÁCIDA LEUCOCITARIA',1,609.60,0,'porunicavez','XYZ-123','2021-01-01',0,'unidades','activo',NULL,'2022-04-11 22:00:37.297208'),(2543,'ambulatorio',66,'665324','FOSFATASA ACIDA PROSTATICA (RIA)',1,772.16,0,'porunicavez','XYZ-123','2021-01-01',0,'unidades','activo',NULL,'2022-04-11 22:00:37.314516'),(2544,'ambulatorio',66,'665332','FOSFATASA ÁCIDA TARTRATO RESISTENTE',1,325.12,0,'porunicavez','XYZ-123','2021-01-01',0,'unidades','activo',NULL,'2022-04-11 22:00:37.330395'),(2545,'ambulatorio',66,'665335','FOSFATASA ÁCIDA TARTRATO RESISTENTE LEUC.',1,487.68,0,'porunicavez','XYZ-123','2021-01-01',0,'unidades','activo',NULL,'2022-04-11 22:00:37.346160'),(2546,'ambulatorio',66,'665349','FOSFATASA ALCALINA OSEA (RIA)',1,1016.00,0,'porunicavez','XYZ-123','2021-01-01',0,'unidades','activo',NULL,'2022-04-11 22:00:37.362155'),(2547,'ambulatorio',66,'665375','FOSFATIDIL COLINA, Ac. IgG Anti-',1,731.52,0,'porunicavez','XYZ-123','2021-01-01',0,'unidades','activo',NULL,'2022-04-11 22:00:37.378093'),(2548,'ambulatorio',66,'665378','FOSFATIDIL COLINA, Ac. IgM Anti-',1,731.52,0,'porunicavez','XYZ-123','2021-01-01',0,'unidades','activo',NULL,'2022-04-11 22:00:37.396964'),(2549,'ambulatorio',66,'665392','FOSFATIDIL GLICEROL, Ac. IgG Anti-',1,812.80,0,'porunicavez','XYZ-123','2021-01-01',0,'unidades','activo',NULL,'2022-04-11 22:00:37.416294'),(2550,'ambulatorio',66,'665409','FOSFATIDIL INOSITOL, Ac. IgG Anti-',1,731.52,0,'porunicavez','XYZ-123','2021-01-01',0,'unidades','activo',NULL,'2022-04-11 22:00:37.433055'),(2551,'ambulatorio',66,'665412','FOSFATIDIL INOSITOL, Ac. IgM Anti-',1,731.52,0,'porunicavez','XYZ-123','2021-01-01',0,'unidades','activo',NULL,'2022-04-11 22:00:37.451755'),(2552,'ambulatorio',66,'665424','FOSFATIDIL SERINA, Ac. IgA Anti-',1,1422.40,0,'porunicavez','XYZ-123','2021-01-01',0,'unidades','activo',NULL,'2022-04-11 22:00:37.468884'),(2553,'ambulatorio',66,'665426','FOSFATIDIL SERINA, Ac. IgG ó Ac. Totales Anti-',1,1016.00,0,'porunicavez','XYZ-123','2021-01-01',0,'unidades','activo',NULL,'2022-04-11 22:00:37.486185'),(2554,'ambulatorio',66,'665428','FOSFATIDIL SERINA, Ac. IgM Anti-',1,1016.00,0,'porunicavez','XYZ-123','2021-01-01',0,'unidades','activo',NULL,'2022-04-11 22:00:37.503237'),(2555,'ambulatorio',66,'665443','FOSFOHEXOSA ISOMERASA, Sérica - PHI',1,243.84,0,'porunicavez','XYZ-123','2021-01-01',0,'unidades','activo',NULL,'2022-04-11 22:00:37.518487'),(2556,'ambulatorio',66,'665452','FOSFOLIPIDOS, Ac. IgG Anti-',1,812.80,0,'porunicavez','XYZ-123','2021-01-01',0,'unidades','activo',NULL,'2022-04-11 22:00:37.534257'),(2557,'ambulatorio',66,'665461','FOSFOLIPIDOS, Ac. IgM Anti-',1,812.80,0,'porunicavez','XYZ-123','2021-01-01',0,'unidades','activo',NULL,'2022-04-11 22:00:37.551831'),(2558,'ambulatorio',66,'665465','FOSFOLIPIDOS, Ac. Totales Anti- (IgA, IgG, IgM)',1,1016.00,0,'porunicavez','XYZ-123','2021-01-01',0,'unidades','activo',NULL,'2022-04-11 22:00:37.570715'),(2559,'ambulatorio',66,'665469','FREE ANDROGEN INDEX-FAI',1,1219.20,0,'porunicavez','XYZ-123','2021-01-01',0,'unidades','activo',NULL,'2022-04-11 22:00:37.590153'),(2560,'ambulatorio',66,'665472','FRIEDRICH, ATAXIA DE',1,18288.00,0,'porunicavez','XYZ-123','2021-01-01',0,'unidades','activo',NULL,'2022-04-11 22:00:37.612060'),(2561,'ambulatorio',66,'665478','FRUCTOSA, líquido seminal o sérica o urinaria',1,406.40,0,'porunicavez','XYZ-123','2021-01-01',0,'unidades','activo',NULL,'2022-04-11 22:00:37.630125'),(2562,'ambulatorio',66,'665486','FSH, Urinaria (HORMONA FOLÍCULO ESTIMULANTE - Urinaria)',1,0.00,0,'porunicavez','XYZ-123','2021-01-01',0,'unidades','activo',NULL,'2022-04-11 22:00:37.647478'),(2563,'ambulatorio',66,'665494','GABAPENTINA',1,0.00,0,'porunicavez','XYZ-123','2021-01-01',0,'unidades','activo',NULL,'2022-04-11 22:00:37.664795'),(2564,'ambulatorio',66,'665503','GAD, Ac. Anti- Glutamico Acid Decarboxilase (ÁCIDO GLUTÁMICO DESCARBOXILASA, Ac. Anti-)',1,1828.80,0,'porunicavez','XYZ-123','2021-01-01',0,'unidades','activo',NULL,'2022-04-11 22:00:37.682187'),(2565,'ambulatorio',66,'665508','GALACTOMANANO de ASPERGILLUS, Ag.',1,4064.00,0,'porunicavez','XYZ-123','2021-01-01',0,'unidades','activo',NULL,'2022-04-11 22:00:37.699156'),(2566,'ambulatorio',66,'665512','GALACTOSA 1-URIDIL FOSFOTRANSFERASA',1,3048.00,0,'porunicavez','XYZ-123','2021-01-01',0,'unidades','activo',NULL,'2022-04-11 22:00:37.718990'),(2567,'ambulatorio',66,'665529','GANGLIOSIDO ASIALO GM1, Ac. Anti-',1,8128.00,0,'porunicavez','XYZ-123','2021-01-01',0,'unidades','activo',NULL,'2022-04-11 22:00:37.741434'),(2568,'ambulatorio',66,'665533','GANGLIOSIDO GD 1B, Ac. Anti-',1,6096.00,0,'porunicavez','XYZ-123','2021-01-01',0,'unidades','activo',NULL,'2022-04-11 22:00:37.758689'),(2569,'ambulatorio',66,'665537','GANGLIOSIDO GM1, Ac. (IgG + IgM) Anti-',1,6096.00,0,'porunicavez','XYZ-123','2021-01-01',0,'unidades','activo',NULL,'2022-04-11 22:00:37.773864'),(2570,'ambulatorio',66,'665541','GANGLIOSIDO QUADROSIALO, GQ1b Ac. IgG',1,8128.00,0,'porunicavez','XYZ-123','2021-01-01',0,'unidades','activo',NULL,'2022-04-11 22:00:37.791050'),(2571,'ambulatorio',66,'665546','GANGLIOSIDOS PANEL, Ac. (IgG + IgM) GM1 Asialo, GM2, GD1A, GD1b, GQ1b',1,12192.00,0,'porunicavez','XYZ-123','2021-01-01',0,'unidades','activo',NULL,'2022-04-11 22:00:37.805671'),(2572,'ambulatorio',66,'665555','GENOTIPO de Rho (c/u)',1,609.60,0,'porunicavez','XYZ-123','2021-01-01',0,'unidades','activo',NULL,'2022-04-11 22:00:37.822283'),(2573,'ambulatorio',66,'665563','GENTAMICINA',1,1016.00,0,'porunicavez','XYZ-123','2021-01-01',0,'unidades','activo',NULL,'2022-04-11 22:00:37.840310'),(2574,'ambulatorio',66,'665572','GLIADINA, Ac. IgA Anti (AGA-IgA)',1,568.96,0,'porunicavez','XYZ-123','2021-01-01',0,'unidades','activo',NULL,'2022-04-11 22:00:37.857828'),(2575,'ambulatorio',66,'665576','GLIADINA, Ac. IgA Anti PEPTIDO DEAMINADO de (DGP-IgA Anti)',1,1219.20,0,'porunicavez','XYZ-123','2021-01-01',0,'unidades','activo',NULL,'2022-04-11 22:00:37.875286'),(2576,'ambulatorio',66,'665580','GLIADINA, Ac. IgG Anti - (AGA - IgG)',1,568.96,0,'porunicavez','XYZ-123','2021-01-01',0,'unidades','activo',NULL,'2022-04-11 22:00:37.898289'),(2577,'ambulatorio',66,'665583','GLIADINA, Ac. IgG Anti - PEPTIDO DEAMINADO DE (DGP - IgG Anti)',1,975.36,0,'porunicavez','XYZ-123','2021-01-01',0,'unidades','activo',NULL,'2022-04-11 22:00:37.914060'),(2578,'ambulatorio',66,'665589','GLICEROL, sérico',1,0.00,0,'porunicavez','XYZ-123','2021-01-01',0,'unidades','activo',NULL,'2022-04-11 22:00:37.931580'),(2579,'ambulatorio',66,'665597','GLICINA (HPLC)',1,0.00,0,'porunicavez','XYZ-123','2021-01-01',0,'unidades','activo',NULL,'2022-04-11 22:00:37.948103'),(2580,'ambulatorio',66,'665606','GLICOFORINA, Citometría de Flujo',1,1219.20,0,'porunicavez','XYZ-123','2021-01-01',0,'unidades','activo',NULL,'2022-04-11 22:00:37.965074'),(2581,'ambulatorio',66,'665621','GLICOSAMINOGLICANOS, cuantitativo',1,2844.80,0,'porunicavez','XYZ-123','2021-01-01',0,'unidades','activo',NULL,'2022-04-11 22:00:37.983220'),(2582,'ambulatorio',66,'665632','GLOBULINA LIGADORA DE ANDROGENOS Y ESTROGENOS (GLAE / SHBG)',1,894.08,0,'porunicavez','XYZ-123','2021-01-01',0,'unidades','activo',NULL,'2022-04-11 22:00:37.999456'),(2583,'ambulatorio',66,'665640','GLOBULINA LIGADORA DE CORTICOIDES (CBG)',1,0.00,0,'porunicavez','XYZ-123','2021-01-01',0,'unidades','activo',NULL,'2022-04-11 22:00:38.016920'),(2584,'ambulatorio',66,'665644','GLOBULINA TRANSPORTADORA DE TIROXINA (TBG)',1,1706.88,0,'porunicavez','XYZ-123','2021-01-01',0,'unidades','activo',NULL,'2022-04-11 22:00:38.035801'),(2585,'ambulatorio',66,'665649','GLUCOCEREBROSIDASA',1,5689.60,0,'porunicavez','XYZ-123','2021-01-01',0,'unidades','activo',NULL,'2022-04-11 22:00:38.054027'),(2586,'ambulatorio',66,'665666','GLUTATIÓN PEROXIDASA (GPO)',1,1016.00,0,'porunicavez','XYZ-123','2021-01-01',0,'unidades','activo',NULL,'2022-04-11 22:00:38.071561'),(2587,'ambulatorio',66,'665685','HAEMOPHILUS INFLUENZA, Ac. IgG Anti-',1,1625.60,0,'porunicavez','XYZ-123','2021-01-01',0,'unidades','activo',NULL,'2022-04-11 22:00:38.089218'),(2588,'ambulatorio',66,'665687','HAEMOPHILUS INFLUENZA, Ac. IgM Anti-',1,1625.60,0,'porunicavez','XYZ-123','2021-01-01',0,'unidades','activo',NULL,'2022-04-11 22:00:38.109658'),(2589,'ambulatorio',66,'665691','HAEMOPHILUS INFLUENZAE B, Ag. - plasmático',1,1016.00,0,'porunicavez','XYZ-123','2021-01-01',0,'unidades','activo',NULL,'2022-04-11 22:00:38.126825'),(2590,'ambulatorio',66,'665694','HAEMOPHILUS INFLUENZAE B, Ag. - urinario',1,1016.00,0,'porunicavez','XYZ-123','2021-01-01',0,'unidades','activo',NULL,'2022-04-11 22:00:38.143779'),(2591,'ambulatorio',66,'665708','HALOPERIDOL',1,1219.20,0,'porunicavez','XYZ-123','2021-01-01',0,'unidades','activo',NULL,'2022-04-11 22:00:38.162646'),(2592,'ambulatorio',66,'665715','HAM, PRUEBA DE',1,406.40,0,'porunicavez','XYZ-123','2021-01-01',0,'unidades','activo',NULL,'2022-04-11 22:00:38.178536'),(2593,'ambulatorio',66,'665724','HANTAVIRUS, Ac. IgG Anti-',1,2438.40,0,'porunicavez','XYZ-123','2021-01-01',0,'unidades','activo',NULL,'2022-04-11 22:00:38.196335'),(2594,'ambulatorio',66,'665726','HANTAVIRUS, Ac. IgM Anti-',1,2438.40,0,'porunicavez','XYZ-123','2021-01-01',0,'unidades','activo',NULL,'2022-04-11 22:00:38.213663'),(2595,'ambulatorio',66,'665743','HELICOBACTER PYLORI, Ac. IgA Anti-',1,894.08,0,'porunicavez','XYZ-123','2021-01-01',0,'unidades','activo',NULL,'2022-04-11 22:00:38.230155'),(2596,'ambulatorio',66,'665751','HELICOBACTER PYLORI, Ac. IgG  Anti-',1,650.24,0,'porunicavez','XYZ-123','2021-01-01',0,'unidades','activo',NULL,'2022-04-11 22:00:38.246605'),(2597,'ambulatorio',66,'665760','HELICOBACTER PYLORI, Ac. IgM Anti-',1,650.24,0,'porunicavez','XYZ-123','2021-01-01',0,'unidades','activo',NULL,'2022-04-11 22:00:38.263564'),(2598,'ambulatorio',66,'665768','HELICOBACTER PYLORI, Aire espirado',1,0.00,0,'porunicavez','XYZ-123','2021-01-01',0,'unidades','activo',NULL,'2022-04-11 22:00:38.282227'),(2599,'ambulatorio',66,'665777','HELICOBACTER PYLORI (Cultivo - Tipificación).',1,1137.92,0,'porunicavez','XYZ-123','2021-01-01',0,'unidades','activo',NULL,'2022-04-11 22:00:38.298296'),(2600,'ambulatorio',66,'665780','HEMATÍES, PRUEBA ELUSIÓN ÁCIDA DE',1,325.12,0,'porunicavez','XYZ-123','2021-01-01',0,'unidades','activo',NULL,'2022-04-11 22:00:38.316304'),(2601,'ambulatorio',66,'665785','HEMOCROMATOSIS, Gen HH - PCR (HEMOCROMATOSIS HEREDITARIA HH - Gen HFE- CROMOSOMA 6)',1,3251.20,0,'porunicavez','XYZ-123','2021-01-01',0,'unidades','activo',NULL,'2022-04-11 22:00:38.334171'),(2602,'ambulatorio',66,'665787','HEMOCROMATOSIS, MUTACIÓN Gen C282Y - PCR',1,3251.20,0,'porunicavez','XYZ-123','2021-01-01',0,'unidades','activo',NULL,'2022-04-11 22:00:38.350551'),(2603,'ambulatorio',66,'665789','HEMOCROMATOSIS, MUTACIÓN Gen H63D - PCR',1,3251.20,0,'porunicavez','XYZ-123','2021-01-01',0,'unidades','activo',NULL,'2022-04-11 22:00:38.366472'),(2604,'ambulatorio',66,'665791','HEMOCROMATOSIS, MUTACIÓN Gen S65C - PCR',1,3251.20,0,'porunicavez','XYZ-123','2021-01-01',0,'unidades','activo',NULL,'2022-04-11 22:00:38.385041'),(2605,'ambulatorio',66,'665797','HEMOCULTIVO AEROBIOS AUTOMATIZADO (c/u)',1,1016.00,0,'porunicavez','XYZ-123','2021-01-01',0,'unidades','activo',NULL,'2022-04-11 22:00:38.402997'),(2606,'ambulatorio',66,'665802','HEMOGLOBINA A1 (Hb-A1) Electroforesis',1,487.68,0,'porunicavez','XYZ-123','2021-01-01',0,'unidades','activo',NULL,'2022-04-11 22:00:38.417572'),(2607,'ambulatorio',66,'665811','HEMOGLOBINA A2 (HbA2) (Cromatografía/Intercambio Iónico)',1,812.80,0,'porunicavez','XYZ-123','2021-01-01',0,'unidades','activo',NULL,'2022-04-11 22:00:38.435490'),(2608,'ambulatorio',66,'665820','HEMOGLOBINA FETAL',1,406.40,0,'porunicavez','XYZ-123','2021-01-01',0,'unidades','activo',NULL,'2022-04-11 22:00:38.452043'),(2609,'ambulatorio',66,'665828','HEMOGLOBINA S',1,365.76,0,'porunicavez','XYZ-123','2021-01-01',0,'unidades','activo',NULL,'2022-04-11 22:00:38.470676'),(2610,'ambulatorio',66,'665837','HEMOGLOBINURIA PAROXÍSTICA NOCTURNA, DETECCIÓN de -  por Citometría de Flujo',1,7112.00,0,'porunicavez','XYZ-123','2021-01-01',0,'unidades','activo',NULL,'2022-04-11 22:00:38.489845'),(2611,'ambulatorio',66,'665845','HEMOPEXINA',1,0.00,0,'porunicavez','XYZ-123','2021-01-01',0,'unidades','activo',NULL,'2022-04-11 22:00:38.509708'),(2612,'ambulatorio',66,'665854','HEMOSIDERINURIA',1,365.76,0,'porunicavez','XYZ-123','2021-01-01',0,'unidades','activo',NULL,'2022-04-11 22:00:38.526765'),(2613,'ambulatorio',66,'665868','HEPARINA, Ac. Anti- (PFA4)',1,0.00,0,'porunicavez','XYZ-123','2021-01-01',0,'unidades','activo',NULL,'2022-04-11 22:00:38.543108'),(2614,'ambulatorio',66,'665871','HEPARINA, ACTIVIDAD ANTI XA de la (LMWH) - HEPARINA de BAJO PESO MOLECULAR (HBPM).',1,1625.60,0,'porunicavez','XYZ-123','2021-01-01',0,'unidades','activo',NULL,'2022-04-11 22:00:38.558831'),(2615,'ambulatorio',66,'665879','HEPÁTICOS, AUTOANTICUERPOS (panel)',1,0.00,0,'porunicavez','XYZ-123','2021-01-01',0,'unidades','activo',NULL,'2022-04-11 22:00:38.575945'),(2616,'ambulatorio',66,'665888','HEPATITIS A, Ac. Anti- IgG (HVA IgG) ó Ac. Totales  (RIA o ELISA)',1,609.60,0,'porunicavez','XYZ-123','2021-01-01',0,'unidades','activo',NULL,'2022-04-11 22:00:38.594189'),(2617,'ambulatorio',66,'665896','HEPATITIS B, Ac. Anti- \"e\" (HBe Ac)',1,609.60,0,'porunicavez','XYZ-123','2021-01-01',0,'unidades','activo',NULL,'2022-04-11 22:00:38.610530'),(2618,'ambulatorio',66,'665905','HEPATITIS B, Ac. Anti- \"Core\" IgM (HBcM) - (RIA o ELISA)',1,731.52,0,'porunicavez','XYZ-123','2021-01-01',0,'unidades','activo',NULL,'2022-04-11 22:00:38.630040'),(2619,'ambulatorio',66,'665914','HEPATITIS B, Carga viral',1,7518.40,0,'porunicavez','XYZ-123','2021-01-01',0,'unidades','activo',NULL,'2022-04-11 22:00:38.647351'),(2620,'ambulatorio',66,'665931','HEPATITIS B, DNA viral (HBV-DNA) (PCR - Cualitativo)',1,3251.20,0,'porunicavez','XYZ-123','2021-01-01',0,'unidades','activo',NULL,'2022-04-11 22:00:38.664060'),(2621,'ambulatorio',66,'665939','HEPATITIS C, Ac. Anti- IgM',1,2438.40,0,'porunicavez','XYZ-123','2021-01-01',0,'unidades','activo',NULL,'2022-04-11 22:00:38.680952'),(2622,'ambulatorio',66,'665945','HEPATITIS C, Antígeno',1,2438.40,0,'porunicavez','XYZ-123','2021-01-01',0,'unidades','activo',NULL,'2022-04-11 22:00:38.698744'),(2623,'ambulatorio',66,'665956','HEPATITIS C, Carga viral (PCR)',1,7518.40,0,'porunicavez','XYZ-123','2021-01-01',0,'unidades','activo',NULL,'2022-04-11 22:00:38.714727'),(2624,'ambulatorio',66,'665965','HEPATITIS C, Genotipificación (PCR)',1,5486.40,0,'porunicavez','XYZ-123','2021-01-01',0,'unidades','activo',NULL,'2022-04-11 22:00:38.734477'),(2625,'ambulatorio',66,'665973','HEPATITIS C, LIA',1,6096.00,0,'porunicavez','XYZ-123','2021-01-01',0,'unidades','activo',NULL,'2022-04-11 22:00:38.756274'),(2626,'ambulatorio',66,'665982','HEPATITIS C, RNA Cualitativo - PCR',1,4876.80,0,'porunicavez','XYZ-123','2021-01-01',0,'unidades','activo',NULL,'2022-04-11 22:00:38.774263'),(2627,'ambulatorio',66,'665990','HEPATITIS DELTA, Ac. IgG ó Totales Anti-',1,1950.72,0,'porunicavez','XYZ-123','2021-01-01',0,'unidades','activo',NULL,'2022-04-11 22:00:38.793170'),(2628,'ambulatorio',66,'665993','HEPATITIS DELTA, Ac. IgM Anti-',1,2032.00,0,'porunicavez','XYZ-123','2021-01-01',0,'unidades','activo',NULL,'2022-04-11 22:00:38.811357'),(2629,'ambulatorio',66,'666008','HEPATITIS E, Ac. IgG Anti-',1,1219.20,0,'porunicavez','XYZ-123','2021-01-01',0,'unidades','activo',NULL,'2022-04-11 22:00:38.839987'),(2630,'ambulatorio',66,'666011','HEPATITIS E - PCR',1,5080.00,0,'porunicavez','XYZ-123','2021-01-01',0,'unidades','activo',NULL,'2022-04-11 22:00:38.857721'),(2631,'ambulatorio',66,'666016','HEPTACLORO',1,2438.40,0,'porunicavez','XYZ-123','2021-01-01',0,'unidades','activo',NULL,'2022-04-11 22:00:38.876024'),(2632,'ambulatorio',66,'666019','HEPTACLORO HEPOXIDE',1,2438.40,0,'porunicavez','XYZ-123','2021-01-01',0,'unidades','activo',NULL,'2022-04-11 22:00:38.894836'),(2633,'ambulatorio',66,'666028','HER 2 / neu - ErbB2',1,20320.00,0,'porunicavez','XYZ-123','2021-01-01',0,'unidades','activo',NULL,'2022-04-11 22:00:38.911801'),(2634,'ambulatorio',66,'666034','HERPES SIMPLEX, 1 / 2 - Antic. Totales (IFI)',1,1219.20,0,'porunicavez','XYZ-123','2021-01-01',0,'unidades','activo',NULL,'2022-04-11 22:00:38.926740'),(2635,'ambulatorio',66,'666037','HERPES SIMPLEX, 1 / 2 - PCR',1,3657.60,0,'porunicavez','XYZ-123','2021-01-01',0,'unidades','activo',NULL,'2022-04-11 22:00:38.941486'),(2636,'ambulatorio',66,'666038','HERPES SIMPLEX, 1 / 2 - TIPIFICACIÓN - PCR',1,5283.20,0,'porunicavez','XYZ-123','2021-01-01',0,'unidades','activo',NULL,'2022-04-11 22:00:38.959896'),(2637,'ambulatorio',66,'666040','HERPES SIMPLEX 1, Ac. IgA Anti-',1,894.08,0,'porunicavez','XYZ-123','2021-01-01',0,'unidades','activo',NULL,'2022-04-11 22:00:38.978379'),(2638,'ambulatorio',66,'666042','HERPES SIMPLEX 1, Ac. IgG ó Totales Anti-',1,772.16,0,'porunicavez','XYZ-123','2021-01-01',0,'unidades','activo',NULL,'2022-04-11 22:00:38.995783'),(2639,'ambulatorio',66,'666050','HERPES SIMPLEX 1, Ac. IgM Anti-',1,772.16,0,'porunicavez','XYZ-123','2021-01-01',0,'unidades','activo',NULL,'2022-04-11 22:00:39.010693'),(2640,'ambulatorio',66,'666059','HERPES SIMPLEX 2, Ac. IgA Anti-',1,894.08,0,'anual','415','2021-01-01',0,'unidades','inactivo','2021-09-29','2022-04-11 22:00:39.025861'),(2641,'ambulatorio',66,'666067','HERPES SIMPLEX 2, Ac. IgG ó Totales Anti-',1,772.16,0,'porunicavez','XYZ-123','2021-01-01',0,'unidades','activo',NULL,'2022-04-11 22:00:39.043881'),(2642,'ambulatorio',66,'666076','HERPES SIMPLEX 2, Ac. IgM Anti-',1,772.16,0,'porunicavez','XYZ-123','2021-01-01',0,'unidades','activo',NULL,'2022-04-11 22:00:39.058486'),(2643,'ambulatorio',66,'666084','HERPES SIMPLEX, Ag.',1,1016.00,0,'porunicavez','XYZ-123','2021-01-01',0,'unidades','activo',NULL,'2022-04-11 22:00:39.074739'),(2644,'ambulatorio',66,'666093','HERPES VIRUS 6 HUMAN, Ac. IgG (HHV6-IgG) Anti-',1,1503.68,0,'porunicavez','XYZ-123','2021-01-01',0,'unidades','activo',NULL,'2022-04-11 22:00:39.090592'),(2645,'ambulatorio',66,'666096','HERPES VIRUS 6 HUMAN, Ac. IgM (HHV6-IgM) Anti-',1,1503.68,0,'porunicavez','XYZ-123','2021-01-01',0,'unidades','activo',NULL,'2022-04-11 22:00:39.106370'),(2646,'ambulatorio',66,'666098','HERPES VIRUS 6 HUMAN - PCR',1,3657.60,0,'porunicavez','XYZ-123','2021-01-01',0,'unidades','activo',NULL,'2022-04-11 22:00:39.122690'),(2647,'ambulatorio',66,'666100','HERPES VIRUS 6 HUMAN - Carga Viral',1,6096.00,0,'porunicavez','XYZ-123','2021-01-01',0,'unidades','activo',NULL,'2022-04-11 22:00:39.139914'),(2648,'ambulatorio',66,'666110','HERPES VIRUS 7, Ac. IgG Anti- HHV',1,1828.80,0,'porunicavez','XYZ-123','2021-01-01',0,'unidades','activo',NULL,'2022-04-11 22:00:39.157293'),(2649,'ambulatorio',66,'666113','HERPES VIRUS 7, Ac. IgM Anti- HHV',1,1828.80,0,'porunicavez','XYZ-123','2021-01-01',0,'unidades','activo',NULL,'2022-04-11 22:00:39.894486'),(2650,'ambulatorio',66,'666117','HERPES VIRUS 8 - Ac. IgG Anti- HHV',1,2438.40,0,'porunicavez','XYZ-123','2021-01-01',0,'unidades','activo',NULL,'2022-04-11 22:00:39.910237'),(2651,'ambulatorio',66,'666118','HERPES VIRUS 8 - Ac. IgM Anti- HHV',1,2438.40,0,'porunicavez','XYZ-123','2021-01-01',0,'unidades','activo',NULL,'2022-04-11 22:00:39.925626'),(2652,'ambulatorio',66,'666120','HERPES VIRUS 8 - PCR',1,3657.60,0,'porunicavez','XYZ-123','2021-01-01',0,'unidades','activo',NULL,'2022-04-11 22:00:39.943005'),(2653,'ambulatorio',66,'666136','HEXANO',1,650.24,0,'porunicavez','XYZ-123','2021-01-01',0,'unidades','activo',NULL,'2022-04-11 22:00:39.957811'),(2654,'ambulatorio',66,'666144','HEXANODIONA, (2,5-)',1,812.80,0,'porunicavez','XYZ-123','2021-01-01',0,'unidades','activo',NULL,'2022-04-11 22:00:39.973980'),(2655,'ambulatorio',66,'666153','HEXOSAMINIDASA TOTAL, A y B',1,12192.00,0,'porunicavez','XYZ-123','2021-01-01',0,'unidades','activo',NULL,'2022-04-11 22:00:39.991153'),(2656,'ambulatorio',66,'666170','HIDATIDOSIS, Ac. IgM Anti- (ELISA)',1,1016.00,0,'porunicavez','XYZ-123','2021-01-01',0,'unidades','activo',NULL,'2022-04-11 22:00:40.007754'),(2657,'ambulatorio',66,'666173','HIDATIDOSIS, Ac. IgM Anti- (IFI)',1,812.80,0,'porunicavez','XYZ-123','2021-01-01',0,'unidades','activo',NULL,'2022-04-11 22:00:40.025285'),(2658,'ambulatorio',66,'666183','HIDROCARBUROS ALIFÁTICOS',1,650.24,0,'porunicavez','XYZ-123','2021-01-01',0,'unidades','activo',NULL,'2022-04-11 22:00:40.043481'),(2659,'ambulatorio',66,'666187','HIDROCARBUROS AROMÁTICOS',1,650.24,0,'porunicavez','XYZ-123','2021-01-01',0,'unidades','activo',NULL,'2022-04-11 22:00:40.059005'),(2660,'ambulatorio',66,'666196','HIDROLASAS ÁCIDAS EN LEUCOCITOS',1,0.00,0,'porunicavez','XYZ-123','2021-01-01',0,'unidades','activo',NULL,'2022-04-11 22:00:40.078184'),(2661,'ambulatorio',66,'666204','HIDROXIPIRENO',1,812.80,0,'porunicavez','XYZ-123','2021-01-01',0,'unidades','activo',NULL,'2022-04-11 22:00:40.095081'),(2662,'ambulatorio',66,'666209','HIERRO, Médula Osea (MO) - TINCIÓN DE PERLS.',1,487.68,0,'porunicavez','XYZ-123','2021-01-01',0,'unidades','activo',NULL,'2022-04-11 22:00:40.115022'),(2663,'ambulatorio',66,'666211','HIERRO, TINCIÓN DE',1,325.12,0,'porunicavez','XYZ-123','2021-01-01',0,'unidades','activo',NULL,'2022-04-11 22:00:40.129866'),(2664,'ambulatorio',66,'666213','HIERRO - Urinario',1,162.56,0,'porunicavez','XYZ-123','2021-01-01',0,'unidades','activo',NULL,'2022-04-11 22:00:40.147011'),(2665,'ambulatorio',66,'666222','HISTAMINA - Plasmática',1,1544.32,0,'porunicavez','XYZ-123','2021-01-01',0,'unidades','activo',NULL,'2022-04-11 22:00:40.162876'),(2666,'ambulatorio',66,'666225','HISTAMINA - Urinaria',1,1544.32,0,'porunicavez','XYZ-123','2021-01-01',0,'unidades','activo',NULL,'2022-04-11 22:00:40.180528'),(2667,'ambulatorio',66,'666238','HISTONA, Ac. Anti-',1,1219.20,0,'porunicavez','XYZ-123','2021-01-01',0,'unidades','activo',NULL,'2022-04-11 22:00:40.197450'),(2668,'ambulatorio',66,'666247','HISTOPLASMA CAPSULATUM, Ac. IgG Anti-',1,975.36,0,'porunicavez','XYZ-123','2021-01-01',0,'unidades','activo',NULL,'2022-04-11 22:00:40.221152'),(2669,'ambulatorio',66,'666255','HISTOPLASMA CAPSULATUM, Ac. IgM Anti-',1,975.36,0,'porunicavez','XYZ-123','2021-01-01',0,'unidades','activo',NULL,'2022-04-11 22:00:40.242099'),(2670,'ambulatorio',66,'666264','HIV - PCR Cualitativo',1,3251.20,0,'porunicavez','XYZ-123','2021-01-01',0,'unidades','activo',NULL,'2022-04-11 22:00:40.259898'),(2671,'ambulatorio',66,'666272','HIV 1 ANTI-P-24 (core)',1,1381.76,0,'porunicavez','XYZ-123','2021-01-01',0,'unidades','activo',NULL,'2022-04-11 22:00:40.276462'),(2672,'ambulatorio',66,'666275','HIV - P-24 (Antigenemia)',1,1016.00,0,'porunicavez','XYZ-123','2021-01-01',0,'unidades','activo',NULL,'2022-04-11 22:00:40.295681'),(2673,'ambulatorio',66,'666278','HIV - P-24 - HIV 1 y 2 (Combo)',1,812.80,0,'porunicavez','XYZ-123','2021-01-01',0,'unidades','activo',NULL,'2022-04-11 22:00:40.313504'),(2674,'ambulatorio',66,'666281','HIV - RESISTENCIA A ANTIRETROVIRALES',1,16256.00,0,'porunicavez','XYZ-123','2021-01-01',0,'unidades','activo',NULL,'2022-04-11 22:00:40.331496'),(2675,'ambulatorio',66,'666284','HIV - RESISTENCIA A  INHIBIDORES DE INTEGRASA',1,6096.00,0,'porunicavez','XYZ-123','2021-01-01',0,'unidades','activo',NULL,'2022-04-11 22:00:40.347317'),(2676,'ambulatorio',66,'666300','HLA A, Molecular',1,6096.00,0,'porunicavez','XYZ-123','2021-01-01',0,'unidades','activo',NULL,'2022-04-11 22:00:40.362158'),(2677,'ambulatorio',66,'666303','HLA B, Molecular',1,6096.00,0,'porunicavez','XYZ-123','2021-01-01',0,'unidades','activo',NULL,'2022-04-11 22:00:40.379314'),(2678,'ambulatorio',66,'666332','HLA B 27 Molecular',1,3251.20,0,'porunicavez','XYZ-123','2021-01-01',0,'unidades','activo',NULL,'2022-04-11 22:00:40.396476'),(2679,'ambulatorio',66,'666337','HLA-B 5701 GENOTIPO, ABACAVIR HIPERSENSIBILIDAD, sangre',1,8128.00,0,'porunicavez','XYZ-123','2021-01-01',0,'unidades','activo',NULL,'2022-04-11 22:00:40.415613'),(2680,'ambulatorio',66,'666341','HLA C Molecular',1,5689.60,0,'porunicavez','XYZ-123','2021-01-01',0,'unidades','activo',NULL,'2022-04-11 22:00:40.432191'),(2681,'ambulatorio',66,'666401','HLA DQ Molecular',1,6502.40,0,'porunicavez','XYZ-123','2021-01-01',0,'unidades','activo',NULL,'2022-04-11 22:00:40.450213'),(2682,'ambulatorio',66,'666409','HLA DR Citometría Flujo',1,4064.00,0,'porunicavez','XYZ-123','2021-01-01',0,'unidades','activo',NULL,'2022-04-11 22:00:40.467200'),(2683,'ambulatorio',66,'666426','HLA DR Molecular',1,6096.00,0,'porunicavez','XYZ-123','2021-01-01',0,'unidades','activo',NULL,'2022-04-11 22:00:40.482331'),(2684,'ambulatorio',66,'666443','HLA DQA1, DQB1 (DIABETES) PCR',1,6502.40,0,'porunicavez','XYZ-123','2021-01-01',0,'unidades','activo',NULL,'2022-04-11 22:00:40.498525'),(2685,'ambulatorio',66,'666445','HLA DQ2-DQ8 (CELIAQUIA) PCR',1,6502.40,0,'porunicavez','XYZ-123','2021-01-01',0,'unidades','activo',NULL,'2022-04-11 22:00:40.514385'),(2686,'ambulatorio',66,'666452','HOMOCISTEINA',1,1219.20,0,'porunicavez','XYZ-123','2021-01-01',0,'unidades','activo',NULL,'2022-04-11 22:00:40.530078'),(2687,'ambulatorio',66,'666455','HOMOCISTINA, Orina',1,609.60,0,'porunicavez','XYZ-123','2021-01-01',0,'unidades','activo',NULL,'2022-04-11 22:00:40.548392'),(2688,'ambulatorio',66,'666486','HOWELL, TEST (Plasma recalcificado, tiempo de-)',1,203.20,0,'porunicavez','XYZ-123','2021-01-01',0,'unidades','activo',NULL,'2022-04-11 22:00:40.566465'),(2689,'ambulatorio',66,'666529','HTLV-1 Ac',1,1016.00,0,'porunicavez','XYZ-123','2021-01-01',0,'unidades','activo',NULL,'2022-04-11 22:00:40.582325'),(2690,'ambulatorio',66,'666533','HTLV-1 PCR',1,4064.00,0,'porunicavez','XYZ-123','2021-01-01',0,'unidades','activo',NULL,'2022-04-11 22:00:40.600391'),(2691,'ambulatorio',66,'666537','HTLV-I/II (Partículas o ELISA)',1,934.72,0,'porunicavez','XYZ-123','2021-01-01',0,'unidades','activo',NULL,'2022-04-11 22:00:40.619006'),(2692,'ambulatorio',66,'666540','HTLV, Confirmatorio (Western Blot)',1,4064.00,0,'porunicavez','XYZ-123','2021-01-01',0,'unidades','activo',NULL,'2022-04-11 22:00:40.635084'),(2693,'ambulatorio',66,'666554','Hu (ANNA-1) Ac. Anti-',1,4064.00,0,'porunicavez','XYZ-123','2021-01-01',0,'unidades','activo',NULL,'2022-04-11 22:00:40.650470'),(2694,'ambulatorio',66,'666560','IA 2, Ac. Anti- (Ac. Anti- TIROSINFOSFATASA 2)',1,2032.00,0,'porunicavez','XYZ-123','2021-01-01',0,'unidades','activo',NULL,'2022-04-11 22:00:40.672224'),(2695,'ambulatorio',66,'666570','IDENTIFICACIÓN MICROBIOLÓGICA AUTOMATIZADA.',1,2032.00,0,'porunicavez','XYZ-123','2021-01-01',0,'unidades','activo',NULL,'2022-04-11 22:00:40.689468'),(2696,'ambulatorio',66,'666572','IDENTIFICACIÓN MICROBIOLÓGICA POR PCR.',1,2032.00,0,'porunicavez','XYZ-123','2021-01-01',0,'unidades','activo',NULL,'2022-04-11 22:00:40.707915'),(2697,'ambulatorio',66,'666585','IgA BC - lágrima - INMUNOGLOBULINA A Baja Concentración en lágrima.',1,812.80,0,'porunicavez','XYZ-123','2021-01-01',0,'unidades','activo',NULL,'2022-04-11 22:00:40.725504'),(2698,'ambulatorio',66,'666587','IgA BC - LCR - INMUNOGLOBULINA A Baja Concentración en Líquido Céfalo Raquídeo.',1,243.84,0,'porunicavez','XYZ-123','2021-01-01',0,'unidades','activo',NULL,'2022-04-11 22:00:40.743611'),(2699,'ambulatorio',66,'666589','IgA BC - saliva - INMUNOGLOBULINA A Baja Concentración en saliva.',1,243.84,0,'porunicavez','XYZ-123','2021-01-01',0,'unidades','activo',NULL,'2022-04-11 22:00:40.761958'),(2700,'ambulatorio',66,'666597','IgE BC - INMUNOGLOBULINA E Baja Concentración.',1,487.68,0,'porunicavez','XYZ-123','2021-01-01',0,'unidades','activo',NULL,'2022-04-11 22:00:40.779027'),(2701,'ambulatorio',66,'666600','IgE BC - lágrimas - INMUNOGLOBULINA E Baja Concentración en lágrima.',1,812.80,0,'porunicavez','XYZ-123','2021-01-01',0,'unidades','activo',NULL,'2022-04-11 22:00:40.794907'),(2702,'ambulatorio',66,'666602','IgE BC - LCR - INMUNOGLOBULINA E Baja Concentración en Líquido Céfalo Raquídeo.',1,487.68,0,'porunicavez','XYZ-123','2021-01-01',0,'unidades','activo',NULL,'2022-04-11 22:00:40.811371'),(2703,'ambulatorio',66,'666606','IgE ESPECÍFICA - INMUNOGLOBULINA E ESPECÍFICA.',1,528.32,0,'porunicavez','XYZ-123','2021-01-01',0,'unidades','activo',NULL,'2022-04-11 22:00:40.829667'),(2704,'ambulatorio',66,'666614','IgE RAST - INMUNOGLOBULINA E - para antibióticos (incluye Penicilinas)',1,812.80,0,'porunicavez','XYZ-123','2021-01-01',0,'unidades','activo',NULL,'2022-04-11 22:00:40.846196'),(2705,'ambulatorio',66,'666634','IgG - INMUNOGLOBULINA G, ASOCIADA A PLAQUETAS.',1,0.00,0,'porunicavez','XYZ-123','2021-01-01',0,'unidades','activo',NULL,'2022-04-11 22:00:40.862953'),(2706,'ambulatorio',66,'666640','IgG - INMUNOGLOBULINA G, Índice de (LCR/Sérica)',1,1137.92,0,'porunicavez','XYZ-123','2021-01-01',0,'unidades','activo',NULL,'2022-04-11 22:00:40.879800'),(2707,'ambulatorio',66,'666648','IgG - LCR - INMUNOGLOBULINA G en Líquido Céfalo Raquídeo.',1,812.80,0,'porunicavez','XYZ-123','2021-01-01',0,'unidades','activo',NULL,'2022-04-11 22:00:40.897631'),(2708,'ambulatorio',66,'666652','IgG - INMUNOGLUBULINA G, INTOLERANCIA ALIMENTICIA (c/u)',1,406.40,0,'porunicavez','XYZ-123','2021-01-01',0,'unidades','activo',NULL,'2022-04-11 22:00:40.914004'),(2709,'ambulatorio',66,'666657','IgG - INMUNOGLOBULINA G, Subclases (Modulo 4 Subclases)',1,4470.40,0,'porunicavez','XYZ-123','2021-01-01',0,'unidades','activo',NULL,'2022-04-11 22:00:40.931232'),(2710,'ambulatorio',66,'666666','IgM - INMUNOGLOBULINA M, ASOCIADA A PLAQUETAS.',1,0.00,0,'porunicavez','XYZ-123','2021-01-01',0,'unidades','activo',NULL,'2022-04-11 22:00:40.947640'),(2711,'ambulatorio',66,'666674','IgM, LCR - INMUNOGLOBULINA M, en Líquido Céfalo Raquídeo.',1,487.68,0,'porunicavez','XYZ-123','2021-01-01',0,'unidades','activo',NULL,'2022-04-11 22:00:40.963905'),(2712,'ambulatorio',66,'666676','IgM - INMUNOGLOBULINA M Baja Concentración, en saliva',1,487.68,0,'porunicavez','XYZ-123','2021-01-01',0,'unidades','activo',NULL,'2022-04-11 22:00:40.980472'),(2713,'ambulatorio',66,'666700','INDICAN',1,203.20,0,'porunicavez','XYZ-123','2021-01-01',0,'unidades','activo',NULL,'2022-04-11 22:00:40.998981'),(2714,'ambulatorio',66,'666708','INDICE de INSULINO RESISTENCIA',1,548.64,0,'porunicavez','XYZ-123','2021-01-01',0,'unidades','activo',NULL,'2022-04-11 22:00:41.014179'),(2715,'ambulatorio',66,'666711','INDICE de FUNCIÓN RENAL',1,121.92,0,'porunicavez','XYZ-123','2021-01-01',0,'unidades','activo',NULL,'2022-04-11 22:00:41.031792'),(2716,'ambulatorio',66,'666713','INDICE de LESIÓN RENAL (ABUMINA / CREATININA) - urinario',1,629.92,0,'porunicavez','XYZ-123','2021-01-01',0,'unidades','activo',NULL,'2022-04-11 22:00:41.055485'),(2717,'ambulatorio',66,'666714','INDICE de LESIÓN RENAL (PROTEINAS / CREATININA) - urinario',1,182.88,0,'porunicavez','XYZ-123','2021-01-01',0,'unidades','activo',NULL,'2022-04-11 22:00:41.071042'),(2718,'ambulatorio',66,'666717','INDICE de PRODUCCIÓN RETICULOCITARIA',1,203.20,0,'porunicavez','XYZ-123','2021-01-01',0,'unidades','activo',NULL,'2022-04-11 22:00:41.085773'),(2719,'ambulatorio',66,'666720','INDICE de RESORCIÓN OSEA',1,203.20,0,'porunicavez','XYZ-123','2021-01-01',0,'unidades','activo',NULL,'2022-04-11 22:00:41.103137'),(2720,'ambulatorio',66,'666722','INDICE de RIESGO CARDIOVACULAR',1,81.28,0,'porunicavez','XYZ-123','2021-01-01',0,'unidades','activo',NULL,'2022-04-11 22:00:41.121971'),(2721,'ambulatorio',66,'666725','INFLUENZA A, ANTÍGENO (Ag.)',1,812.80,0,'porunicavez','XYZ-123','2021-01-01',0,'unidades','activo',NULL,'2022-04-11 22:00:41.147808'),(2722,'ambulatorio',66,'666728','INFLUENZA A, ANTIGENOS (Ags.) - Material: hisopado nasal / faríngeo / aspirados - PCR',1,3860.80,0,'porunicavez','XYZ-123','2021-01-01',0,'unidades','activo',NULL,'2022-04-11 22:00:41.162617'),(2723,'ambulatorio',66,'666730','INFLUENZA A, ANTIGENOS (Ags.) Suptipo H1N1 - Material: hisopado nasal / faríngeo / aspirados',1,812.80,0,'porunicavez','XYZ-123','2021-01-01',0,'unidades','activo',NULL,'2022-04-11 22:00:41.178069'),(2724,'ambulatorio',66,'666732','INFLUENZA A, ANTIGENOS (Ags.) Suptipo H1N1 - Material: hisopado nasal / faríngeo / aspirados - PCR',1,3860.80,0,'porunicavez','XYZ-123','2021-01-01',0,'unidades','activo',NULL,'2022-04-11 22:00:41.194660'),(2725,'ambulatorio',66,'666734','INFLUENZA A, Ac. IgG Anti-',1,650.24,0,'porunicavez','XYZ-123','2021-01-01',0,'unidades','activo',NULL,'2022-04-11 22:00:41.211755'),(2726,'ambulatorio',66,'666742','INFLUENZA A, Ac. IgM Anti-',1,731.52,0,'porunicavez','XYZ-123','2021-01-01',0,'unidades','activo',NULL,'2022-04-11 22:00:41.228767'),(2727,'ambulatorio',66,'666751','INFLUENZA B, Ac. IgG Anti-',1,650.24,0,'porunicavez','XYZ-123','2021-01-01',0,'unidades','activo',NULL,'2022-04-11 22:00:41.247152'),(2728,'ambulatorio',66,'666760','INFLUENZA B, Ac. IgM Anti-',1,731.52,0,'porunicavez','XYZ-123','2021-01-01',0,'unidades','activo',NULL,'2022-04-11 22:00:41.263382'),(2729,'ambulatorio',66,'666768','INFLUENZA B, ANTÍGENO (Ag.)',1,812.80,0,'porunicavez','XYZ-123','2021-01-01',0,'unidades','activo',NULL,'2022-04-11 22:00:41.281320'),(2730,'ambulatorio',66,'666788','INHIBINA B - sérica',1,4064.00,0,'porunicavez','XYZ-123','2021-01-01',0,'unidades','activo',NULL,'2022-04-11 22:00:41.300643'),(2731,'ambulatorio',66,'666819','INMUNOCOMPLEJOS CIRCULANTES (CIC)',1,1219.20,0,'porunicavez','XYZ-123','2021-01-01',0,'unidades','activo',NULL,'2022-04-11 22:00:41.319610'),(2732,'ambulatorio',66,'666848','INMUNOFIJACIÓN - LCR',1,2032.00,0,'porunicavez','XYZ-123','2021-01-01',0,'unidades','activo',NULL,'2022-04-11 22:00:41.335089'),(2733,'ambulatorio',66,'666850','INMUNOFIJACIÓN - sérica',1,2032.00,0,'porunicavez','XYZ-123','2021-01-01',0,'unidades','activo',NULL,'2022-04-11 22:00:41.351080'),(2734,'ambulatorio',66,'666852','INMUNOFIJACIÓN - urinaria',1,2032.00,0,'porunicavez','XYZ-123','2021-01-01',0,'unidades','activo',NULL,'2022-04-11 22:00:41.367741'),(2735,'ambulatorio',66,'666856','INMUNOMARCACIÓN EN SANGRE PERIFÉRICA.',1,0.00,0,'porunicavez','XYZ-123','2021-01-01',0,'unidades','activo',NULL,'2022-04-11 22:00:41.383957'),(2736,'ambulatorio',66,'666862','INSULINA, Ac. Anti- (Ac. Anti- IAA)',1,1422.40,0,'porunicavez','XYZ-123','2021-01-01',0,'unidades','activo',NULL,'2022-04-11 22:00:41.400664'),(2737,'ambulatorio',66,'666871','INTERFERON GAMMA',1,4064.00,0,'porunicavez','XYZ-123','2021-01-01',0,'unidades','activo',NULL,'2022-04-11 22:00:41.417800'),(2738,'ambulatorio',66,'666879','INTERLEUQUINA (c/u)',1,4064.00,0,'porunicavez','XYZ-123','2021-01-01',0,'unidades','activo',NULL,'2022-04-11 22:00:41.435648'),(2739,'ambulatorio',66,'666888','IODO-AZIDA Prueba de',1,365.76,0,'porunicavez','XYZ-123','2021-01-01',0,'unidades','activo',NULL,'2022-04-11 22:00:41.450849'),(2740,'ambulatorio',66,'666896','IONOGRAMA - materia fecal',1,284.48,0,'porunicavez','XYZ-123','2021-01-01',0,'unidades','activo',NULL,'2022-04-11 22:00:41.465836'),(2741,'ambulatorio',66,'666998','IRREGULARES ANTICUERPOS, Identificación.',1,609.60,0,'porunicavez','XYZ-123','2021-01-01',0,'unidades','activo',NULL,'2022-04-11 22:00:41.483194'),(2742,'ambulatorio',66,'666905','ISLOTE LANGERHANS PANCREÁTICOS, Ac. Anti- (ICA)',1,1016.00,0,'porunicavez','XYZ-123','2021-01-01',0,'unidades','activo',NULL,'2022-04-11 22:00:41.501886'),(2743,'ambulatorio',66,'666912','JO-1, Ac. Anti-',1,1016.00,0,'porunicavez','XYZ-123','2021-01-01',0,'unidades','activo',NULL,'2022-04-11 22:00:41.518993'),(2744,'ambulatorio',66,'666919','KETAMINA - urinaria',1,2032.00,0,'porunicavez','XYZ-123','2021-01-01',0,'unidades','activo',NULL,'2022-04-11 22:00:41.534641'),(2745,'ambulatorio',66,'666925','KREMER, TEST DE',1,1016.00,0,'porunicavez','XYZ-123','2021-01-01',0,'unidades','activo',NULL,'2022-04-11 22:00:41.551086'),(2746,'ambulatorio',66,'666930','LA, Ac. Anti- (LA/SSB)',1,609.60,0,'porunicavez','XYZ-123','2021-01-01',0,'unidades','activo',NULL,'2022-04-11 22:00:41.569075'),(2747,'ambulatorio',66,'666932','LACTOCRITO',1,325.12,0,'porunicavez','XYZ-123','2021-01-01',0,'unidades','activo',NULL,'2022-04-11 22:00:41.585925'),(2748,'ambulatorio',66,'666936','LACTOFERRINA.',1,568.96,0,'porunicavez','XYZ-123','2021-01-01',0,'unidades','activo',NULL,'2022-04-11 22:00:41.602889'),(2749,'ambulatorio',66,'666939','LACTOSA, TOLERANCIA A LA',1,304.80,0,'porunicavez','XYZ-123','2021-01-01',0,'unidades','activo',NULL,'2022-04-11 22:00:41.619694'),(2750,'ambulatorio',66,'666947','LC-1, Ac. Anti-',1,812.80,0,'porunicavez','XYZ-123','2021-01-01',0,'unidades','activo',NULL,'2022-04-11 22:00:41.666664'),(2751,'ambulatorio',66,'666956','LEGIONELLA PNEUMOPHILA, Ac. IgG Anti-',1,812.80,0,'porunicavez','XYZ-123','2021-01-01',0,'unidades','activo',NULL,'2022-04-11 22:00:41.682874'),(2752,'ambulatorio',66,'666958','LEGIONELLA PNEUMOPHILA, Ac. IgM Anti-',1,812.80,0,'porunicavez','XYZ-123','2021-01-01',0,'unidades','activo',NULL,'2022-04-11 22:00:41.699166'),(2753,'ambulatorio',66,'666970','LEGIONELLA PNEUMOPHILA, Ag.',1,0.00,0,'porunicavez','XYZ-123','2021-01-01',0,'unidades','activo',NULL,'2022-04-11 22:00:41.719729'),(2754,'ambulatorio',66,'666975','LEISHMANIA, Ac. Anti-',1,1016.00,0,'porunicavez','XYZ-123','2021-01-01',0,'unidades','activo',NULL,'2022-04-11 22:00:41.734484'),(2755,'ambulatorio',66,'666978','LEISHMANIA - PCR',1,3860.80,0,'porunicavez','XYZ-123','2021-01-01',0,'unidades','activo',NULL,'2022-04-11 22:00:41.750158'),(2756,'ambulatorio',66,'666982','LEPTINA',1,2032.00,0,'porunicavez','XYZ-123','2021-01-01',0,'unidades','activo',NULL,'2022-04-11 22:00:41.767738'),(2757,'ambulatorio',66,'666990','LEPTOSPIRA, Ac. Anti- (ELISA / IFI)',1,772.16,0,'porunicavez','XYZ-123','2021-01-01',0,'unidades','activo',NULL,'2022-04-11 22:00:41.785114'),(2758,'ambulatorio',66,'666999','LEPTOSPIRA, Ac. Anti- (HAI / macroaglutinación)',1,812.80,0,'porunicavez','XYZ-123','2021-01-01',0,'unidades','activo',NULL,'2022-04-11 22:00:41.802328'),(2759,'ambulatorio',66,'667007','LEPTOSPIRA, Ac. IgM Anti-',1,1219.20,0,'porunicavez','XYZ-123','2021-01-01',0,'unidades','activo',NULL,'2022-04-11 22:00:41.818190'),(2760,'ambulatorio',66,'667010','LEPTOSPIRA (Confirmatorio - Microaglutinación)',1,1137.92,0,'porunicavez','XYZ-123','2021-01-01',0,'unidades','activo',NULL,'2022-04-11 22:00:41.835806'),(2761,'ambulatorio',66,'667013','LEPTOSPIRA (cultivo)',1,812.80,0,'porunicavez','XYZ-123','2021-01-01',0,'unidades','activo',NULL,'2022-04-11 22:00:41.853090'),(2762,'ambulatorio',66,'667027','LEUCINA - sérica (AA) (incluida en el perfil de AA en diferentes matrices - Cromatografía de AA)',1,0.00,0,'porunicavez','XYZ-123','2021-01-01',0,'unidades','activo',NULL,'2022-04-11 22:00:41.870353'),(2763,'ambulatorio',66,'667059','LEVADURAS SENSIBILIDAD - SCREENING',1,0.00,0,'porunicavez','XYZ-123','2021-01-01',0,'unidades','activo',NULL,'2022-04-11 22:00:41.889533'),(2764,'ambulatorio',66,'667064','LEVADURAS TIPIFICACIÓN',1,1219.20,0,'porunicavez','XYZ-123','2021-01-01',0,'unidades','activo',NULL,'2022-04-11 22:00:41.905932'),(2765,'ambulatorio',66,'667076','LEVODOPA - sérica',1,1137.92,0,'porunicavez','XYZ-123','2021-01-01',0,'unidades','activo',NULL,'2022-04-11 22:00:41.921408'),(2766,'ambulatorio',66,'667079','LEVODOPA - urinaria',1,1137.92,0,'porunicavez','XYZ-123','2021-01-01',0,'unidades','activo',NULL,'2022-04-11 22:00:41.939404'),(2767,'ambulatorio',66,'667093','LEVULOSA - semen',1,0.00,0,'porunicavez','XYZ-123','2021-01-01',0,'unidades','activo',NULL,'2022-04-11 22:00:41.955727'),(2768,'ambulatorio',66,'667096','LEVULOSA - sérica',1,0.00,0,'porunicavez','XYZ-123','2021-01-01',0,'unidades','activo',NULL,'2022-04-11 22:00:41.971901'),(2769,'ambulatorio',66,'667099','LEVULOSA - urinaria',1,0.00,0,'porunicavez','XYZ-123','2021-01-01',0,'unidades','activo',NULL,'2022-04-11 22:00:41.995267'),(2770,'ambulatorio',66,'667119','LINDANE',1,2438.40,0,'porunicavez','XYZ-123','2021-01-01',0,'unidades','activo',NULL,'2022-04-11 22:00:42.010055'),(2771,'ambulatorio',66,'667127','LINFOCITARIO, CULTIVO MIXTO',1,0.00,0,'porunicavez','XYZ-123','2021-01-01',0,'unidades','activo',NULL,'2022-04-11 22:00:42.025804'),(2772,'ambulatorio',66,'667153','LINFOCITOS PERIFÉRICOS \"SRY\"',1,0.00,0,'porunicavez','XYZ-123','2021-01-01',0,'unidades','activo',NULL,'2022-04-11 22:00:42.042044'),(2773,'ambulatorio',66,'667170','LIPASA - urinaria (Lipasuria)',1,162.56,0,'porunicavez','XYZ-123','2021-01-01',0,'unidades','activo',NULL,'2022-04-11 22:00:42.058236'),(2774,'ambulatorio',66,'667187','LIPOPROTEINA a - Lp(a)',1,812.80,0,'porunicavez','XYZ-123','2021-01-01',0,'unidades','activo',NULL,'2022-04-11 22:00:42.077948'),(2775,'ambulatorio',66,'667210','LISOZIMA',1,812.80,0,'porunicavez','XYZ-123','2021-01-01',0,'unidades','activo',NULL,'2022-04-11 22:00:42.094441'),(2776,'ambulatorio',66,'667230','LISTERIA, CULTIVO',1,487.68,0,'porunicavez','XYZ-123','2021-01-01',0,'unidades','activo',NULL,'2022-04-11 22:00:42.111026'),(2777,'ambulatorio',66,'667240','LISTERIA, Ac. IgM Anti-',1,487.68,0,'porunicavez','XYZ-123','2021-01-01',0,'unidades','activo',NULL,'2022-04-11 22:00:42.126268'),(2778,'ambulatorio',66,'667242','LISTERIA - PCR',1,3251.20,0,'porunicavez','XYZ-123','2021-01-01',0,'unidades','activo',NULL,'2022-04-11 22:00:42.142677'),(2779,'ambulatorio',66,'667260','LIXITOL',1,2438.40,0,'porunicavez','XYZ-123','2021-01-01',0,'unidades','activo',NULL,'2022-04-11 22:00:42.157908'),(2780,'ambulatorio',66,'667262','LKM, Ac. Anti-',1,812.80,0,'porunicavez','XYZ-123','2021-01-01',0,'unidades','activo',NULL,'2022-04-11 22:00:42.174042'),(2781,'ambulatorio',66,'667270','LYNCH, SINDROME DE - GEN MLH1 (MYH)',1,93472.00,0,'porunicavez','XYZ-123','2021-01-01',0,'unidades','activo',NULL,'2022-04-11 22:00:42.192365'),(2782,'ambulatorio',66,'667271','LYNCH, SINDROME DE - GEN MSH2 SECUENCIACIÓN COMPLETA (M2Y)',1,65024.00,0,'porunicavez','XYZ-123','2021-01-01',0,'unidades','activo',NULL,'2022-04-11 22:00:42.208759'),(2783,'ambulatorio',66,'667273','LYNCH, SINDROME DE - GEN MSH6 (M6Y)',1,73152.00,0,'porunicavez','XYZ-123','2021-01-01',0,'unidades','activo',NULL,'2022-04-11 22:00:42.226758'),(2784,'ambulatorio',66,'667274','LYNCH, SINDROME DE - GEN PMS2 (M3Y)',1,75184.00,0,'porunicavez','XYZ-123','2021-01-01',0,'unidades','activo',NULL,'2022-04-11 22:00:42.242876'),(2785,'ambulatorio',66,'667275','LYNCH, SINDROME DE - GEN (MLH1, MSH2, MSH6, PMS2)',1,231648.00,0,'porunicavez','XYZ-123','2021-01-01',0,'unidades','activo',NULL,'2022-04-11 22:00:42.259374'),(2786,'ambulatorio',66,'667278','MACROAMILASA',1,1016.00,0,'porunicavez','XYZ-123','2021-01-01',0,'unidades','activo',NULL,'2022-04-11 22:00:42.276436'),(2787,'ambulatorio',66,'667284','MACRO CK',1,568.96,0,'porunicavez','XYZ-123','2021-01-01',0,'unidades','activo',NULL,'2022-04-11 22:00:42.300081'),(2788,'ambulatorio',66,'667289','MACROPROLACTINEMIA',1,1219.20,0,'porunicavez','XYZ-123','2021-01-01',0,'unidades','activo',NULL,'2022-04-11 22:00:42.319146'),(2789,'ambulatorio',66,'667300','MAGNESIO - eritrocitario',1,812.80,0,'porunicavez','XYZ-123','2021-01-01',0,'unidades','activo',NULL,'2022-04-11 22:00:42.334340'),(2790,'ambulatorio',66,'667304','MAGNESIO - pelo',1,1219.20,0,'porunicavez','XYZ-123','2021-01-01',0,'unidades','activo',NULL,'2022-04-11 22:00:42.350260'),(2791,'ambulatorio',66,'667315','MAG-SGPG, Ac. IgM',1,4876.80,0,'porunicavez','XYZ-123','2021-01-01',0,'unidades','activo',NULL,'2022-04-11 22:00:42.367039'),(2792,'ambulatorio',66,'667319','MALATION',1,2438.40,0,'porunicavez','XYZ-123','2021-01-01',0,'unidades','activo',NULL,'2022-04-11 22:00:42.383121'),(2793,'ambulatorio',66,'667324','MALÓN DIALDEHIDO - TBARS',1,772.16,0,'porunicavez','XYZ-123','2021-01-01',0,'unidades','activo',NULL,'2022-04-11 22:00:42.400071'),(2794,'ambulatorio',66,'667338','MANGANESO - pelo',1,1219.20,0,'porunicavez','XYZ-123','2021-01-01',0,'unidades','activo',NULL,'2022-04-11 22:00:42.416938'),(2795,'ambulatorio',66,'667341','MANGANESO - sérico',1,812.80,0,'porunicavez','XYZ-123','2021-01-01',0,'unidades','activo',NULL,'2022-04-11 22:00:42.434892'),(2796,'ambulatorio',66,'667343','MANGANESO - urinario',1,812.80,0,'porunicavez','XYZ-123','2021-01-01',0,'unidades','activo',NULL,'2022-04-11 22:00:42.449796'),(2797,'ambulatorio',66,'667349','MAO plaquetario',1,2438.40,0,'porunicavez','XYZ-123','2021-01-01',0,'unidades','activo',NULL,'2022-04-11 22:00:42.465237'),(2798,'ambulatorio',66,'667353','MARCADORES PRONOSTICOS de LLC (Citometría de flujo)',1,6258.56,0,'porunicavez','XYZ-123','2021-01-01',0,'unidades','activo',NULL,'2022-04-11 22:00:42.483358'),(2799,'ambulatorio',66,'667366','MEMBRANA BASAL, Ac. Anti-',1,325.12,0,'porunicavez','XYZ-123','2021-01-01',0,'unidades','activo',NULL,'2022-04-11 22:00:42.503349'),(2800,'ambulatorio',66,'667375','MERCURIO - pelo (Hg-pelo)',1,1422.40,0,'porunicavez','XYZ-123','2021-01-01',0,'unidades','activo',NULL,'2022-04-11 22:00:42.521198'),(2801,'ambulatorio',66,'667520','MICROSPORIDIA INVESTIGACIÓN',1,609.60,0,'porunicavez','XYZ-123','2021-01-01',0,'unidades','activo',NULL,'2022-04-11 22:00:42.539174'),(2802,'ambulatorio',66,'667527','MIELOPEROXIDASA, Ac. Ant- (Inmunológica)',1,2844.80,0,'porunicavez','XYZ-123','2021-01-01',0,'unidades','activo',NULL,'2022-04-11 22:00:42.553990'),(2803,'ambulatorio',66,'667529','MIELOPEROXIDASA, (Citoquímica)',1,609.60,0,'porunicavez','XYZ-123','2021-01-01',0,'unidades','activo',NULL,'2022-04-11 22:00:42.571258'),(2804,'ambulatorio',66,'667537','MIOCARDIO, Ac. Anti-',1,325.12,0,'porunicavez','XYZ-123','2021-01-01',0,'unidades','activo',NULL,'2022-04-11 22:00:42.586733'),(2805,'ambulatorio',66,'667546','MIOGLOBINA - sérica',1,528.32,0,'porunicavez','XYZ-123','2021-01-01',0,'unidades','activo',NULL,'2022-04-11 22:00:42.602883'),(2806,'ambulatorio',66,'667550','MIOGLOBINA - urinaria',1,609.60,0,'porunicavez','XYZ-123','2021-01-01',0,'unidades','activo',NULL,'2022-04-11 22:00:42.619662'),(2807,'ambulatorio',66,'667571','MITOCONDRIAL M2, Ac. Anti- (AMA M2)',1,1097.28,0,'porunicavez','XYZ-123','2021-01-01',0,'unidades','activo',NULL,'2022-04-11 22:00:42.635437'),(2808,'ambulatorio',66,'667580','MONOSACÁRIDOS (Cromatografía)',1,1016.00,0,'porunicavez','XYZ-123','2021-01-01',0,'unidades','activo',NULL,'2022-04-11 22:00:42.653763'),(2809,'ambulatorio',66,'667597','MOPEG (3-METOXI, 4-HIDROXI- FENIL ETIL GLICOL)',1,812.80,0,'porunicavez','XYZ-123','2021-01-01',0,'unidades','activo',NULL,'2022-04-11 22:00:42.670418'),(2810,'ambulatorio',66,'667606','MUCOPOLISACARIDOS - urinarios (cuantitativo)',1,2641.60,0,'porunicavez','XYZ-123','2021-01-01',0,'unidades','activo',NULL,'2022-04-11 22:00:42.689925'),(2811,'ambulatorio',66,'667614','MUCOSA GÁSTRICA, Ac. Anti- (CELULAS PARIETALES Ac. Anti- (IFI)',1,772.16,0,'porunicavez','XYZ-123','2021-01-01',0,'unidades','activo',NULL,'2022-04-11 22:00:42.705770'),(2812,'ambulatorio',66,'667621','MUCOSEMEN CRUZADO (método microscópico)',1,1056.64,0,'porunicavez','XYZ-123','2021-01-01',0,'unidades','activo',NULL,'2022-04-11 22:00:42.751202'),(2813,'ambulatorio',66,'667631','MUSCULO ESTRIADO, Ac. Anti-',1,487.68,0,'porunicavez','XYZ-123','2021-01-01',0,'unidades','activo',NULL,'2022-04-11 22:00:42.767949'),(2814,'ambulatorio',66,'667636','MuSK, Ac. Anti-',1,8940.80,0,'porunicavez','XYZ-123','2021-01-01',0,'unidades','activo',NULL,'2022-04-11 22:00:42.787673'),(2815,'ambulatorio',66,'667640','MUTACIONES EN EL DOMINIO TK DEL TRANSCRIPTO BCR-AB',1,20320.00,0,'porunicavez','XYZ-123','2021-01-01',0,'unidades','activo',NULL,'2022-04-11 22:00:42.807394'),(2816,'ambulatorio',66,'667648','MYCOAVIUM COMPLEX - PCR',1,0.00,0,'porunicavez','XYZ-123','2021-01-01',0,'unidades','activo',NULL,'2022-04-11 22:00:42.825349'),(2817,'ambulatorio',66,'667657','MYCOBACTERIA Sp, HEMOCULTIVO',1,690.88,0,'porunicavez','XYZ-123','2021-01-01',0,'unidades','activo',NULL,'2022-04-11 22:00:42.868943'),(2818,'ambulatorio',66,'667660','MYCOBACTERIA ATÍPICA - PCR',1,3657.60,0,'porunicavez','XYZ-123','2021-01-01',0,'unidades','activo',NULL,'2022-04-11 22:00:42.889473'),(2819,'ambulatorio',66,'667669','MYCOBACTERIUM TUBERCULOSIS, DNA - PCR',1,2844.80,0,'porunicavez','XYZ-123','2021-01-01',0,'unidades','activo',NULL,'2022-04-11 22:00:42.909913'),(2820,'ambulatorio',66,'667674','MYCOBACTERIUM TUBERCULOSIS, en LCR',1,0.00,0,'porunicavez','XYZ-123','2021-01-01',0,'unidades','activo',NULL,'2022-04-11 22:00:42.927144'),(2821,'ambulatorio',66,'667691','MYCOPLASMA - UREAPLASMA, Ac. Anti-',1,1422.40,0,'porunicavez','XYZ-123','2021-01-01',0,'unidades','activo',NULL,'2022-04-11 22:00:42.942855'),(2822,'ambulatorio',66,'667700','MYCOPLASMA - UREAPLASMA, CULTIVO',1,1016.00,0,'porunicavez','XYZ-123','2021-01-01',0,'unidades','activo',NULL,'2022-04-11 22:00:42.958665'),(2823,'ambulatorio',66,'667708','MYCOPLASMA HOMINIS, CULTIVO - Aislamiento',1,1016.00,0,'porunicavez','XYZ-123','2021-01-01',0,'unidades','activo',NULL,'2022-04-11 22:00:42.976005'),(2824,'ambulatorio',66,'667717','MYCOPLASMA PNEUMONIAE, Ac. IgM Anti-',1,731.52,0,'porunicavez','XYZ-123','2021-01-01',0,'unidades','activo',NULL,'2022-04-11 22:00:42.994609'),(2825,'ambulatorio',66,'667725','MYCOPLASMA PNEUMONIAE, ANTÍGENO (Ag)',1,812.80,0,'porunicavez','XYZ-123','2021-01-01',0,'unidades','activo',NULL,'2022-04-11 22:00:43.012602'),(2826,'ambulatorio',66,'667734','MYCOPLASMA PNEUMONIAE, cultivo',1,0.00,0,'porunicavez','XYZ-123','2021-01-01',0,'unidades','activo',NULL,'2022-04-11 22:00:43.029750'),(2827,'ambulatorio',66,'667736','MYCOPLASMA PNEUMONIAE - PCR',1,3657.60,0,'porunicavez','XYZ-123','2021-01-01',0,'unidades','activo',NULL,'2022-04-11 22:00:43.048518'),(2828,'ambulatorio',66,'667742','N,N-DIMETILTRIPTAMINA',1,975.36,0,'porunicavez','XYZ-123','2021-01-01',0,'unidades','activo',NULL,'2022-04-11 22:00:43.066417'),(2829,'ambulatorio',66,'667751','NEONATAL, 17-HIDROXIPROGESTERONA (17-HO-Pg- Neo)',1,365.76,0,'porunicavez','XYZ-123','2021-01-01',0,'unidades','activo',NULL,'2022-04-11 22:00:43.082952'),(2830,'ambulatorio',66,'667759','NEONATAL, BIOTINIDASA',1,284.48,0,'porunicavez','XYZ-123','2021-01-01',0,'unidades','activo',NULL,'2022-04-11 22:00:43.099465'),(2831,'ambulatorio',66,'667768','NEONATAL, GALACTOSEMIA',1,284.48,0,'porunicavez','XYZ-123','2021-01-01',0,'unidades','activo',NULL,'2022-04-11 22:00:43.116207'),(2832,'ambulatorio',66,'667773','NEONATAL, LEUCINA',1,487.68,0,'porunicavez','XYZ-123','2021-01-01',0,'unidades','activo',NULL,'2022-04-11 22:00:43.133240'),(2833,'ambulatorio',66,'667775','NEONATAL SCREENENG AMPLIADO POR ESPECTROMETRIA DE MASA EN TANDEM',1,0.00,0,'porunicavez','XYZ-123','2021-01-01',0,'unidades','activo',NULL,'2022-04-11 22:00:43.151530'),(2834,'ambulatorio',66,'667777','NEONATAL, T.I.R. (TRIPSINA INMUNOREATIVA)',1,325.12,0,'porunicavez','XYZ-123','2021-01-01',0,'unidades','activo',NULL,'2022-04-11 22:00:43.166846'),(2835,'ambulatorio',66,'667785','NEONATAL, T.S.H.',1,284.48,0,'porunicavez','XYZ-123','2021-01-01',0,'unidades','activo',NULL,'2022-04-11 22:00:43.183822'),(2836,'ambulatorio',66,'667794','NEUMOCOCO, Ac. Anti-',1,4064.00,0,'porunicavez','XYZ-123','2021-01-01',0,'unidades','activo',NULL,'2022-04-11 22:00:43.212586'),(2837,'ambulatorio',66,'667802','NEURON SPECIFIC ENOLASE - NSE',1,1584.96,0,'porunicavez','XYZ-123','2021-01-01',0,'unidades','activo',NULL,'2022-04-11 22:00:43.229839'),(2838,'ambulatorio',66,'667810','NEUTRÓFILOS, ACTIVIDAD FAGOCITARIA',1,0.00,0,'porunicavez','XYZ-123','2021-01-01',0,'unidades','activo',NULL,'2022-04-11 22:00:43.248655'),(2839,'ambulatorio',66,'667828','NIQUEL URINARIO (Ni urinario)',1,812.80,0,'porunicavez','XYZ-123','2021-01-01',0,'unidades','activo',NULL,'2022-04-11 22:00:43.272202'),(2840,'ambulatorio',66,'667836','NITRÓGENO NO PROTEICO',1,121.92,0,'porunicavez','XYZ-123','2021-01-01',0,'unidades','activo',NULL,'2022-04-11 22:00:43.291872'),(2841,'ambulatorio',66,'667840','NMDA, Ac.  IgG Anti- RECEPTOR - LCR',1,3251.20,0,'porunicavez','XYZ-123','2021-01-01',0,'unidades','activo',NULL,'2022-04-11 22:00:43.310713'),(2842,'ambulatorio',66,'667841','NMDA, Ac.  IgG Anti- RECEPTOR - sangre',1,3251.20,0,'porunicavez','XYZ-123','2021-01-01',0,'unidades','activo',NULL,'2022-04-11 22:00:43.329108'),(2843,'ambulatorio',66,'667845','NORMETANEFRINA - urinaria',1,1016.00,0,'porunicavez','XYZ-123','2021-01-01',0,'unidades','activo',NULL,'2022-04-11 22:00:43.346449'),(2844,'ambulatorio',66,'667849','NOROVIRUS',1,4511.04,0,'porunicavez','XYZ-123','2021-01-01',0,'unidades','activo',NULL,'2022-04-11 22:00:43.362852'),(2845,'ambulatorio',66,'667853','NORTRIPTILINA - sérica',1,772.16,0,'porunicavez','XYZ-123','2021-01-01',0,'unidades','activo',NULL,'2022-04-11 22:00:43.378022'),(2846,'ambulatorio',66,'667862','N TELOPÉPTIDOS - COLÁGENO TIPO I (NTX)',1,1219.20,0,'porunicavez','XYZ-123','2021-01-01',0,'unidades','activo',NULL,'2022-04-11 22:00:43.395256'),(2847,'ambulatorio',66,'667871','NUCLEOLO, Ac. Anti-',1,609.60,0,'porunicavez','XYZ-123','2021-01-01',0,'unidades','activo',NULL,'2022-04-11 22:00:43.411607'),(2848,'ambulatorio',66,'667882','OPIACEOS - CONFIRMATORIO',1,4876.80,0,'porunicavez','XYZ-123','2021-01-01',0,'unidades','activo',NULL,'2022-04-11 22:00:43.428431'),(2849,'ambulatorio',66,'667905','ORTO CRESOL (2-metilfenol)',1,812.80,0,'porunicavez','XYZ-123','2021-01-01',0,'unidades','activo',NULL,'2022-04-11 22:00:43.446036'),(2850,'ambulatorio',66,'667913','ORTO METIL BUFOTENINA',1,975.36,0,'porunicavez','XYZ-123','2021-01-01',0,'unidades','activo',NULL,'2022-04-11 22:00:43.462874'),(2851,'ambulatorio',66,'667919','ORTO,O,O - TIETILFOSFOROTOATO',1,2438.40,0,'porunicavez','XYZ-123','2021-01-01',0,'unidades','activo',NULL,'2022-04-11 22:00:43.481263'),(2852,'ambulatorio',66,'667926','OSMOLALIDAD - urinaria',1,203.20,0,'porunicavez','XYZ-123','2021-01-01',0,'unidades','activo',NULL,'2022-04-11 22:00:43.499208'),(2853,'ambulatorio',66,'667939','OSTEOCALCINA',1,1016.00,0,'porunicavez','XYZ-123','2021-01-01',0,'unidades','activo',NULL,'2022-04-11 22:00:43.518303'),(2854,'ambulatorio',66,'667947','OVARIO, Ac. Anti-',1,3251.20,0,'porunicavez','XYZ-123','2021-01-01',0,'unidades','activo',NULL,'2022-04-11 22:00:43.542133'),(2855,'ambulatorio',66,'667964','OXICODON A - urinaria',1,1625.60,0,'porunicavez','XYZ-123','2021-01-01',0,'unidades','activo',NULL,'2022-04-11 22:00:43.560427'),(2856,'ambulatorio',66,'667973','p53 Ac.',1,0.00,0,'porunicavez','XYZ-123','2021-01-01',0,'unidades','activo',NULL,'2022-04-11 22:00:43.578440'),(2857,'ambulatorio',66,'667982','p53 mutante',1,0.00,0,'porunicavez','XYZ-123','2021-01-01',0,'unidades','activo',NULL,'2022-04-11 22:00:43.595448'),(2858,'ambulatorio',66,'667999','PANEL HEPÁTICO INMUNOLÓGICO',1,6096.00,0,'porunicavez','XYZ-123','2021-01-01',0,'unidades','activo',NULL,'2022-04-11 22:00:43.611322'),(2859,'ambulatorio',66,'668009','PAPILOMA VIRUS HUMANO - HPV (Carga viral)',1,6502.40,0,'porunicavez','XYZ-123','2021-01-01',0,'unidades','activo',NULL,'2022-04-11 22:00:43.627479'),(2860,'ambulatorio',66,'668011','PAPILOMA VIRUS HUMANO - HPV (Genotipificación - PCR + Hibridización)',1,4470.40,0,'porunicavez','XYZ-123','2021-01-01',0,'unidades','activo',NULL,'2022-04-11 22:00:43.647650'),(2861,'ambulatorio',66,'668018','PAPP-A (PROTEÍNA A PLASMÁTICA ASOCIADA A EMBARAZO)',1,1625.60,0,'porunicavez','XYZ-123','2021-01-01',0,'unidades','activo',NULL,'2022-04-11 22:00:43.666099'),(2862,'ambulatorio',66,'668024','PARA AMINOFENOL',1,0.00,0,'porunicavez','XYZ-123','2021-01-01',0,'unidades','activo',NULL,'2022-04-11 22:00:43.682694'),(2863,'ambulatorio',66,'668110','PARACOCCIDIOIDES BRASILIENSIS, Ac. IgG Anti-',1,0.00,0,'porunicavez','XYZ-123','2021-01-01',0,'unidades','activo',NULL,'2022-04-11 22:00:43.701423'),(2864,'ambulatorio',66,'668115','PARACOCCIDIOIDES BRASILIENSIS, Ac. IgM Anti-',1,0.00,0,'porunicavez','XYZ-123','2021-01-01',0,'unidades','activo',NULL,'2022-04-11 22:00:43.722319'),(2865,'ambulatorio',66,'668127','PARACOCCIDIOIDES SPP, Ac. Anti- Totales',1,1178.56,0,'porunicavez','XYZ-123','2021-01-01',0,'unidades','activo',NULL,'2022-04-11 22:00:43.740213'),(2866,'ambulatorio',66,'668135','PARAINFLUENZA I, Ac. Anti-',1,731.52,0,'porunicavez','XYZ-123','2021-01-01',0,'unidades','activo',NULL,'2022-04-11 22:00:43.759650'),(2867,'ambulatorio',66,'668137','PARAINFLUENZA I, Ac. IgM Anti-',1,731.52,0,'porunicavez','XYZ-123','2021-01-01',0,'unidades','activo',NULL,'2022-04-11 22:00:43.779075'),(2868,'ambulatorio',66,'668139','PARAINFLUENZA I, Ag.',1,812.80,0,'porunicavez','XYZ-123','2021-01-01',0,'unidades','activo',NULL,'2022-04-11 22:00:43.796231'),(2869,'ambulatorio',66,'668142','PARAINFLUENZA II, Ac. Anti-',1,731.52,0,'porunicavez','XYZ-123','2021-01-01',0,'unidades','activo',NULL,'2022-04-11 22:00:43.816236'),(2870,'ambulatorio',66,'668144','PARAINFLUENZA II, Ac. IgM Anti-',1,731.52,0,'porunicavez','XYZ-123','2021-01-01',0,'unidades','activo',NULL,'2022-04-11 22:00:43.831528'),(2871,'ambulatorio',66,'668146','PARAINFLUENZA II, Ag.',1,812.80,0,'porunicavez','XYZ-123','2021-01-01',0,'unidades','activo',NULL,'2022-04-11 22:00:43.851559'),(2872,'ambulatorio',66,'668149','PARAINFLUENZA III, Ac. Anti-',1,731.52,0,'porunicavez','XYZ-123','2021-01-01',0,'unidades','activo',NULL,'2022-04-11 22:00:43.868558'),(2873,'ambulatorio',66,'668151','PARAINFLUENZA III, Ac. IgM Anti-',1,731.52,0,'porunicavez','XYZ-123','2021-01-01',0,'unidades','activo',NULL,'2022-04-11 22:00:43.887494'),(2874,'ambulatorio',66,'668153','PARAINFLUENZA III, Ag.',1,812.80,0,'porunicavez','XYZ-123','2021-01-01',0,'unidades','activo',NULL,'2022-04-11 22:00:43.901955'),(2875,'ambulatorio',66,'668156','PARANITROFENOL',1,812.80,0,'porunicavez','XYZ-123','2021-01-01',0,'unidades','activo',NULL,'2022-04-11 22:00:43.918741'),(2876,'ambulatorio',66,'668158','PARÁSITOS - biopsias o líquidos de punción',1,1016.00,0,'porunicavez','XYZ-123','2021-01-01',0,'unidades','activo',NULL,'2022-04-11 22:00:43.935961'),(2877,'ambulatorio',66,'668161','PARATHORMONA (PTH) (MOLECULA MEDIA)',1,772.16,0,'porunicavez','XYZ-123','2021-01-01',0,'unidades','activo',NULL,'2022-04-11 22:00:43.955164'),(2878,'ambulatorio',66,'668170','PARATIÓN',1,2438.40,0,'porunicavez','XYZ-123','2021-01-01',0,'unidades','activo',NULL,'2022-04-11 22:00:43.977136'),(2879,'ambulatorio',66,'668178','PAROTIDITIS, Ac. IgG Anti-',1,609.60,0,'porunicavez','XYZ-123','2021-01-01',0,'unidades','activo',NULL,'2022-04-11 22:00:43.997823'),(2880,'ambulatorio',66,'668187','PAROTIDITIS, Ac. IgM Anti-',1,650.24,0,'porunicavez','XYZ-123','2021-01-01',0,'unidades','activo',NULL,'2022-04-11 22:00:44.015209'),(2881,'ambulatorio',66,'668195','PAROTIDITIS, Ac. especif. por FC',1,812.80,0,'porunicavez','XYZ-123','2021-01-01',0,'unidades','activo',NULL,'2022-04-11 22:00:44.030047'),(2882,'ambulatorio',66,'668204','PAROTIDITIS, Ac. solubles',1,0.00,0,'porunicavez','XYZ-123','2021-01-01',0,'unidades','activo',NULL,'2022-04-11 22:00:44.047063'),(2883,'ambulatorio',66,'668212','PAROTIDITIS, Ag.',1,0.00,0,'porunicavez','XYZ-123','2021-01-01',0,'unidades','activo',NULL,'2022-04-11 22:00:44.063608'),(2884,'ambulatorio',66,'668221','PAROTIDITIS, Ag. en LCR',1,0.00,0,'porunicavez','XYZ-123','2021-01-01',0,'unidades','activo',NULL,'2022-04-11 22:00:44.080952'),(2885,'ambulatorio',66,'668229','PARVOVIRUS, Ac. IgG Anti-',1,1625.60,0,'porunicavez','XYZ-123','2021-01-01',0,'unidades','activo',NULL,'2022-04-11 22:00:44.098690'),(2886,'ambulatorio',66,'668238','PARVOVIRUS, Ac. IgM Anti-',1,1828.80,0,'porunicavez','XYZ-123','2021-01-01',0,'unidades','activo',NULL,'2022-04-11 22:00:44.115847'),(2887,'ambulatorio',66,'668241','PARVOVIRUS B19 - PCR',1,3657.60,0,'porunicavez','XYZ-123','2021-01-01',0,'unidades','activo',NULL,'2022-04-11 22:00:44.135304'),(2888,'ambulatorio',66,'668250','PENFIGOIDE Ac. Anti- (MEMBRANA BASAL EN PIEL Ac. Anti-)',1,2438.40,0,'porunicavez','XYZ-123','2021-01-01',0,'unidades','activo',NULL,'2022-04-11 22:00:46.037046'),(2889,'ambulatorio',66,'668272','PENTACLOROFENOL',1,731.52,0,'porunicavez','XYZ-123','2021-01-01',0,'unidades','activo',NULL,'2022-04-11 22:00:46.249477'),(2890,'ambulatorio',66,'668281','PEPTIDO C',1,731.52,0,'porunicavez','XYZ-123','2021-01-01',0,'unidades','activo',NULL,'2022-04-11 22:00:46.266730'),(2891,'ambulatorio',66,'668284','PÉPTIDO CITRULINADO CICLICO - Ac. Anti- IgG (Ac. Anti- CCP / PCC)',1,2032.00,0,'porunicavez','XYZ-123','2021-01-01',0,'unidades','activo',NULL,'2022-04-11 22:00:46.287821'),(2892,'ambulatorio',66,'668286','PEPTIDO INTESTINAL VASOACTIVO (VIP)',1,8940.80,0,'porunicavez','XYZ-123','2021-01-01',0,'unidades','activo',NULL,'2022-04-11 22:00:46.306300'),(2893,'ambulatorio',66,'668289','PÉPTIDO PROCOLÁGENO',1,731.52,0,'porunicavez','XYZ-123','2021-01-01',0,'unidades','activo',NULL,'2022-04-11 22:00:46.321685'),(2894,'ambulatorio',66,'668298','PERFIL LIPÍDICO',1,447.04,0,'porunicavez','XYZ-123','2021-01-01',0,'unidades','activo',NULL,'2022-04-11 22:00:46.337020'),(2895,'ambulatorio',66,'668304','PERFIL MINERAL - en cabello',1,8128.00,0,'porunicavez','XYZ-123','2021-01-01',0,'unidades','activo',NULL,'2022-04-11 22:00:46.355215'),(2896,'ambulatorio',66,'668306','PERFIL MINERAL - en orina',1,8128.00,0,'porunicavez','XYZ-123','2021-01-01',0,'unidades','activo',NULL,'2022-04-11 22:00:46.372194'),(2897,'ambulatorio',66,'668315','PEROXIDASA TIROIDEO, Ac. Anti- (ATPO / TPO)',1,487.68,0,'porunicavez','XYZ-123','2021-01-01',0,'unidades','activo',NULL,'2022-04-11 22:00:46.389337'),(2898,'ambulatorio',66,'668327','PESTICIDAS NITROGENADOS - c/u',1,2438.40,0,'porunicavez','XYZ-123','2021-01-01',0,'unidades','activo',NULL,'2022-04-11 22:00:46.406263'),(2899,'ambulatorio',66,'668332','PESTICIDAS ORGANOCLORADOS (plaguicidas), urinarios',1,2438.40,0,'porunicavez','XYZ-123','2021-01-01',0,'unidades','activo',NULL,'2022-04-11 22:00:46.425956'),(2900,'ambulatorio',66,'668337','PESTICIDAS ORGANOFOSFORADOS (plaguicidas - parathion) - plasmáticos',1,2438.40,0,'porunicavez','XYZ-123','2021-01-01',0,'unidades','activo',NULL,'2022-04-11 22:00:46.442560'),(2901,'ambulatorio',66,'668348','PIRIDINOLINA',1,1137.92,0,'porunicavez','XYZ-123','2021-01-01',0,'unidades','activo',NULL,'2022-04-11 22:00:46.458039'),(2902,'ambulatorio',66,'668358','PLAQUETARIA ADHESIVIDAD',1,812.80,0,'porunicavez','XYZ-123','2021-01-01',0,'unidades','activo',NULL,'2022-04-11 22:00:46.474549'),(2903,'ambulatorio',66,'668366','PLAQUETARIA AGREGACION (con 6 inductores)',1,731.52,0,'porunicavez','XYZ-123','2021-01-01',0,'unidades','activo',NULL,'2022-04-11 22:00:46.490419'),(2904,'ambulatorio',66,'668375','PLAQUETAS, Ac. Anti-',1,0.00,0,'porunicavez','XYZ-123','2021-01-01',0,'unidades','activo',NULL,'2022-04-11 22:00:46.507045'),(2905,'ambulatorio',66,'668379','PLASMA RICO EN PLAQUETAS, PREPARACIÓN DE (PRP)',1,4876.80,0,'porunicavez','XYZ-123','2021-01-01',0,'unidades','activo',NULL,'2022-04-11 22:00:46.522558'),(2906,'ambulatorio',66,'668383','PLASMINÓGENO',1,1544.32,0,'porunicavez','XYZ-123','2021-01-01',0,'unidades','activo',NULL,'2022-04-11 22:00:46.538538'),(2907,'ambulatorio',66,'668385','PLASMINÓGENO, ACTIVADOR TISULAR de - t-PA (Biológico-Inmunológico): t-PA',1,3048.00,0,'porunicavez','XYZ-123','2021-01-01',0,'unidades','activo',NULL,'2022-04-11 22:00:46.554406'),(2908,'ambulatorio',66,'668387','PLASMINÓGENO, INHIBIDOR del ACTIVADOR TISULAR del (PAI - AIP) (Molecular): PAI  4G/5G',1,3657.60,0,'porunicavez','XYZ-123','2021-01-01',0,'unidades','activo',NULL,'2022-04-11 22:00:46.570042'),(2909,'ambulatorio',66,'668393','PLASMODIUM SP, Antígeno.',1,650.24,0,'porunicavez','XYZ-123','2021-01-01',0,'unidades','activo',NULL,'2022-04-11 22:00:46.587855'),(2910,'ambulatorio',66,'668397','PLATA (Ag) - sérica',1,812.80,0,'porunicavez','XYZ-123','2021-01-01',0,'unidades','activo',NULL,'2022-04-11 22:00:46.606363'),(2911,'ambulatorio',66,'668400','PLATA (Ag) - urinaria',1,812.80,0,'porunicavez','XYZ-123','2021-01-01',0,'unidades','activo',NULL,'2022-04-11 22:00:46.624797'),(2912,'ambulatorio',66,'668409','PLOMO (Pb) - pelo',1,1219.20,0,'porunicavez','XYZ-123','2021-01-01',0,'unidades','activo',NULL,'2022-04-11 22:00:46.648395'),(2913,'ambulatorio',66,'668418','PM-1, Ac. Anti-',1,0.00,0,'porunicavez','XYZ-123','2021-01-01',0,'unidades','activo',NULL,'2022-04-11 22:00:46.667953'),(2914,'ambulatorio',66,'668426','PNEUMOCYSTIS CARINII, IFD',1,609.60,0,'porunicavez','XYZ-123','2021-01-01',0,'unidades','activo',NULL,'2022-04-11 22:00:46.685502'),(2915,'ambulatorio',66,'668435','PODER BACTERICIDA DEL SUERO (PBS)',1,812.80,0,'porunicavez','XYZ-123','2021-01-01',0,'unidades','activo',NULL,'2022-04-11 22:00:46.704137'),(2916,'ambulatorio',66,'668440','PODER INHIBITORIO DEL SUERO (P.I.S.)',1,812.80,0,'porunicavez','XYZ-123','2021-01-01',0,'unidades','activo',NULL,'2022-04-11 22:00:46.722326'),(2917,'ambulatorio',66,'668446','POLICLOROBIFENILOS',1,1828.80,0,'porunicavez','XYZ-123','2021-01-01',0,'unidades','activo',NULL,'2022-04-11 22:00:46.741910'),(2918,'ambulatorio',66,'668450','POLIMORFISMO IL 28B',1,12639.04,0,'porunicavez','XYZ-123','2021-01-01',0,'unidades','activo',NULL,'2022-04-11 22:00:46.761371'),(2919,'ambulatorio',66,'668460','POLIMORFONUCLEARES, Quimiotáxis',1,1422.40,0,'porunicavez','XYZ-123','2021-01-01',0,'unidades','activo',NULL,'2022-04-11 22:00:46.779910'),(2920,'ambulatorio',66,'668463','POLIOMAVIRUS BK, Carga viral - sangre u orina',1,6096.00,0,'porunicavez','XYZ-123','2021-01-01',0,'unidades','activo',NULL,'2022-04-11 22:00:46.798777'),(2921,'ambulatorio',66,'668464','POLIOMAVIRUS BK, PCR - sangre u orina',1,4470.40,0,'porunicavez','XYZ-123','2021-01-01',0,'unidades','activo',NULL,'2022-04-11 22:00:46.818437'),(2922,'ambulatorio',66,'668466','POLIOMAVIRUS JC, Carga viral - sangre u orina',1,6096.00,0,'porunicavez','XYZ-123','2021-01-01',0,'unidades','activo',NULL,'2022-04-11 22:00:46.838311'),(2923,'ambulatorio',66,'668467','POLIOMAVIRUS JC,  PCR - LCR',1,4307.84,0,'porunicavez','XYZ-123','2021-01-01',0,'unidades','activo',NULL,'2022-04-11 22:00:46.858336'),(2924,'ambulatorio',66,'668469','POLIQUISTOSIS RENAL - PCR',1,0.00,0,'porunicavez','XYZ-123','2021-01-01',0,'unidades','activo',NULL,'2022-04-11 22:00:46.883590'),(2925,'ambulatorio',66,'668486','PORFIRINAS - séricas',1,487.68,0,'porunicavez','XYZ-123','2021-01-01',0,'unidades','activo',NULL,'2022-04-11 22:00:46.900454'),(2926,'ambulatorio',66,'668489','PORFIRINAS, INDICE de - plasmáticas',1,1016.00,0,'porunicavez','XYZ-123','2021-01-01',0,'unidades','activo',NULL,'2022-04-11 22:00:46.918382'),(2927,'ambulatorio',66,'668493','PORFIRINAS TOTALES - eritrocitarias',1,609.60,0,'porunicavez','XYZ-123','2021-01-01',0,'unidades','activo',NULL,'2022-04-11 22:00:46.935871'),(2928,'ambulatorio',66,'668529','PORFOBILINÓGENO (Cuantitativo) - urinario',1,731.52,0,'porunicavez','XYZ-123','2021-01-01',0,'unidades','activo',NULL,'2022-04-11 22:00:46.953674'),(2929,'ambulatorio',66,'668537','POTASIO - eritrocitario',1,0.00,0,'porunicavez','XYZ-123','2021-01-01',0,'unidades','activo',NULL,'2022-04-11 22:00:46.970739'),(2930,'ambulatorio',66,'668546','PREALBÚMINA',1,406.40,0,'porunicavez','XYZ-123','2021-01-01',0,'unidades','activo',NULL,'2022-04-11 22:00:46.987803'),(2931,'ambulatorio',66,'668554','Pro BNP - proHORMONA PEPTIDO NATRIURÉTICO CEREBRAL N-Terminal (NT-ProBNP)',1,3860.80,0,'porunicavez','XYZ-123','2021-01-01',0,'unidades','activo',NULL,'2022-04-11 22:00:47.008482'),(2932,'ambulatorio',66,'668563','PROCALCITONINA',1,3048.00,0,'porunicavez','XYZ-123','2021-01-01',0,'unidades','activo',NULL,'2022-04-11 22:00:47.030046'),(2933,'ambulatorio',66,'668571','PROINSULINA - plasmática',1,0.00,0,'porunicavez','XYZ-123','2021-01-01',0,'unidades','activo',NULL,'2022-04-11 22:00:47.046145'),(2934,'ambulatorio',66,'668580','PROGESTERONA 17-HIDROXI (17-OH-Pg)',1,609.60,0,'porunicavez','XYZ-123','2021-01-01',0,'unidades','activo',NULL,'2022-04-11 22:00:47.062984'),(2935,'ambulatorio',66,'668584','PROMETRYN',1,2438.40,0,'porunicavez','XYZ-123','2021-01-01',0,'unidades','activo',NULL,'2022-04-11 22:00:47.079968'),(2936,'ambulatorio',66,'668588','PROPAZINA',1,2438.40,0,'porunicavez','XYZ-123','2021-01-01',0,'unidades','activo',NULL,'2022-04-11 22:00:47.096462'),(2937,'ambulatorio',66,'668597','PROPOXIFENO - NORPROPOXIFENO',1,934.72,0,'porunicavez','XYZ-123','2021-01-01',0,'unidades','activo',NULL,'2022-04-11 22:00:47.111071'),(2938,'ambulatorio',66,'668606','PROTEÍNA BÁSICA de MIELINA',1,4876.80,0,'porunicavez','XYZ-123','2021-01-01',0,'unidades','activo',NULL,'2022-04-11 22:00:47.126538'),(2939,'ambulatorio',66,'668614','PROTEÍNA C FUNCIONAL - Cromogénico',1,1828.80,0,'porunicavez','XYZ-123','2021-01-01',0,'unidades','activo',NULL,'2022-04-11 22:00:47.143621'),(2940,'ambulatorio',66,'668623','PROTEÍNA C REACTIVA - ULTRASENSIBLE (PCRus)',1,487.68,0,'porunicavez','XYZ-123','2021-01-01',0,'unidades','activo',NULL,'2022-04-11 22:00:47.159289'),(2941,'ambulatorio',66,'668627','PROTEÍNA del EPIDÍDIMO HUMANO 4 (HE4)',1,0.00,0,'porunicavez','XYZ-123','2021-01-01',0,'unidades','activo',NULL,'2022-04-11 22:00:47.175941'),(2942,'ambulatorio',66,'668631','PROTEÍNA S Libre = Inmunoturbidimétrio',1,1828.80,0,'porunicavez','XYZ-123','2021-01-01',0,'unidades','activo',NULL,'2022-04-11 22:00:47.191538'),(2943,'ambulatorio',66,'668640','PROTEÍNA S Total',1,1828.80,0,'porunicavez','XYZ-123','2021-01-01',0,'unidades','activo',NULL,'2022-04-11 22:00:47.206040'),(2944,'ambulatorio',66,'668648','PROTEÍNA S Funcional = coagulométrico',1,3454.40,0,'porunicavez','XYZ-123','2021-01-01',0,'unidades','activo',NULL,'2022-04-11 22:00:47.221482'),(2945,'ambulatorio',66,'668656','PROTEINASA 3 (PR3), Ac. Anti-',1,2032.00,0,'porunicavez','XYZ-123','2021-01-01',0,'unidades','activo',NULL,'2022-04-11 22:00:47.239170'),(2946,'ambulatorio',66,'668682','PROTOPORFIRINA ERITROCITARIA LIBRE (FEP), ZINC PROTOPORFIRINA (ZPP o ZP)',1,487.68,0,'porunicavez','XYZ-123','2021-01-01',0,'unidades','activo',NULL,'2022-04-11 22:00:47.256528'),(2947,'ambulatorio',66,'668691','PROTROMBINA 20.210',1,3048.00,0,'porunicavez','XYZ-123','2021-01-01',0,'unidades','activo',NULL,'2022-04-11 22:00:47.275914'),(2948,'ambulatorio',66,'668710','PSEUDOMONAS, Ac. Anti-',1,2844.80,0,'porunicavez','XYZ-123','2021-01-01',0,'unidades','activo',NULL,'2022-04-11 22:00:47.295314'),(2949,'ambulatorio',66,'668734','QUERATINOCITOS (PIEL) Ac. Anti-',1,3657.60,0,'porunicavez','XYZ-123','2021-01-01',0,'unidades','activo',NULL,'2022-04-11 22:00:47.315612'),(2950,'ambulatorio',66,'668768','QUINIDINA',1,812.80,0,'porunicavez','XYZ-123','2021-01-01',0,'unidades','activo',NULL,'2022-04-11 22:00:47.331765'),(2951,'ambulatorio',66,'668780','REARREGLO DEL IGH/FGFR3, Estudio para (FISH)',1,16662.40,0,'porunicavez','XYZ-123','2021-01-01',0,'unidades','activo',NULL,'2022-04-11 22:00:47.353432'),(2952,'ambulatorio',66,'668783','REARREGLO DEL IGH/MAF, Estudio para (FISH)',1,16662.40,0,'porunicavez','XYZ-123','2021-01-01',0,'unidades','activo',NULL,'2022-04-11 22:00:47.371255'),(2953,'ambulatorio',66,'668794','REARREGLO DEL TcR (citometría de flujo)',1,12192.00,0,'porunicavez','XYZ-123','2021-01-01',0,'unidades','activo',NULL,'2022-04-11 22:00:47.387865'),(2954,'ambulatorio',66,'668800','RECEPTOR de FSH, Ac. Anti- (RFSH)',1,4876.80,0,'porunicavez','XYZ-123','2021-01-01',0,'unidades','activo',NULL,'2022-04-11 22:00:47.406361'),(2955,'ambulatorio',66,'668802','RECEPTOR de TSH, Ac. Anti-  (TRAB\'s o TRAB o TBII)',1,1625.60,0,'porunicavez','XYZ-123','2021-01-01',0,'unidades','activo',NULL,'2022-04-11 22:00:47.424277'),(2956,'ambulatorio',66,'668813','RECEPTORES HORMONALES INDICE DE PROLIFERACIÓN',1,2032.00,0,'porunicavez','XYZ-123','2021-01-01',0,'unidades','activo',NULL,'2022-04-11 22:00:47.439481'),(2957,'ambulatorio',66,'668816','RECEPTOR SOLUBLE DE TRANSFERRINA (sTRF)',1,1584.96,0,'porunicavez','XYZ-123','2021-01-01',0,'unidades','activo',NULL,'2022-04-11 22:00:47.455914'),(2958,'ambulatorio',66,'668819','RENINA-ANGIOTENSINA / RENINA ACTIVA',1,731.52,0,'porunicavez','XYZ-123','2021-01-01',0,'unidades','activo',NULL,'2022-04-11 22:00:47.475595'),(2959,'ambulatorio',66,'668828','RESISTENCIA a la PROTEÍNA C ACTIVADA',1,1422.40,0,'porunicavez','XYZ-123','2021-01-01',0,'unidades','activo',NULL,'2022-04-11 22:00:47.492342'),(2960,'ambulatorio',66,'668836','RETICULINA, Ac. Anti- (ARA)',1,406.40,0,'porunicavez','XYZ-123','2021-01-01',0,'unidades','activo',NULL,'2022-04-11 22:00:47.510305'),(2961,'ambulatorio',66,'668845','RETINA, Ac. Anti-',1,0.00,0,'porunicavez','XYZ-123','2021-01-01',0,'unidades','activo',NULL,'2022-04-11 22:00:47.526014'),(2962,'ambulatorio',66,'668853','Ri (ANNA-2), Ac. Anti- (NEURONAL NUCLEAR-2)',1,4064.00,0,'porunicavez','XYZ-123','2021-01-01',0,'unidades','activo',NULL,'2022-04-11 22:00:47.545074'),(2963,'ambulatorio',66,'668860','RIBOSOMAL, Ac. Anti- Proteina P (Anti-Riv P)',1,1828.80,0,'porunicavez','XYZ-123','2021-01-01',0,'unidades','activo',NULL,'2022-04-11 22:00:47.561855'),(2964,'ambulatorio',66,'668870','RICKETTSIAS PROWAZEKII, Ac. IgG Anti-',1,1828.80,0,'porunicavez','XYZ-123','2021-01-01',0,'unidades','activo',NULL,'2022-04-11 22:00:47.577585'),(2965,'ambulatorio',66,'668874','RICKETTSIAS TYPHI, Ac. IgG Anti-',1,1828.80,0,'porunicavez','XYZ-123','2021-01-01',0,'unidades','activo',NULL,'2022-04-11 22:00:47.596638'),(2966,'ambulatorio',66,'668878','RINOVIRUS, Ag.',1,894.08,0,'porunicavez','XYZ-123','2021-01-01',0,'unidades','activo',NULL,'2022-04-11 22:00:47.614452'),(2967,'ambulatorio',66,'668882','RISPERIDONA',1,2438.40,0,'porunicavez','XYZ-123','2021-01-01',0,'unidades','activo',NULL,'2022-04-11 22:00:47.631442'),(2968,'ambulatorio',66,'668888','RNA, Ac. Anti-',1,0.00,0,'porunicavez','XYZ-123','2021-01-01',0,'unidades','activo',NULL,'2022-04-11 22:00:47.646947'),(2969,'ambulatorio',66,'668896','RNP, Ac. Anti- (RIBONUCLEOPROTEINAS)',1,650.24,0,'porunicavez','XYZ-123','2021-01-01',0,'unidades','activo',NULL,'2022-04-11 22:00:47.662972'),(2970,'ambulatorio',66,'668905','Ro, Ac. Anti- (Ro/SSA)',1,609.60,0,'porunicavez','XYZ-123','2021-01-01',0,'unidades','activo',NULL,'2022-04-11 22:00:47.679627'),(2971,'ambulatorio',66,'668918','ROSA de BENGALA',1,325.12,0,'porunicavez','XYZ-123','2021-01-01',0,'unidades','activo',NULL,'2022-04-11 22:00:47.696817'),(2972,'ambulatorio',66,'668930','ROTAVIRUS - AG -AC- MN (ELISA)',1,1300.48,0,'porunicavez','XYZ-123','2021-01-01',0,'unidades','activo',NULL,'2022-04-11 22:00:47.714226'),(2973,'ambulatorio',66,'668934','ROTAVIRUS - AcC-',1,1625.60,0,'porunicavez','XYZ-123','2021-01-01',0,'unidades','activo',NULL,'2022-04-11 22:00:47.735125'),(2974,'ambulatorio',66,'668939','ROTAVIRUS, Ag.  -  heces',1,894.08,0,'porunicavez','XYZ-123','2021-01-01',0,'unidades','activo',NULL,'2022-04-11 22:00:47.754565'),(2975,'ambulatorio',66,'668947','SACAROSA',1,487.68,0,'porunicavez','XYZ-123','2021-01-01',0,'unidades','activo',NULL,'2022-04-11 22:00:47.778838'),(2976,'ambulatorio',66,'668954','SACCHAROMYSES CEREVISIAE, Ac. Anti- IgA (ASCA)',1,2032.00,0,'porunicavez','XYZ-123','2021-01-01',0,'unidades','activo',NULL,'2022-04-11 22:00:47.796415'),(2977,'ambulatorio',66,'668956','SACCHAROMYSES CEREVISIAE, Ac. Anti- IgG (ASCA)',1,2032.00,0,'porunicavez','XYZ-123','2021-01-01',0,'unidades','activo',NULL,'2022-04-11 22:00:47.814555'),(2978,'ambulatorio',66,'668964','SALIVA, Ex. Físico-Químico',1,0.00,0,'porunicavez','XYZ-123','2021-01-01',0,'unidades','activo',NULL,'2022-04-11 22:00:47.830500'),(2979,'ambulatorio',66,'668973','SANGRE OCULTA ESPECÍFICO - materia fecal  (S.O.M.F. esp.)',1,325.12,0,'porunicavez','XYZ-123','2021-01-01',0,'unidades','activo',NULL,'2022-04-11 22:00:47.855151'),(2980,'ambulatorio',66,'668977','SANGRIA, TIEMPO DE - Método de Ivy',1,325.12,0,'porunicavez','XYZ-123','2021-01-01',0,'unidades','activo',NULL,'2022-04-11 22:00:47.881290'),(2981,'ambulatorio',66,'668982','SARAMPION, Ac. IgG Anti-',1,609.60,0,'porunicavez','XYZ-123','2021-01-01',0,'unidades','activo',NULL,'2022-04-11 22:00:47.901086'),(2982,'ambulatorio',66,'668990','SARAMPION, Ac. IgM Anti-',1,650.24,0,'porunicavez','XYZ-123','2021-01-01',0,'unidades','activo',NULL,'2022-04-11 22:00:47.921005'),(2983,'ambulatorio',66,'668999','SCLERODERMIA - SCL 70, Ac. Anti-',1,812.80,0,'porunicavez','XYZ-123','2021-01-01',0,'unidades','activo',NULL,'2022-04-11 22:00:47.937196'),(2984,'ambulatorio',66,'669007','SCORE de MOCO',1,406.40,0,'porunicavez','XYZ-123','2021-01-01',0,'unidades','activo',NULL,'2022-04-11 22:00:47.955046'),(2985,'ambulatorio',66,'669016','SELENIO (AA) - sérico',1,812.80,0,'porunicavez','XYZ-123','2021-01-01',0,'unidades','activo',NULL,'2022-04-11 22:00:47.970333'),(2986,'ambulatorio',66,'669019','SELENIO - urinario',1,812.80,0,'porunicavez','XYZ-123','2021-01-01',0,'unidades','activo',NULL,'2022-04-11 22:00:47.987296'),(2987,'ambulatorio',66,'669026','SENSIBILIDAD ALIMENTARIA, PANEL de Ac. IgG Anti-',1,3251.20,0,'porunicavez','XYZ-123','2021-01-01',0,'unidades','activo',NULL,'2022-04-11 22:00:48.002503'),(2988,'ambulatorio',66,'669030','SERINA - plasmática',1,2032.00,0,'porunicavez','XYZ-123','2021-01-01',0,'unidades','activo',NULL,'2022-04-11 22:00:48.019387'),(2989,'ambulatorio',66,'669032','SERINA - plasmática - (PANEO COMPLETO)',1,8940.80,0,'porunicavez','XYZ-123','2021-01-01',0,'unidades','activo',NULL,'2022-04-11 22:00:48.036476'),(2990,'ambulatorio',66,'669039','SEROTONINA, GEN TRANSPORTADOR de',1,3942.08,0,'porunicavez','XYZ-123','2021-01-01',0,'unidades','activo',NULL,'2022-04-11 22:00:48.054590'),(2991,'ambulatorio',66,'669041','SEROTONINA - plaquetaria',1,4876.80,0,'porunicavez','XYZ-123','2021-01-01',0,'unidades','activo',NULL,'2022-04-11 22:00:48.072423'),(2992,'ambulatorio',66,'669045','SEROTONINA - urinaria',1,975.36,0,'porunicavez','XYZ-123','2021-01-01',0,'unidades','activo',NULL,'2022-04-11 22:00:48.091598'),(2993,'ambulatorio',66,'669054','SIFILIS (ELISA)',1,0.00,0,'porunicavez','XYZ-123','2021-01-01',0,'unidades','activo',NULL,'2022-04-11 22:00:48.110506'),(2994,'ambulatorio',66,'669055','SIFILIS (ELISA RECOMBINANTE)',1,0.00,0,'porunicavez','XYZ-123','2021-01-01',0,'unidades','activo',NULL,'2022-04-11 22:00:48.124924'),(2995,'ambulatorio',66,'669058','SILICIO - esputo',1,812.80,0,'porunicavez','XYZ-123','2021-01-01',0,'unidades','activo',NULL,'2022-04-11 22:00:48.142868'),(2996,'ambulatorio',66,'669067','SIMANZINA',1,2438.40,0,'porunicavez','XYZ-123','2021-01-01',0,'unidades','activo',NULL,'2022-04-11 22:00:48.159942'),(2997,'ambulatorio',66,'669076','SINCICIAL RESPIRATORIO, Ac. IgG Anti-',1,690.88,0,'porunicavez','XYZ-123','2021-01-01',0,'unidades','activo',NULL,'2022-04-11 22:00:48.175022'),(2998,'ambulatorio',66,'669084','SINCICIAL RESPIRATORIO, Ac. IgM Anti-',1,690.88,0,'porunicavez','XYZ-123','2021-01-01',0,'unidades','activo',NULL,'2022-04-11 22:00:48.191928'),(2999,'ambulatorio',66,'669093','SINCICIAL RESPIRATORIO, ANTIGENO (Ag.)',1,894.08,0,'porunicavez','XYZ-123','2021-01-01',0,'unidades','activo',NULL,'2022-04-11 22:00:48.209400'),(3000,'ambulatorio',66,'669101','SÍNDROMES LINFOPROLIFERATIVOS CRÓNICOS - FENOTIPIFICACIÓN',1,12192.00,0,'porunicavez','415/2020','2021-01-01',0,'unidades','activo',NULL,'2022-04-11 22:00:48.225838'),(3001,'ambulatorio',66,'669223','SUDOR, TEST CONFIRMATORIO.',1,2032.00,0,'porunicavez','XYZ-123','2021-01-01',0,'unidades','activo',NULL,'2022-04-11 22:00:48.242289'),(3002,'ambulatorio',66,'669229','SULFOHEMOGLOBINA POR COOXIMETRIA',1,0.00,0,'porunicavez','XYZ-123','2021-01-01',0,'unidades','activo',NULL,'2022-04-11 22:00:48.258980'),(3003,'ambulatorio',66,'669238','SULFATOS - urinarios',1,609.60,0,'porunicavez','XYZ-123','2021-01-01',0,'unidades','activo',NULL,'2022-04-11 22:00:48.275416'),(3004,'ambulatorio',66,'669246','SULFOTEP',1,2438.40,0,'porunicavez','XYZ-123','2021-01-01',0,'unidades','activo',NULL,'2022-04-11 22:00:48.291979'),(3005,'ambulatorio',66,'669255','SUPERÓXIDO DISMUTASA (S.O.D.) - sérica',1,1219.20,0,'porunicavez','XYZ-123','2021-01-01',0,'unidades','activo',NULL,'2022-04-11 22:00:48.309100'),(3006,'ambulatorio',66,'669265','SUSTANCIA INTERCELULAR Ac Anti',1,2438.40,0,'porunicavez','XYZ-123','2021-01-01',0,'unidades','activo',NULL,'2022-04-11 22:00:48.327216'),(3007,'ambulatorio',66,'669270','TAENIA SOLIUM - Ac. Anti- IgG',1,2032.00,0,'porunicavez','XYZ-123','2021-01-01',0,'unidades','activo',NULL,'2022-04-11 22:00:48.344373'),(3008,'ambulatorio',66,'669281','TALASEMIAS, Beta-Mutaciones',1,0.00,0,'porunicavez','XYZ-123','2021-01-01',0,'unidades','activo',NULL,'2022-04-11 22:00:48.367191'),(3009,'ambulatorio',66,'669293','TALIO - pelo',1,0.00,0,'porunicavez','XYZ-123','2021-01-01',0,'unidades','activo',NULL,'2022-04-11 22:00:48.384586'),(3010,'ambulatorio',66,'669306','Tdt - Citometría de Flujo',1,1219.20,0,'porunicavez','XYZ-123','2021-01-01',0,'unidades','activo',NULL,'2022-04-11 22:00:48.401612'),(3011,'ambulatorio',66,'669309','TERBUITRYN',1,2438.40,0,'porunicavez','XYZ-123','2021-01-01',0,'unidades','activo',NULL,'2022-04-11 22:00:48.419954'),(3012,'ambulatorio',66,'669311','TERBUTHYLAZINA',1,2438.40,0,'porunicavez','XYZ-123','2021-01-01',0,'unidades','activo',NULL,'2022-04-11 22:00:48.436907'),(3013,'ambulatorio',66,'669314','TEST de DESENSIBILIZACIÓN TESTICULAR',1,4470.40,0,'porunicavez','XYZ-123','2021-01-01',0,'unidades','activo',NULL,'2022-04-11 22:00:48.454372'),(3014,'ambulatorio',66,'669332','TEST de NITRO BLUE TETRAZOLIUM con Estimulación (Test - NBTS)',1,1381.76,0,'porunicavez','XYZ-123','2021-01-01',0,'unidades','activo',NULL,'2022-04-11 22:00:48.470567'),(3015,'ambulatorio',66,'669349','TEST DE NITRO BLUE TETRAZOLIUM (Test - NBT)',1,1381.76,0,'porunicavez','XYZ-123','2021-01-01',0,'unidades','activo',NULL,'2022-04-11 22:00:48.488257'),(3016,'ambulatorio',66,'669358','TEST DE NUGENT - sérico',1,0.00,0,'porunicavez','XYZ-123','2021-01-01',0,'unidades','activo',NULL,'2022-04-11 22:00:48.504909'),(3017,'ambulatorio',66,'669366','TESTOSTERONA DEHIDRO (DHT)',1,1016.00,0,'porunicavez','XYZ-123','2021-01-01',0,'unidades','activo',NULL,'2022-04-11 22:00:48.523199'),(3018,'ambulatorio',66,'669375','TESTOSTERONA LIBRE, To-L',1,609.60,0,'porunicavez','XYZ-123','2021-01-01',0,'unidades','activo',NULL,'2022-04-11 22:00:49.465585'),(3019,'ambulatorio',66,'669383','TESTOSTERONA - urinaria',1,609.60,0,'porunicavez','XYZ-123','2021-01-01',0,'unidades','activo',NULL,'2022-04-11 22:00:49.483607'),(3020,'ambulatorio',66,'669409','TIOCIANATOS - urinarios',1,487.68,0,'porunicavez','XYZ-123','2021-01-01',0,'unidades','activo',NULL,'2022-04-11 22:00:49.500394'),(3021,'ambulatorio',66,'669417','TIOCIANATOS - séricos',1,487.68,0,'porunicavez','XYZ-123','2021-01-01',0,'unidades','activo',NULL,'2022-04-11 22:00:49.519258'),(3022,'ambulatorio',66,'669426','TIONACINA',1,2438.40,0,'porunicavez','XYZ-123','2021-01-01',0,'unidades','activo',NULL,'2022-04-11 22:00:49.535583'),(3023,'ambulatorio',66,'669434','TIOSULFATOS - urinarios',1,325.12,0,'porunicavez','XYZ-123','2021-01-01',0,'unidades','activo',NULL,'2022-04-11 22:00:49.551847'),(3024,'ambulatorio',66,'669443','TIROGLOBULINA (TGs)',1,609.60,0,'porunicavez','XYZ-123','2021-01-01',0,'unidades','activo',NULL,'2022-04-11 22:00:49.567648'),(3025,'ambulatorio',66,'669464','TIROGLOBULINA - líquido de punción (TG LP)',1,0.00,0,'porunicavez','XYZ-123','2021-01-01',0,'unidades','activo',NULL,'2022-04-11 22:00:49.584287'),(3026,'ambulatorio',66,'669477','TIROSINA (Aminoácido - A. Ác.)',1,650.24,0,'porunicavez','XYZ-123','2021-01-01',0,'unidades','activo',NULL,'2022-04-11 22:00:49.602061'),(3027,'ambulatorio',66,'669486','TITULACIÓN de ANTICUERPO VIII (Met..Biol.)',1,0.00,0,'porunicavez','XYZ-123','2021-01-01',0,'unidades','activo',NULL,'2022-04-11 22:00:49.618215'),(3028,'ambulatorio',66,'669494','TOXINA BOTULÍNICA, Ac.',1,0.00,0,'porunicavez','XYZ-123','2021-01-01',0,'unidades','activo',NULL,'2022-04-11 22:00:49.634806'),(3029,'ambulatorio',66,'669503','TOXINA SHIGA o VEROTOXINAS - ESCHERICCIA COLI (c/u) - PCR',1,3251.20,0,'porunicavez','XYZ-123','2021-01-01',0,'unidades','activo',NULL,'2022-04-11 22:00:49.653456'),(3030,'ambulatorio',66,'669511','TOXOCARA CANIS, Ac. IgG Anti-',1,1056.64,0,'porunicavez','XYZ-123','2021-01-01',0,'unidades','activo',NULL,'2022-04-11 22:00:49.669543'),(3031,'ambulatorio',66,'669514','TOXOCARA CANIS, Ac. IgM Anti-',1,1219.20,0,'porunicavez','XYZ-123','2021-01-01',0,'unidades','activo',NULL,'2022-04-11 22:00:49.686656'),(3032,'ambulatorio',66,'669538','TOXOIDE TETÁNICO, Ac. Anti-',1,3657.60,0,'porunicavez','XYZ-123','2021-01-01',0,'unidades','activo',NULL,'2022-04-11 22:00:49.703301'),(3033,'ambulatorio',66,'669561','TOXOPLASMOSIS, Ac. IgA Anti-',1,1219.20,0,'porunicavez','XYZ-123','2021-01-01',0,'unidades','activo',NULL,'2022-04-11 22:00:49.725716'),(3034,'ambulatorio',66,'669565','TOXOPLASMOSIS, Ac. IgA ISAGA Anti-',1,0.00,0,'porunicavez','XYZ-123','2021-01-01',0,'unidades','activo',NULL,'2022-04-11 22:00:49.742950'),(3035,'ambulatorio',66,'669571','TOXOPLASMOSIS, Ac. IgG Anti (ELISA)',1,406.40,0,'porunicavez','XYZ-123','2021-01-01',0,'unidades','activo',NULL,'2022-04-11 22:00:49.760461'),(3036,'ambulatorio',66,'669575','TOXOPLASMOSIS, Ac. IgG Anti- (Test de avidez)',1,1219.20,0,'porunicavez','XYZ-123','2021-01-01',0,'unidades','activo',NULL,'2022-04-11 22:00:49.777248'),(3037,'ambulatorio',66,'669580','TOXOPLASMOSIS, Ac. IgM Anti- (ELISA)',1,568.96,0,'porunicavez','XYZ-123','2021-01-01',0,'unidades','activo',NULL,'2022-04-11 22:00:49.794814'),(3038,'ambulatorio',66,'669588','TOXOPLASMOSIS, Ac. IgM Anti- (IFI)',1,325.12,0,'porunicavez','XYZ-123','2021-01-01',0,'unidades','activo',NULL,'2022-04-11 22:00:49.811339'),(3039,'ambulatorio',66,'669591','TOXOPLASMOSIS - PCR',1,2844.80,0,'porunicavez','XYZ-123','2021-01-01',0,'unidades','activo',NULL,'2022-04-11 22:00:49.828183'),(3040,'ambulatorio',66,'669597','t-PA INMUNOLÓGICO',1,0.00,0,'porunicavez','XYZ-123','2021-01-01',0,'unidades','activo',NULL,'2022-04-11 22:00:49.845492'),(3041,'ambulatorio',66,'669622','TRANSGLUTAMINASA, Ac. IgA Anti -(TGA)',1,934.72,0,'porunicavez','XYZ-123','2021-01-01',0,'unidades','activo',NULL,'2022-04-11 22:00:49.862461'),(3042,'ambulatorio',66,'669631','TRANSGLUTAMINASA, Ac. IgG Anti -(TGA)',1,934.72,0,'porunicavez','XYZ-123','2021-01-01',0,'unidades','activo',NULL,'2022-04-11 22:00:49.878000'),(3043,'ambulatorio',66,'669637','TRANSLOCACIÓN, varias - cualitativa (c/u)',1,8940.80,0,'porunicavez','XYZ-123','2021-01-01',0,'unidades','activo',NULL,'2022-04-11 22:00:49.895531'),(3044,'ambulatorio',66,'669642','TRANSLOCACIÓN, varios - cuantitativa (c/u)',1,14630.40,0,'porunicavez','XYZ-123','2021-01-01',0,'unidades','activo',NULL,'2022-04-11 22:00:49.913827'),(3045,'ambulatorio',66,'669644','TREPONEMA PALLIDUM, FTA ABS, Ac. IgM Anti-',1,406.40,0,'porunicavez','XYZ-123','2021-01-01',0,'unidades','activo',NULL,'2022-04-11 22:00:49.929330'),(3046,'ambulatorio',66,'669647','TRICHINELLA SPIRALIS, Ac. IgG Anti-/Ac. Totales',1,1422.40,0,'porunicavez','XYZ-123','2021-01-01',0,'unidades','activo',NULL,'2022-04-11 22:00:49.946623'),(3047,'ambulatorio',66,'669649','TRICHINELLA SPIRALIS, Ac. IgM Anti-',1,1422.40,0,'porunicavez','XYZ-123','2021-01-01',0,'unidades','activo',NULL,'2022-04-11 22:00:49.964207'),(3048,'ambulatorio',66,'669653','TRICHOMONAS, Cultivo para',1,0.00,0,'porunicavez','XYZ-123','2021-01-01',0,'unidades','activo',NULL,'2022-04-11 22:00:49.982501'),(3049,'ambulatorio',66,'669657','TRICLOROETANOL',1,487.68,0,'porunicavez','XYZ-123','2021-01-01',0,'unidades','activo',NULL,'2022-04-11 22:00:50.001786'),(3050,'ambulatorio',66,'669661','TRIIODOTIRONINA Libre (T3L)',1,406.40,0,'porunicavez','XYZ-123','2021-01-01',0,'unidades','activo',NULL,'2022-04-11 22:00:50.018686'),(3051,'ambulatorio',66,'669672','TRIPLE TEST',1,3657.60,0,'porunicavez','XYZ-123','2021-01-01',0,'unidades','activo',NULL,'2022-04-11 22:00:50.035508'),(3052,'ambulatorio',66,'669682','TRIPSINA, Ac. Anti-',1,0.00,0,'porunicavez','XYZ-123','2021-01-01',0,'unidades','activo',NULL,'2022-04-11 22:00:50.051568'),(3053,'ambulatorio',66,'669691','TRIPTOFANO',1,731.52,0,'porunicavez','XYZ-123','2021-01-01',0,'unidades','activo',NULL,'2022-04-11 22:00:50.069921'),(3054,'ambulatorio',66,'669716','TROMBOFILIA, Panel básico',1,9347.20,0,'porunicavez','XYZ-123','2021-01-01',0,'unidades','activo',NULL,'2022-04-11 22:00:50.087169'),(3055,'ambulatorio',66,'669725','TROPONINA I -TnI',1,690.88,0,'porunicavez','XYZ-123','2021-01-01',0,'unidades','activo',NULL,'2022-04-11 22:00:50.102204'),(3056,'ambulatorio',66,'669734','TROPONINA T (cualitativo) TnT – cuali',1,690.88,0,'porunicavez','XYZ-123','2021-01-01',0,'unidades','activo',NULL,'2022-04-11 22:00:50.120715'),(3057,'ambulatorio',66,'669735','TROPONINA T (cuantitativo) TnT - cuanti',1,1016.00,0,'porunicavez','XYZ-123','2021-01-01',0,'unidades','activo',NULL,'2022-04-11 22:00:50.139000'),(3058,'ambulatorio',66,'669747','TUMOR, Necrosis Factor',1,0.00,0,'porunicavez','XYZ-123','2021-01-01',0,'unidades','activo',NULL,'2022-04-11 22:00:50.158168'),(3059,'ambulatorio',66,'669759','UREAPLASMA UREALÍTICUM (Cultivo)',1,0.00,0,'porunicavez','XYZ-123','2021-01-01',0,'unidades','activo',NULL,'2022-04-11 22:00:50.174519'),(3060,'ambulatorio',66,'669768','UROPORFIRINAS - materia fecal',1,609.60,0,'porunicavez','XYZ-123','2021-01-01',0,'unidades','activo',NULL,'2022-04-11 22:00:50.193119'),(3061,'ambulatorio',66,'669780','VACUNA LINFOCITARIA',1,0.00,0,'porunicavez','XYZ-123','2021-01-01',0,'unidades','activo',NULL,'2022-04-11 22:00:50.211626'),(3062,'ambulatorio',66,'669787','VAGINAL, BALANCE DEL CONTENIDO (BACOVA)',1,243.84,0,'porunicavez','XYZ-123','2021-01-01',0,'unidades','activo',NULL,'2022-04-11 22:00:50.230306'),(3063,'ambulatorio',66,'669790','VANADIO, plasmático o urinario',1,812.80,0,'porunicavez','XYZ-123','2021-01-01',0,'unidades','activo',NULL,'2022-04-11 22:00:50.246484'),(3064,'ambulatorio',66,'669793','VANCOMICINA',1,934.72,0,'porunicavez','XYZ-123','2021-01-01',0,'unidades','activo',NULL,'2022-04-11 22:00:50.262654'),(3065,'ambulatorio',66,'669810','VARICELA ZOSTER, Ac. IgM Anti-',1,1016.00,0,'porunicavez','XYZ-123','2021-01-01',0,'unidades','activo',NULL,'2022-04-11 22:00:50.279431'),(3066,'ambulatorio',66,'669819','VARICELA ZOSTER, Ac. IgG Anti-',1,690.88,0,'porunicavez','XYZ-123','2021-01-01',0,'unidades','activo',NULL,'2022-04-11 22:00:50.297400'),(3067,'ambulatorio',66,'669828','VARICELA ZOSTER, Ag.',1,1219.20,0,'porunicavez','XYZ-123','2021-01-01',0,'unidades','activo',NULL,'2022-04-11 22:00:50.315415'),(3068,'ambulatorio',66,'669834','VARICELA ZOSTER - DNA (PCR)',1,2844.80,0,'porunicavez','XYZ-123','2021-01-01',0,'unidades','activo',NULL,'2022-04-11 22:00:50.331507'),(3069,'ambulatorio',66,'669846','VIGABATRINA',1,1219.20,0,'porunicavez','XYZ-123','2021-01-01',0,'unidades','activo',NULL,'2022-04-11 22:00:50.349014'),(3070,'ambulatorio',66,'669853','VIRUS-JUNIN, Ac. Anti- IgG (FHA)',1,1219.20,0,'porunicavez','XYZ-123','2021-01-01',0,'unidades','activo',NULL,'2022-04-11 22:00:51.945075'),(3071,'ambulatorio',66,'669858','VIRUS-JUNIN, Ac. Anti- IgM (FHA)',1,1219.20,0,'porunicavez','XYZ-123','2021-01-01',0,'unidades','activo',NULL,'2022-04-11 22:00:52.044955'),(3072,'ambulatorio',66,'669870','VISCOSIDAD PLASMÁTICA',1,0.00,0,'porunicavez','XYZ-123','2021-01-01',0,'unidades','activo',NULL,'2022-04-11 22:00:52.064889'),(3073,'ambulatorio',66,'669879','VITAMINA B1 (TIAMINA)',1,1219.20,0,'porunicavez','XYZ-123','2021-01-01',0,'unidades','activo',NULL,'2022-04-11 22:00:52.085030'),(3074,'ambulatorio',66,'669887','VITAMINA B6 (PIRIDOXINA)',1,1503.68,0,'porunicavez','XYZ-123','2021-01-01',0,'unidades','activo',NULL,'2022-04-11 22:00:52.107123'),(3075,'ambulatorio',66,'669896','VITAMINA C (líquido seminal)',1,1219.20,0,'porunicavez','XYZ-123','2021-01-01',0,'unidades','activo',NULL,'2022-04-11 22:00:52.126102'),(3076,'ambulatorio',66,'669898','VITAMINA C (plaquetaria)',1,1219.20,0,'porunicavez','XYZ-123','2021-01-01',0,'unidades','activo',NULL,'2022-04-11 22:00:52.145839'),(3077,'ambulatorio',66,'669905','VITAMINA D  (1,25-DIHIDROXICOLECALCIFEROL O CALCITRIOL - 1,25-VITAMINA D',1,3048.00,0,'porunicavez','XYZ-123','2021-01-01',0,'unidades','activo',NULL,'2022-04-11 22:00:52.163322'),(3078,'ambulatorio',66,'669909','VITAMINA D2 + D3  (ERGOCALCIFEROL + 25- HIDROXICALCIFEROL O COLECALCIFEROL)',1,1625.60,0,'porunicavez','XYZ-123','2021-01-01',0,'unidades','activo',NULL,'2022-04-11 22:00:52.179889'),(3079,'ambulatorio',66,'669913','VITAMINA D3 (25-HIDROXICALCIFEROL)',1,1503.68,0,'porunicavez','XYZ-123','2021-01-01',0,'unidades','activo',NULL,'2022-04-11 22:00:52.201930'),(3080,'ambulatorio',66,'669930','VLDL-COLESTEROL, LIPOPROTEINA DE MUY BAJA DENSIDAD.',1,162.56,0,'porunicavez','XYZ-123','2021-01-01',0,'unidades','activo',NULL,'2022-04-11 22:00:52.220338'),(3081,'ambulatorio',66,'669939','XANTINA',1,406.40,0,'porunicavez','XYZ-123','2021-01-01',0,'unidades','activo',NULL,'2022-04-11 22:00:52.238263'),(3082,'ambulatorio',66,'669947','YERSINIA ENTEROCOLITICA, CULTIVO',1,0.00,0,'porunicavez','XYZ-123','2021-01-01',0,'unidades','activo',NULL,'2022-04-11 22:00:52.256994'),(3083,'ambulatorio',66,'669960','Yo (PCA-1), Ac. Anti-',1,4064.00,0,'porunicavez','XYZ-123','2021-01-01',0,'unidades','activo',NULL,'2022-04-11 22:00:52.276240'),(3084,'ambulatorio',66,'669973','ZAP 70',1,4267.20,0,'porunicavez','XYZ-123','2021-01-01',0,'unidades','activo',NULL,'2022-04-11 22:00:52.293500'),(3085,'ambulatorio',66,'669978','ZIKA, virus (PCR)',1,4064.00,0,'porunicavez','XYZ-123','2021-01-01',0,'unidades','activo',NULL,'2022-04-11 22:00:52.312261'),(3086,'ambulatorio',66,'669984','ZINC - pelo (Zn-pelo)',1,812.80,0,'porunicavez','XYZ-123','2021-01-01',0,'unidades','activo',NULL,'2022-04-11 22:00:52.331776'),(3087,'ambulatorio',66,'669987','ZINC - semen (Zn-semen)',1,1016.00,0,'porunicavez','XYZ-123','2021-01-01',0,'unidades','activo',NULL,'2022-04-11 22:00:52.413825'),(3088,'ambulatorio',66,'669990','ZINC - urinario (Zn-urinario)',1,812.80,0,'porunicavez','XYZ-123','2021-01-01',0,'unidades','activo',NULL,'2022-04-11 22:00:52.435067'),(3089,'ambulatorio',71,'710101','Consulta de relevamiento bucal. Historia clínica.',1,209.96,0,'porunicavez','415/2020','2021-01-01',0,'unidades','activo',NULL,'2022-04-11 22:00:52.454278'),(3090,'ambulatorio',71,'710102','Consulta visitas a domicilio.',1,222.58,0,'porunicavez','415/2020','2021-01-01',0,'unidades','activo',NULL,'2022-04-11 22:00:52.477765'),(3091,'ambulatorio',71,'710103','Consulta de urgencia.',1,209.96,0,'porunicavez','415/2020','2021-01-01',0,'unidades','activo',NULL,'2022-04-11 22:00:52.496792'),(3092,'ambulatorio',71,'710104','Consulta preventiva en embarazadas.',1,209.96,0,'porunicavez','415/2020','2021-01-01',0,'unidades','activo',NULL,'2022-04-11 22:00:52.515603'),(3093,'ambulatorio',71,'710105','Interconsulta odontológica',1,209.96,0,'porunicavez','415/2020','2021-01-01',0,'unidades','activo',NULL,'2022-04-11 22:00:52.533860'),(3094,'ambulatorio',71,'710106','Consulta pre cirugía (diagnóstico pre quirúrgico)',1,209.96,0,'porunicavez','415/2020','2021-01-01',0,'unidades','activo',NULL,'2022-04-11 22:00:52.551219'),(3095,'ambulatorio',71,'710107','Visita en internación',1,210.00,0,'porunicavez','XYZ-123','2021-01-01',0,'unidades','activo',NULL,'2022-04-11 22:00:52.569333'),(3096,'ambulatorio',71,'710108','Consulta de estudio perdiodoncia. Diagnóstico y pronóstico.',1,377.92,0,'porunicavez','415/2020','2021-01-01',0,'unidades','activo',NULL,'2022-04-11 22:00:52.587596'),(3097,'ambulatorio',71,'710109','Primera consulta: Motivación. Hasta ocho años.',1,390.53,0,'porunicavez','415/2020','2021-01-01',0,'unidades','activo',NULL,'2022-04-11 22:00:52.605718'),(3098,'ambulatorio',71,'710110','Estomatología.',1,629.87,0,'porunicavez','415/2020','2021-01-01',0,'unidades','activo',NULL,'2022-04-11 22:00:52.623931'),(3099,'ambulatorio',71,'710201','Obturaciones con amalgama. Cavidad simple.',1,676.06,0,'porunicavez','415/2020','2021-01-01',0,'unidades','activo',NULL,'2022-04-11 22:00:52.643992'),(3100,'ambulatorio',71,'710202','Obturaciones con amalgama. Cavidad compuesta o compleja.',1,797.81,0,'porunicavez','415/2020','2021-01-01',0,'unidades','activo',NULL,'2022-04-11 22:00:52.665383'),(3101,'ambulatorio',71,'710203','Obturación con lámpara de luz halógena. Cavidad simple.',1,676.06,0,'porunicavez','415/2020','2021-01-01',0,'unidades','activo',NULL,'2022-04-11 22:00:52.684831'),(3102,'ambulatorio',71,'710204','Obturación con lámpara de luz halógena. Cavidad compuesta.',1,776.85,0,'porunicavez','415/2020','2021-01-01',0,'unidades','activo',NULL,'2022-04-11 22:00:52.728900'),(3103,'ambulatorio',71,'710301','Inactivación de caries.',1,331.73,0,'porunicavez','415/2020','2021-01-01',0,'unidades','activo',NULL,'2022-04-11 22:00:52.759399'),(3104,'ambulatorio',71,'710302','Tratamiento unirradicular.',1,1570.44,0,'porunicavez','415/2020','2021-01-01',0,'unidades','activo',NULL,'2022-04-11 22:00:52.783149'),(3105,'ambulatorio',71,'710303','Desobturación de conductos',1,503.89,0,'porunicavez','415/2020','2021-01-01',0,'unidades','activo',NULL,'2022-04-11 22:00:52.804562'),(3106,'ambulatorio',71,'710304','Tratamiento multirradicular.',1,2515.24,0,'porunicavez','415/2020','2021-01-01',0,'unidades','activo',NULL,'2022-04-11 22:00:52.829531'),(3107,'ambulatorio',71,'710305','Biopulpectomía parcial.',1,499.69,0,'porunicavez','415/2020','2021-01-01',0,'unidades','activo',NULL,'2022-04-11 22:00:52.850095'),(3108,'ambulatorio',71,'710306','Necropulpectomía parcial.',1,369.53,0,'porunicavez','415/2020','2021-01-01',0,'unidades','activo',NULL,'2022-04-11 22:00:52.869129'),(3109,'ambulatorio',71,'710307','Protección pulpar directa.',1,377.92,0,'porunicavez','415/2020','2021-01-01',0,'unidades','activo',NULL,'2022-04-11 22:00:52.888227'),(3110,'ambulatorio',71,'710308','Módulo de prevención.',1,419.91,0,'porunicavez','415/2020','2021-01-01',0,'unidades','activo',NULL,'2022-04-11 22:00:52.907763'),(3111,'ambulatorio',71,'710309','Tartrectomía y cepillado mecánico.',1,319.12,0,'porunicavez','415/2020','2021-01-01',0,'unidades','activo',NULL,'2022-04-11 22:00:52.927953'),(3112,'ambulatorio',71,'710310','Topicación con flúor.',1,470.29,0,'porunicavez','415/2020','2021-01-01',0,'unidades','activo',NULL,'2022-04-11 22:00:52.947963'),(3113,'ambulatorio',71,'710311','Sellador de puntos y fisuras.',1,432.52,0,'porunicavez','415/2020','2021-01-01',0,'unidades','activo',NULL,'2022-04-11 22:00:52.963743'),(3114,'ambulatorio',71,'710312','Tratamiento con cariostáticos.',1,251.95,0,'porunicavez','415/2020','2021-01-01',0,'unidades','activo',NULL,'2022-04-11 22:00:52.979950'),(3115,'ambulatorio',71,'710313','Tratamiento de dientes primarios con formocresol.',1,688.65,0,'porunicavez','415/2020','2021-01-01',0,'unidades','activo',NULL,'2022-04-11 22:00:52.997208'),(3116,'ambulatorio',71,'710401','Tratamiento de gingivitis marginal crónica.',1,394.71,0,'porunicavez','415/2020','2021-01-01',0,'unidades','activo',NULL,'2022-04-11 22:00:53.015222'),(3117,'ambulatorio',71,'710402','Tratamiento de periodontitis destructiva leve o moderada.',1,537.46,0,'porunicavez','415/2020','2021-01-01',0,'unidades','activo',NULL,'2022-04-11 22:00:53.032077'),(3118,'ambulatorio',71,'710403','Desgaste selectivo o armonización oclusal.',1,293.94,0,'porunicavez','415/2020','2021-01-01',0,'unidades','activo',NULL,'2022-04-11 22:00:53.056638'),(3119,'ambulatorio',71,'710404','Terapia de mantenimiento. Cada seis meses posteriores al tratamiento.',1,293.94,0,'porunicavez','415/2020','2021-01-01',0,'unidades','activo',NULL,'2022-04-11 22:00:53.074069'),(3120,'ambulatorio',71,'710501','Radiografía periapical.',1,209.96,0,'porunicavez','415/2020','2021-01-01',0,'unidades','activo',NULL,'2022-04-11 22:00:53.091966'),(3121,'ambulatorio',71,'710502','Bite-wing.',1,209.96,0,'porunicavez','415/2020','2021-01-01',0,'unidades','activo',NULL,'2022-04-11 22:00:53.109432'),(3122,'ambulatorio',71,'710503','Radiografía media seriada.',1,713.85,0,'porunicavez','415/2020','2021-01-01',0,'unidades','activo',NULL,'2022-04-11 22:00:53.127026'),(3123,'ambulatorio',71,'710504','Radiografía seriada.',1,1335.29,0,'porunicavez','415/2020','2021-01-01',0,'unidades','activo',NULL,'2022-04-11 22:00:53.143804'),(3124,'ambulatorio',71,'710505','Radiografía panorámica. Pantomografía.',1,839.80,0,'porunicavez','415/2020','2021-01-01',0,'unidades','activo',NULL,'2022-04-11 22:00:53.161166'),(3125,'ambulatorio',71,'710601','KIT Material EPP odontología',1,1800.00,0,'porunicavez','no esta definido','2021-01-01',0,'unidades','activo',NULL,'2022-04-11 22:00:53.183390'),(3126,'ambulatorio',71,'710602','Reducción de luxación con inmovilización dentaria.',1,629.87,0,'porunicavez','415/2020','2021-01-01',0,'unidades','activo',NULL,'2022-04-11 22:00:53.200575'),(3127,'ambulatorio',71,'710603','Luxación total. Reimplante e inmovilización dentaria.',1,755.84,0,'porunicavez','415/2020','2021-01-01',0,'unidades','activo',NULL,'2022-04-11 22:00:53.216647'),(3128,'ambulatorio',71,'710604','Fractura amelodentinaria. Protección pulpar con coronas provisorias.',1,545.00,0,'porunicavez','XYZ-123','2021-01-01',0,'unidades','activo',NULL,'2022-04-11 22:00:53.233682'),(3129,'ambulatorio',71,'710605','Extracción dentaria simple.',1,638.27,0,'porunicavez','415/2020','2021-01-01',0,'unidades','activo',NULL,'2022-04-11 22:00:53.252409'),(3130,'ambulatorio',71,'710606','RETENCION MUCOSA',1,3848.00,0,'porunicavez','415/2020','2021-01-01',1,'unidades','activo',NULL,'2022-04-11 22:00:53.365216'),(3131,'ambulatorio',71,'710607','RETENCION OSEA',1,3848.00,0,'porunicavez','415/2020','2021-01-01',1,'unidades','activo',NULL,'2022-04-11 22:00:53.383871'),(3132,'ambulatorio',71,'710608','GERMECTOMIA',1,3848.00,0,'porunicavez','415/2020','2021-01-01',1,'unidades','activo',NULL,'2022-04-11 22:00:53.402373'),(3133,'ambulatorio',71,'710609','LIBERACION DE PIEZA RETENIDA',1,3848.00,0,'porunicavez','415/2020','2021-01-01',1,'unidades','activo',NULL,'2022-04-11 22:00:53.424341'),(3134,'ambulatorio',71,'710610','APICETOMIA',1,3848.00,0,'porunicavez','415/2020','2021-01-01',1,'unidades','activo',NULL,'2022-04-11 22:00:53.442467'),(3135,'ambulatorio',71,'710611','TRATAMIENTO DE LA OSTEOMIELLITIS',1,11056.50,0,'porunicavez','415/2020','2021-01-01',1,'unidades','activo',NULL,'2022-04-11 22:00:53.465389'),(3136,'ambulatorio',71,'710612','EXTRACCION DE CUERPO EXTRAÑO',1,11056.50,0,'porunicavez','415/2020','2021-01-01',1,'unidades','activo',NULL,'2022-04-11 22:00:54.006574'),(3137,'ambulatorio',71,'710613','ALVEOLECTOMIACORRECTIVA',1,11056.50,0,'porunicavez','415/2020','2021-01-01',1,'unidades','activo',NULL,'2022-04-11 22:00:54.024038'),(3138,'ambulatorio',71,'710614','BIOPSIA POR PUNCION, ASPIRACION o ESCISION DE TEJIDOS DUROS (óseo o cartilaginoso).',1,11056.50,0,'porunicavez','415/2020','2021-01-01',1,'unidades','activo',NULL,'2022-04-11 22:00:54.042025'),(3139,'ambulatorio',71,'710615','REDUCCION DE LUXACION MANDIBULAR.',1,11056.50,0,'porunicavez','415/2020','2021-01-01',1,'unidades','activo',NULL,'2022-04-11 22:00:54.060644'),(3140,'ambulatorio',71,'710616','EXTIRPACION DE PROCESOS QUISTICOS ASOCIADOS A PIEZAS DENTARIAS',1,11056.50,0,'porunicavez','415/2020','2021-01-01',1,'unidades','activo',NULL,'2022-04-11 22:00:54.078663'),(3141,'ambulatorio',71,'710617','RECONSTRUCCION DE REBORDES MAXILARES.',1,11056.50,0,'porunicavez','415/2020','2021-01-01',1,'unidades','activo',NULL,'2022-04-11 22:00:54.097852'),(3142,'ambulatorio',71,'710618','PLASTICA DE COMUNICACIÓN BUCO-SINUSAL O BUCO-NASAL',1,11056.50,0,'porunicavez','415/2020','2021-01-01',1,'unidades','activo',NULL,'2022-04-11 22:00:54.117829'),(3143,'ambulatorio',71,'710619','EXTRACCION DE PIEZAS DENTARIAS RETENIDAS QUE REQUIERAN ANESTESIA GENERAL.',1,11056.50,0,'porunicavez','415/2020','2021-01-01',1,'unidades','activo',NULL,'2022-04-11 22:00:54.134042'),(3144,'ambulatorio',71,'710701','BIOPSIA POR PUNCION, ASPIRACION O ESCISION DE TEJIDOS BLANDOS.',1,11056.50,0,'porunicavez','415/2020','2021-01-01',1,'unidades','activo',NULL,'2022-04-11 22:00:54.153792'),(3145,'ambulatorio',71,'710702','INCISION Y DRENAJE DE LESIONES INFECCIOSAS POR VIA BUCAL Y/O CUTANEA.',1,11056.50,0,'porunicavez','415/2020','2021-01-01',1,'unidades','activo',NULL,'2022-04-11 22:00:54.170852'),(3146,'ambulatorio',71,'710703','TRATAMIENTO QUIRURGICO DE LAS HEMORRAGIAS BUCALES',1,11056.50,0,'porunicavez','415/2020','2021-01-01',1,'unidades','activo',NULL,'2022-04-11 22:00:54.188631'),(3147,'ambulatorio',71,'710704','TRATAMIENTO DE HERIDAS DE TEJIDOS BLANDOS',1,11056.50,0,'porunicavez','415/2020','2021-01-01',1,'unidades','activo',NULL,'2022-04-11 22:00:54.207151'),(3148,'ambulatorio',71,'710705','EXTIRPACION DE QUISTES DE GLANDULAS SALIVALES MENORES (MUCOCELE-RANULA)',1,11056.50,0,'porunicavez','415/2020','2021-01-01',1,'unidades','activo',NULL,'2022-04-11 22:00:54.224428'),(3149,'ambulatorio',71,'710706','PROFUNDIZACION DEL SURCO VESTIBULAR Y/O LINGUAL',1,11056.50,0,'porunicavez','415/2020','2021-01-01',1,'unidades','activo',NULL,'2022-04-11 22:00:54.242163'),(3150,'ambulatorio',71,'710707','PLASTICA DE FRENILLO LINGUAL O VESTIBULAR',1,11056.50,0,'porunicavez','415/2020','2021-01-01',1,'unidades','activo',NULL,'2022-04-11 22:00:54.259555'),(3151,'ambulatorio',71,'710708','TRATAMIENTO QUIRURGICO HIPERTROFIAS BUCALES',1,11056.50,0,'porunicavez','415/2020','2021-01-01',1,'unidades','activo',NULL,'2022-04-11 22:00:54.276553'),(3152,'ambulatorio',71,'710620','EXTIRPACION DE QUISTES DE LOS MAXILARES O MANDIBULARES',1,15702.00,0,'porunicavez','415/2020','2021-01-01',1,'unidades','activo',NULL,'2022-04-11 22:00:54.293652'),(3153,'ambulatorio',71,'710621','EXTIRPACION DE TUMORES MAXILARES O MANDIBULARES.',1,15702.00,0,'porunicavez','415/2020','2021-01-01',1,'unidades','activo',NULL,'2022-04-11 22:00:54.310472'),(3154,'ambulatorio',71,'710622','ARTROCENTESIS DE ARTICULACION TEMPOROMANDIBULAR',1,15702.00,0,'porunicavez','415/2020','2021-01-01',1,'unidades','activo',NULL,'2022-04-11 22:00:54.327512'),(3155,'ambulatorio',71,'710623','EXTIRPACION DE ELEMENTOS EXTRAÑOS EN ESTRUCTURAS O CAVIDADES FACIALES',1,15702.00,0,'porunicavez','415/2020','2021-01-01',1,'unidades','activo',NULL,'2022-04-11 22:00:54.343606'),(3156,'ambulatorio',71,'710624','ANTROTOMIAS',1,15702.00,0,'porunicavez','415/2020','2021-01-01',1,'unidades','activo',NULL,'2022-04-11 22:00:54.359320'),(3157,'ambulatorio',71,'710709','EXTIRPACION DE LITIASIS EXTRAGLANDULAR',1,15702.00,0,'porunicavez','415/2020','2021-01-01',1,'unidades','activo',NULL,'2022-04-11 22:00:54.375684'),(3158,'ambulatorio',71,'710710','TRATAMIENTO DE LA FISTULA CUTANEA',1,15702.00,0,'porunicavez','415/2020','2021-01-01',1,'unidades','activo',NULL,'2022-04-11 22:00:54.394358'),(3159,'ambulatorio',71,'710711','TOILLETTE DE HERIDAS',1,15702.00,0,'porunicavez','415/2020','2021-01-01',1,'unidades','activo',NULL,'2022-04-11 22:00:54.410645'),(3160,'ambulatorio',71,'710712','TRATAMIENTO QUIRURGICO DE HEMORRAGIAS AGUDAS ETMOIDALES, FARINGEAS, BUCALES- CERVICALES',1,15702.00,0,'porunicavez','415/2020','2021-01-01',1,'unidades','activo',NULL,'2022-04-11 22:00:54.427115'),(3161,'ambulatorio',71,'710713','TRATAMIENTO QUIRURGICO DE FRACTURAS DENTOALVEOLARES',1,15702.00,0,'porunicavez','415/2020','2021-01-01',1,'unidades','activo',NULL,'2022-04-11 22:00:54.445886'),(3162,'ambulatorio',71,'710801','TRATAMIENTO NO QUIRURGICO DE FRACTURAS FACIALES',1,15702.00,0,'porunicavez','415/2020','2021-01-01',1,'unidades','activo',NULL,'2022-04-11 22:00:54.464980'),(3163,'ambulatorio',71,'710714','PLASTICA DEL REBORDE ALVEOLAR',1,23361.00,0,'porunicavez','415/2020','2021-01-01',1,'unidades','activo',NULL,'2022-04-11 22:00:54.499836'),(3164,'ambulatorio',71,'710901','VELOPLASTIA',1,23361.00,0,'porunicavez','415/2020','2021-01-01',1,'unidades','activo',NULL,'2022-04-11 22:00:54.519426'),(3165,'ambulatorio',71,'711001','EXTIRPACION DE GLANDULAS SALIVALES MAYORES POR PATOLOGIA LITIASICA / INFLAMATORIA O TUMORAL',1,23361.00,0,'porunicavez','415/2020','2021-01-01',1,'unidades','activo',NULL,'2022-04-11 22:00:54.537307'),(3166,'ambulatorio',71,'711202','TRATAMIENTO QUIRURGICO DE LOS DESORDENES TEMPOROMANDIBULARES  UNI O BILATERAL.',1,33883.56,0,'porunicavez','415/2020','2021-01-01',1,'unidades','activo',NULL,'2022-04-11 22:00:54.572342'),(3167,'ambulatorio',71,'711203','CIRUGIA ORTOGNATICA (SAGITAL DE MANDIBULA, LE FORT, SEGMENTARIAS).',1,33883.56,0,'porunicavez','415/2020','2021-01-01',1,'unidades','activo',NULL,'2022-04-11 22:00:54.590539'),(3168,'ambulatorio',71,'711301','RECONSTRUCCION CON COLGAJO REGIONAL Y/O PEDICULADO.',1,33883.56,0,'porunicavez','415/2020','2021-01-01',1,'unidades','activo',NULL,'2022-04-11 22:00:54.606508'),(3169,'ambulatorio',95,'950101','Local (menor a 30 km) Movil sanitario sin asistencia Programado',1,906.40,0,'porunicavez','51/2021','2021-01-01',1,'unidades','inactivo','2022-02-16','2022-04-11 22:00:54.663488'),(3170,'ambulatorio',95,'950102','Local (menor a 30 km) Movil sanitario con asistencia Programado',1,1328.70,0,'porunicavez','51/2021','2021-10-04',1,'unidades','inactivo','2022-02-16','2022-04-11 22:00:56.812245'),(3171,'ambulatorio',95,'950103','Local (menor a 30 km) Movil sanitario con asistencia Emergencia y Urgencia',1,1596.50,0,'mensual','51/2021','2021-01-01',0,'unidades','inactivo','2022-02-16','2022-04-11 22:00:54.697149'),(3172,'ambulatorio',95,'950104','Local (menor a 30 km) ALTA con asistencia Todos',1,9991.00,0,'porunicavez','51/2021','2021-01-01',1,'unidades','inactivo','2022-02-16','2022-04-11 22:00:54.715697'),(3173,'ambulatorio',95,'950105','Local (menor a 30 km) BAJA sin asistencia Todos',1,3079.70,0,'porunicavez','51/2021','2021-01-01',1,'unidades','inactivo','2022-02-16','2022-04-11 22:00:54.733423'),(3174,'ambulatorio',95,'950106','Local (menor a 30 km) BAJA con asistencia Todos',1,6921.60,0,'porunicavez','51/2021','2021-01-01',1,'unidades','inactivo','2022-02-16','2022-04-11 22:00:54.755269'),(3175,'ambulatorio',95,'950201','Interurbano (por km excedente desde el 31 al 110 km) Movil sanitario sin asistencia Todos',1,51.50,0,'porunicavez','51/2021','2021-01-01',1,'unidades','inactivo','2022-02-16','2022-04-11 22:00:54.772225'),(3176,'ambulatorio',95,'950202','Interurbano (por km excedente desde el 31 al 110 km) Movil sanitario con asistencia Todos',1,103.00,0,'porunicavez','51/2021','2021-01-01',1,'unidades','inactivo','2022-02-16','2022-04-11 22:00:54.789764'),(3177,'ambulatorio',95,'950203','Interurbano (por km excedente desde el 31 al 110 km) ALTA con asistencia Todos',1,175.10,0,'porunicavez','51/2021','2021-01-01',1,'unidades','inactivo','2022-02-16','2022-04-11 22:00:54.805400'),(3178,'ambulatorio',95,'950204','Interurbano (por km excedente desde el 31 al 110 km) BAJA sin asistencia Todos',1,103.00,0,'porunicavez','51/2021','2021-01-01',1,'unidades','inactivo','2022-02-16','2022-04-11 22:00:54.823891'),(3179,'ambulatorio',95,'950205','Interurbano (por km excedente desde el 31 al 110 km) BAJA con asistencia Todos',1,154.50,0,'porunicavez','51/2021','2021-01-01',1,'unidades','inactivo','2022-02-16','2022-04-11 22:00:54.842225'),(3180,'ambulatorio',95,'950301','Larga distancia (por km excedente desde el 110 km en adelante) Movil sanitario sin asistencia Todos',1,30.90,0,'porunicavez','51/2021','2021-01-01',1,'unidades','inactivo','2022-02-16','2022-04-11 22:00:54.858960'),(3181,'ambulatorio',95,'950302','Larga distancia (por km excedente desde el 110 km en adelante) Movil sanitario con asistencia Todos',1,61.80,0,'porunicavez','51/2021','2021-01-01',1,'unidades','inactivo','2022-02-16','2022-04-11 22:00:54.875003'),(3182,'ambulatorio',95,'950303','Larga distancia (por km excedente desde el 110 km en adelante) ALTA con asistencia Todos',1,154.50,0,'porunicavez','51/2021','2021-01-01',1,'unidades','inactivo','2022-02-16','2022-04-11 22:00:54.893615'),(3183,'ambulatorio',95,'950304','Larga distancia (por km excedente desde el 110 km en adelante) BAJA sin asistencia Todos',1,72.10,0,'porunicavez','51/2021','2021-01-01',1,'unidades','inactivo','2022-02-16','2022-04-11 22:00:54.910916'),(3184,'ambulatorio',95,'950305','Larga distancia (por km excedente desde el 110 km en adelante) BAJA con asistencia Todos',1,123.60,0,'porunicavez','51/2021','2021-01-01',1,'unidades','inactivo','2022-02-16','2022-04-11 22:00:54.934184'),(3185,'ambulatorio',95,'950401','Hora de espera Movil sanitario sin asistencia Todos',1,844.60,0,'porunicavez','51/2021','2021-01-01',1,'unidades','inactivo','2022-02-16','2022-04-11 22:00:54.952944'),(3186,'ambulatorio',95,'950402','Hora de espera Movil sanitario con asistencia Todos',1,1668.60,0,'porunicavez','51/2021','2021-01-01',1,'unidades','inactivo','2022-02-16','2022-04-11 22:00:54.969344'),(3187,'ambulatorio',95,'950403','Hora de espera ALTA con asistencia Todos',1,6406.60,0,'porunicavez','51/2021','2021-01-01',1,'unidades','inactivo','2022-02-16','2022-04-11 22:00:54.985788'),(3188,'ambulatorio',95,'950404','Hora de espera BAJA sin asistencia Todos',1,2049.70,0,'porunicavez','51/2021','2021-01-01',1,'unidades','inactivo','2022-02-16','2022-04-11 22:00:55.002595'),(3189,'ambulatorio',66,'660189','CORTISOL',1,406.40,1,'mensual','415/2020','2021-09-10',0,'unidades','activo',NULL,'2022-04-11 22:00:56.761644'),(3190,'ambulatorio',66,'662002','ACTO BIOQUÍMICO ADMINISTRATIVO POR VALIDACIÓN',1,20.32,0,'porunicavez','XYZ-123','2021-09-29',0,'unidades','inactivo','2021-09-29','2022-04-11 22:00:56.778626'),(3191,'ambulatorio',23,'230101','HEMATOLOGÌA MODULO ESTUDIOS PRIMERA VEZ',1,4958.03,0,'porunicavez','398/2021','2021-09-30',1,'unidades','activo',NULL,'2022-04-11 22:00:56.795675'),(3192,'ambulatorio',95,'950102','Local (menor a 30 km) Movil sanitario con asistencia Programado',1,1328.70,0,'porunicavez','51/2021','2021-10-04',1,'unidades','inactivo','2022-02-16','2022-04-11 22:00:56.812245'),(3193,'ambulatorio',66,'660189','CORTISOL',1,406.40,1,'mensual','415/2020','2021-09-10',0,'unidades','activo',NULL,'2022-04-11 22:00:56.761644'),(3194,'ambulatorio',66,'660189','CORTISOL',1,406.40,1,'mensual','415/2020','2021-09-10',0,'unidades','activo',NULL,'2022-04-11 22:00:56.761644'),(3195,'ambulatorio',66,'660189','CORTISOL',1,406.40,1,'mensual','415/2020','2021-09-10',0,'unidades','activo',NULL,'2022-04-11 22:00:56.761644'),(3196,'ambulatorio',66,'660189','CORTISOL',1,406.40,1,'mensual','415/2020','2021-09-10',0,'unidades','activo',NULL,'2022-04-11 22:00:56.761644'),(3197,'ambulatorio',66,'660189','CORTISOL',1,406.40,1,'mensual','415/2020','2021-09-10',0,'unidades','activo',NULL,'2022-04-11 22:00:56.761644'),(3198,'ambulatorio',66,'660189','CORTISOL',1,406.40,1,'mensual','415/2020','2021-09-10',0,'unidades','activo',NULL,'2022-04-11 22:00:56.761644'),(3199,'ambulatorio',66,'660189','CORTISOL',1,406.40,1,'mensual','415/2020','2021-09-10',0,'unidades','activo',NULL,'2022-04-11 22:00:56.761644'),(3200,'ambulatorio',66,'660189','CORTISOL',1,406.40,1,'mensual','415/2020','2021-09-10',0,'unidades','activo',NULL,'2022-04-11 22:00:56.761644'),(3201,'ambulatorio',66,'660189','CORTISOL',1,406.40,1,'mensual','415/2020','2021-09-10',0,'unidades','activo',NULL,'2022-04-11 22:00:56.761644'),(3202,'ambulatorio',66,'660189','CORTISOL',1,406.40,1,'mensual','415/2020','2021-09-10',0,'unidades','activo',NULL,'2022-04-11 22:00:56.761644'),(3203,'ambulatorio',66,'660189','CORTISOL',1,406.40,1,'mensual','415/2020','2021-09-10',0,'unidades','activo',NULL,'2022-04-11 22:00:56.761644'),(3204,'ambulatorio',66,'660189','CORTISOL',1,406.40,1,'mensual','415/2020','2021-09-10',0,'unidades','activo',NULL,'2022-04-11 22:00:56.761644'),(3205,'internación',1,'011002','Punciones de reservorios para instilar sustancias o extraer LCR',1,3058.01,0,'porunicavez','415/2020','2021-01-01',1,'unidades','inactivo','2022-04-06','2022-04-11 22:00:15.855032'),(3206,'internación',1,'011003','Bloqueos por dolor',1,3058.01,0,'porunicavez','415/2020','2021-01-01',1,'unidades','inactivo','2022-04-06','2022-04-11 22:00:15.904730'),(3207,'internación',1,'011101','Drenajes lumbares externos a sistemas cerrados',1,13855.11,0,'porunicavez','415/2020','2021-01-01',1,'unidades','inactivo','2022-04-06','2022-04-11 22:00:15.958609'),(3208,'internación',1,'011102','Drenaje externo continuo de LCR',1,13855.11,0,'porunicavez','415/2020','2021-01-01',1,'unidades','inactivo','2022-04-06','2022-04-11 22:00:15.987824'),(3209,'internación',1,'011103','Tracción cefálica compas y/o colocación halo chaleco',1,13855.11,0,'porunicavez','415/2020','2021-01-01',1,'unidades','inactivo','2022-04-06','2022-04-11 22:00:16.013903'),(3210,'internación',1,'011104','Bloqueo cervical, dorsal y lumbar facetario radical o epidural guiado por radioscopia o TC',1,13855.11,0,'porunicavez','415/2020','2021-01-01',1,'unidades','inactivo','2022-04-06','2022-04-11 22:00:16.035146'),(3211,'internación',1,'011105','Colocación y monitoreo de la PIC',1,13855.11,0,'porunicavez','415/2020','2021-01-01',1,'unidades','inactivo','2022-04-06','2022-04-11 22:00:16.056180'),(3212,'internación',1,'011202','Punciones evacuatorias de colecciones intracraneanas-extrapa-renquimatosas',1,34637.78,0,'porunicavez','415/2020','2021-01-01',1,'unidades','inactivo','2022-04-06','2022-04-11 22:00:16.075076'),(3213,'internación',1,'011203','Ligadura de carotida cervical',1,34637.78,0,'porunicavez','415/2020','2021-01-01',1,'unidades','inactivo','2022-04-06','2022-04-11 22:00:16.093176'),(3214,'internación',1,'011204','Tunel carpiano',1,34637.78,0,'porunicavez','415/2020','2021-01-01',1,'unidades','inactivo','2022-04-06','2022-04-11 22:00:16.111205'),(3215,'internación',1,'011205','Recambio parcial de válvula o colocación de reservorio aventrículo',1,34637.78,0,'porunicavez','415/2020','2021-01-01',1,'unidades','inactivo','2022-04-06','2022-04-11 22:00:16.130389'),(3216,'internación',1,'011206','Tumor óseo de calota',1,34637.78,0,'porunicavez','415/2020','2021-01-01',1,'unidades','inactivo','2022-04-06','2022-04-11 22:00:16.155365'),(3217,'internación',1,'011207','Tumor cefálico de partes blandas',1,34637.78,0,'porunicavez','415/2020','2021-01-01',1,'unidades','inactivo','2022-04-06','2022-04-11 22:00:16.178515'),(3218,'internación',1,'011208','Desplaquetamiento',1,34637.78,0,'porunicavez','415/2020','2021-01-01',1,'unidades','inactivo','2022-04-06','2022-04-11 22:00:16.208035'),(3219,'internación',1,'011209','Colocación de cateteres epi o subdurales con reservorio para la instilación de fármacos',1,34637.78,0,'porunicavez','415/2020','2021-01-01',1,'unidades','inactivo','2022-04-06','2022-04-11 22:00:16.230430'),(3220,'internación',1,'011703','Tumores del tronco cerebral',1,280842.43,0,'porunicavez','415/2020','2021-01-01',1,'unidades','inactivo','2022-04-06','2022-04-11 22:00:17.780145'),(3221,'internación',12,'120301','MSC301 Dedo en resorte del adulto o congénito.',1,14608.28,0,'porunicavez','415/2020','2021-01-01',1,'unidades','activo',NULL,'2022-04-11 22:00:19.105827'),(3222,'internación',12,'120302','MSC302 Osteodesis percutáneas en fracturas diafisarías de falanges, metacarpianos, muñeca o codo.',1,14608.28,0,'porunicavez','415/2020','2021-01-01',1,'unidades','activo',NULL,'2022-04-11 22:00:19.124024'),(3223,'internación',12,'120303','MSC303 Amputaciones en agudo o reamputaciones programadas en dedos (hasta 2)',1,14608.28,0,'porunicavez','415/2020','2021-01-01',1,'unidades','activo',NULL,'2022-04-11 22:00:19.142587'),(3224,'internación',12,'120304','MSC304 Tumores benignos en partes blandas extra aponeuróticos.',1,14608.28,0,'porunicavez','415/2020','2021-01-01',1,'unidades','activo',NULL,'2022-04-11 22:00:19.168328'),(3225,'internación',12,'120305','MSC305 Tratamiento de la enfermedad de DeQuervain.',1,14608.28,0,'porunicavez','415/2020','2021-01-01',1,'unidades','activo',NULL,'2022-04-11 22:00:19.185697'),(3226,'internación',12,'120306','MSC306 Quiste de la vaina flexora. Exéresis del Ganglión abierto o Artroscópica.',1,14608.28,0,'porunicavez','415/2020','2021-01-01',1,'unidades','activo',NULL,'2022-04-11 22:00:19.202390'),(3227,'internación',12,'120307','MSC307 Fasciotomía subcutánea palma de mano.',1,14608.28,0,'porunicavez','415/2020','2021-01-01',1,'unidades','activo',NULL,'2022-04-11 22:00:19.221372'),(3228,'internación',12,'120309','MSC309 Sinovectomía parcial de muñeca.',1,14608.28,0,'porunicavez','415/2020','2021-01-01',1,'unidades','activo',NULL,'2022-04-11 22:00:19.241103'),(3229,'internación',12,'120311','MSC311 Artrodesis IFP o IFD. Más de 2 aumenta, una categoría.',1,14608.28,0,'porunicavez','415/2020','2021-01-01',1,'unidades','activo',NULL,'2022-04-11 22:00:19.277647'),(3230,'internación',12,'120312','MSC312 Biopsias a cielo abierto.',1,14608.28,0,'porunicavez','415/2020','2021-01-01',1,'unidades','activo',NULL,'2022-04-11 22:00:19.297299'),(3231,'internación',12,'120313','MSC313 Injerto libre de piel como único tratamiento en dedos.',1,14608.28,0,'porunicavez','415/2020','2021-01-01',1,'unidades','activo',NULL,'2022-04-11 22:00:19.320773'),(3232,'internación',12,'120402','MSC402 Síndrome Tunel Carpeano. Canal de Gouyon.',1,22061.10,0,'porunicavez','415/2020','2021-01-01',1,'unidades','activo',NULL,'2022-04-11 22:00:19.370535'),(3233,'internación',12,'120403','MSC403 Osteosíntesis fracturas diafiarías MCP y falanges hasta dos. Más de 2 aumenta, una categoría.',1,22061.10,0,'porunicavez','415/2020','2021-01-01',1,'unidades','activo',NULL,'2022-04-11 22:00:19.387017'),(3234,'internación',12,'120405','MSC405 Artrodesis MCF de los dedos y del pulgar. Más de 2 aumenta, una categoría.',1,22061.10,0,'porunicavez','415/2020','2021-01-01',1,'unidades','activo',NULL,'2022-04-11 22:00:19.406854'),(3235,'internación',12,'120417','MSC417 Sinovectomía total de muñeca o codo.',1,22061.10,0,'porunicavez','415/2020','2021-01-01',1,'unidades','activo',NULL,'2022-04-11 22:00:19.426563'),(3236,'internación',12,'120418','MSC418 Liberación articular en mano (hasta 2 articulaciones) IF, MCF y muñeca.',1,22061.10,0,'porunicavez','415/2020','2021-01-01',1,'unidades','activo',NULL,'2022-04-11 22:00:19.443232'),(3237,'internación',12,'120419','MSC419 Toilette de la Fractura Expuesta sin tratamiento óseo definitivo.',1,22061.10,0,'porunicavez','415/2020','2021-01-01',1,'unidades','activo',NULL,'2022-04-11 22:00:19.460785'),(3238,'internación',12,'120420','MSC420 Sinovectomía total MCF o IF.',1,22061.10,0,'porunicavez','415/2020','2021-01-01',1,'unidades','activo',NULL,'2022-04-11 22:00:19.478824'),(3239,'internación',12,'120422','MSC422 Artrodesis IFP o IFD.',1,22061.10,0,'porunicavez','415/2020','2021-01-01',1,'unidades','activo',NULL,'2022-04-11 22:00:19.514612'),(3240,'internación',12,'120423','MSC423 Reparación ligamentaria en MCF del pulgar, + muñeca y codo.',1,22061.10,0,'porunicavez','415/2020','2021-01-01',1,'unidades','activo',NULL,'2022-04-11 22:00:19.532282'),(3241,'internación',12,'120424','MSC424 Drenaje de Infección o absceso profundo.',1,22061.10,0,'porunicavez','415/2020','2021-01-01',1,'unidades','activo',NULL,'2022-04-11 22:00:19.550086'),(3242,'ambulatorio',23,'230101','HEMATOLOGÌA MODULO ESTUDIOS PRIMERA VEZ',1,4958.03,0,'porunicavez','398/2021','2021-08-01',1,'unidades','inactivo','2021-09-29','2022-04-11 22:00:19.567336'),(3243,'internación',23,'230403','SESION DE TRATAMIENTO ONCOLOGICO CON PACIENTE INTERNADO',1,2418.31,0,'porunicavez','398/2021','2021-08-01',1,'unidades','activo',NULL,'2022-04-11 22:00:19.709244'),(3244,'ambulatorio',66,'660189','HIDROCORISONA – CORTISOL',1,406.40,0,'porunicavez','XYZ-123','2021-01-01',0,'unidades','inactivo','2021-09-09','2022-04-11 22:00:22.753439'),(3245,'ambulatorio',66,'662002','ACTO BIOQUÍMICO ADMINISTRATIVO POR VALIDACIÓN',1,20.32,0,'porunicavez','XYZ-123','2021-01-01',0,'unidades','inactivo','2021-09-28','2022-04-11 22:00:29.622947'),(3246,'internación',71,'711102','RETIRO DE OSTEOSINTESIS',1,15702.00,0,'porunicavez','415/2020','2021-01-01',1,'unidades','activo',NULL,'2022-04-11 22:00:54.483112'),(3247,'internación',71,'711101','TRATAMIENTO QUIRURGICO DE LAS FRACTURAS MAXILARES Y/O HUESOS FACIALES. Incluye OSTEOSINTESIS.',1,23361.00,0,'porunicavez','415/2020','2021-01-01',1,'unidades','activo',NULL,'2022-04-11 22:00:54.554308'),(3248,'internación',71,'711303','TRATAMIENTO QUIRURGICO DEL CANCER BUCAL, MAXILOCERVICOFACIAL Y ESTRUCTURAS ANEXAS.',1,33883.56,0,'porunicavez','415/2020','2021-01-01',1,'unidades','activo',NULL,'2022-04-11 22:00:54.624148'),(3249,'internación',71,'710802','TRATAMIENTO QUIRURGICO DE LAS FRACTURAS COMPLEJAS DE LA CARA (LE FORT l, ll y lll)',1,38068.56,0,'porunicavez','415/2020','2021-01-01',1,'unidades','activo',NULL,'2022-04-11 22:00:54.646996'),(3250,'ambulatorio',95,'950102','Local (menor a 30 km) Movil sanitario con asistencia Programado',1,1190.67,0,'porunicavez','51/2021','2021-01-01',1,'unidades','inactivo','2021-10-03','2022-04-11 22:00:54.680507'),(3251,'ambulatorio',55,'550102','Intracanal CIC',1,139265.00,0,'porunicavez','519/2021','2022-01-01',1,'unidades','activo',NULL,'2022-04-11 22:00:27.693878'),(3252,'ambulatorio',55,'550201','Mini Retroauricular',1,140545.00,0,'porunicavez','519/2021','2022-01-01',1,'unidades','activo',NULL,'2022-04-11 22:00:27.719100'),(3253,'ambulatorio',55,'550301','RITE (Receptor en oído)',1,149548.00,0,'porunicavez','519/2021','2022-01-01',1,'unidades','activo',NULL,'2022-04-11 22:00:27.765885'),(3254,'ambulatorio',95,'950405','Hora de espera BAJA con asistencia Todos',1,5796.72,0,'porunicavez','51/2021','2022-02-17',1,'unidades','activo',NULL,'2022-04-11 22:00:55.019638'),(3255,'ambulatorio',55,'550101','Intracanal',1,139524.00,0,'porunicavez','519/2021','2022-01-01',1,'unidades','activo',NULL,'2022-04-11 22:00:56.866093'),(3256,'ambulatorio',55,'550202','Retroauricular',1,157966.00,0,'porunicavez','519/2021','2022-01-01',1,'unidades','activo',NULL,'2022-04-11 22:00:56.883661'),(3257,'ambulatorio',95,'950101','Local (menor a 30 km) Movil sanitario sin asistencia Programado',1,1024.32,0,'porunicavez','51/21','2022-02-17',1,'unidades','activo',NULL,'2022-04-11 22:00:56.902775'),(3258,'ambulatorio',95,'950103','Local (menor a 30 km) Movil sanitario con asistencia Emergencia y Urgencia',1,1804.20,0,'mensual','51/2021','2022-02-17',0,'unidades','activo',NULL,'2022-04-11 22:00:56.925332'),(3259,'ambulatorio',95,'950104','Local (menor a 30 km) ALTA con asistencia Todos',1,11290.80,0,'porunicavez','51/2021','2022-02-17',1,'unidades','activo',NULL,'2022-04-11 22:00:56.942078'),(3260,'ambulatorio',95,'950105','Local (menor a 30 km) BAJA sin asistencia Todos',1,3480.36,0,'porunicavez','51/2021','2022-02-17',1,'unidades','activo',NULL,'2022-04-11 22:00:56.959641'),(3261,'ambulatorio',95,'950106','Local (menor a 30 km) BAJA con asistencia Todos',1,7822.08,0,'porunicavez','51/2021','2022-02-17',1,'unidades','activo',NULL,'2022-04-11 22:00:56.977791'),(3262,'ambulatorio',95,'950201','Interurbano (por km excedente desde el 31 al 110 km) Movil sanitario sin asistencia Todos',1,58.20,0,'porunicavez','51/2021','2022-02-17',1,'unidades','activo',NULL,'2022-04-11 22:00:56.993933'),(3263,'ambulatorio',95,'950202','Interurbano (por km excedente desde el 31 al 110 km) Movil sanitario con asistencia Todos',1,116.40,0,'porunicavez','51/2021','2022-02-17',1,'unidades','activo',NULL,'2022-04-11 22:00:57.009845'),(3264,'ambulatorio',95,'950203','Interurbano (por km excedente desde el 31 al 110 km) ALTA con asistencia Todos',1,197.88,0,'porunicavez','51/2021','2022-02-17',1,'unidades','activo',NULL,'2022-04-11 22:00:57.026968'),(3265,'ambulatorio',95,'950204','Interurbano (por km excedente desde el 31 al 110 km) BAJA sin asistencia Todos',1,116.40,0,'porunicavez','51/2021','2022-02-17',1,'unidades','activo',NULL,'2022-04-11 22:00:57.043753'),(3266,'ambulatorio',95,'950205','Interurbano (por km excedente desde el 31 al 110 km) BAJA con asistencia Todos',1,174.60,0,'porunicavez','51/2021','2022-02-17',1,'unidades','activo',NULL,'2022-04-11 22:00:57.062280'),(3267,'ambulatorio',95,'950301','Larga distancia (por km excedente desde el 110 km en adelante) Movil sanitario sin asistencia Todos',1,34.92,0,'porunicavez','51/2021','2022-02-17',1,'unidades','activo',NULL,'2022-04-11 22:00:57.078380'),(3268,'ambulatorio',95,'950302','Larga distancia (por km excedente desde el 110 km en adelante) Movil sanitario con asistencia Todos',1,69.84,0,'porunicavez','51/2021','2022-02-17',1,'unidades','activo',NULL,'2022-04-11 22:00:57.094896'),(3269,'ambulatorio',95,'950303','Larga distancia (por km excedente desde el 110 km en adelante) ALTA con asistencia Todos',1,174.60,0,'porunicavez','51/2021','2022-02-17',1,'unidades','activo',NULL,'2022-04-11 22:00:57.110870'),(3270,'ambulatorio',95,'950304','Larga distancia (por km excedente desde el 110 km en adelante) BAJA sin asistencia Todos',1,81.48,0,'porunicavez','51/2021','2022-02-17',1,'unidades','activo',NULL,'2022-04-11 22:00:57.127395'),(3271,'ambulatorio',95,'950305','Larga distancia (por km excedente desde el 110 km en adelante) BAJA con asistencia Todos',1,139.68,0,'porunicavez','51/2021','2022-02-17',1,'unidades','activo',NULL,'2022-04-11 22:00:57.145039'),(3272,'ambulatorio',95,'950401','Hora de espera Movil sanitario sin asistencia Todos',1,954.48,0,'porunicavez','51/2021','2022-02-17',1,'unidades','activo',NULL,'2022-04-11 22:00:57.163951'),(3273,'ambulatorio',95,'950402','Hora de espera Movil sanitario con asistencia Todos',1,1885.68,0,'porunicavez','21/2021','2022-02-17',1,'unidades','activo',NULL,'2022-04-11 22:00:57.187551'),(3274,'ambulatorio',95,'950403','Hora de espera ALTA con asistencia Todos',1,7240.08,0,'porunicavez','51/2021','2022-02-17',1,'unidades','activo',NULL,'2022-04-11 22:00:57.203984'),(3275,'ambulatorio',95,'950404','Hora de espera BAJA sin asistencia Todos',1,2316.36,0,'porunicavez','51/2021','2022-02-17',1,'unidades','activo',NULL,'2022-04-11 22:00:57.220026'),(3276,'ambulatorio',95,'950102','Local (menor a 30 km) Movil sanitario con asistencia Programado',1,1501.56,0,'porunicavez','51/2021','2022-02-17',1,'unidades','activo',NULL,'2022-04-11 22:00:57.238645'),(3277,'ambulatorio',41,'410001','ARANCEL GLOBAL POR CADA 24 HS.DE ATENCIÓN',1,4334.00,0,'porunicavez','081/22','2022-03-23',1,'unidades','inactivo','2022-03-23','2022-04-11 22:00:20.853280'),(3278,'ambulatorio',41,'410101','Enfermería Domicialiaria días laborales por hora',1,580.80,0,'porunicavez','328/2021','2022-03-23',1,'unidades','activo',NULL,'2022-04-11 22:00:20.879048'),(3279,'ambulatorio',41,'410102','Enfermería Domicialiaria feriados y fines de semana por hora',1,696.96,0,'porunicavez','328/2021','2022-03-23',1,'unidades','activo',NULL,'2022-04-11 22:00:20.909319'),(3280,'ambulatorio',41,'410103','Enfermería Domicialiaria días laborales por hora',1,484.00,0,'porunicavez','328/2021','2022-03-23',1,'unidades','activo',NULL,'2022-04-11 22:00:20.946965'),(3281,'ambulatorio',41,'410104','Enfermería Domicialiaria feriados y fines de semana por hora',1,580.80,0,'porunicavez','328/2021','2022-03-23',1,'unidades','activo',NULL,'2022-04-11 22:00:20.975829'),(3282,'ambulatorio',41,'410105','Enfermería Domicialiaria días laborales por hora',1,462.67,0,'porunicavez','328/2021','2022-03-23',1,'unidades','activo',NULL,'2022-04-11 22:00:20.995304'),(3283,'ambulatorio',41,'410106','Enfermería Domicialiaria feriados y fines de semana por hora',1,553.90,0,'porunicavez','328/2021','2022-03-23',1,'unidades','activo',NULL,'2022-04-11 22:00:21.012228'),(3284,'ambulatorio',41,'410201','Cuidador Domiciliario por hora (maximo 12hs y 6 dias por semana, 72hs semanales, 288hs mensuales)',1,211.02,0,'porunicavez','408/2021','2022-03-23',1,'unidades','activo',NULL,'2022-04-11 22:00:21.028961'),(3285,'ambulatorio',80,'800101','Centro de Día - Jornada Doble',1,92516.09,0,'porunicavez','482','2022-03-23',1,'unidades','activo',NULL,'2022-04-11 22:00:55.167570'),(3286,'ambulatorio',80,'800102','Centro de Día - Jornada Doble',1,77709.17,0,'porunicavez','482','2022-03-23',1,'unidades','activo',NULL,'2022-04-11 22:00:55.182974'),(3287,'ambulatorio',80,'800103','Centro de Día - Jornada Doble',1,59171.48,0,'porunicavez','482','2022-03-23',1,'unidades','activo',NULL,'2022-04-11 22:00:55.215298'),(3288,'ambulatorio',80,'800104','Centro de Día - Jornada Simple',1,49218.17,0,'porunicavez','482','2022-03-23',1,'unidades','activo',NULL,'2022-04-11 22:00:55.256371'),(3289,'ambulatorio',80,'800105','Centro de Día - Jornada Simple',1,41413.56,0,'porunicavez','482','2022-03-23',1,'unidades','activo',NULL,'2022-04-11 22:00:55.284407'),(3290,'ambulatorio',80,'800106','Centro de Día - Jornada Simple',1,31559.50,0,'porunicavez','482','2022-03-23',1,'unidades','activo',NULL,'2022-04-11 22:00:55.315640'),(3291,'ambulatorio',80,'800201','Centro EducativoTerapéutico - Jornada Doble',1,103924.26,0,'porunicavez','482','2022-03-23',1,'unidades','activo',NULL,'2022-04-11 22:00:55.331830'),(3292,'ambulatorio',80,'800202','Centro EducativoTerapéutico - Jornada Doble',1,87252.24,0,'porunicavez','482','2022-03-23',1,'unidades','activo',NULL,'2022-04-11 22:00:55.348067'),(3293,'ambulatorio',80,'800203','Centro EducativoTerapéutico - Jornada Doble',1,66560.75,0,'porunicavez','482','2022-03-23',1,'unidades','activo',NULL,'2022-04-11 22:00:55.366092'),(3294,'ambulatorio',80,'800204','Centro Educativo Terapéutico - Jornada Simple',1,56766.46,0,'porunicavez','482','2022-03-23',1,'unidades','inactivo','2022-03-24','2022-04-11 22:00:55.383349'),(3295,'ambulatorio',80,'800205','Centro Educativo Terapéutico - Jornada Simple',1,47635.74,0,'porunicavez','482','2022-03-23',1,'unidades','activo',NULL,'2022-04-11 22:00:55.401175'),(3296,'ambulatorio',80,'800206','Centro Educativo Terapéutico - Jornada Simple',1,36374.38,0,'porunicavez','482','2022-03-23',1,'unidades','activo',NULL,'2022-04-11 22:00:55.417931'),(3297,'internación',80,'800301','Hogar con CET Lunes a Viernes',1,232991.15,0,'porunicavez','482','2022-03-23',1,'unidades','activo',NULL,'2022-04-11 22:00:55.436987'),(3298,'internación',80,'800302','Hogar con CET Lunes a Viernes',1,195726.52,0,'porunicavez','482','2022-03-23',1,'unidades','activo',NULL,'2022-04-11 22:00:55.455618'),(3299,'internación',80,'800303','Hogar con CET Lunes a Viernes',1,152963.68,0,'porunicavez','482','2022-03-23',1,'unidades','activo',NULL,'2022-04-11 22:00:55.471371'),(3300,'ambulatorio',80,'800401','Rehabilitacion - Módulo Integral Intensivo',1,14546.34,0,'porunicavez','482','2022-03-23',1,'unidades','activo',NULL,'2022-04-11 22:00:55.488564'),(3301,'ambulatorio',80,'800402','Rehabilitación - Módulo Integral Simple',1,8749.76,0,'porunicavez','482','2022-03-23',1,'unidades','activo',NULL,'2022-04-11 22:00:55.504419'),(3302,'ambulatorio',80,'800403','Rehabilitación - Hosp. De Día - Jornada Simple',1,52306.22,0,'porunicavez','482','2022-03-23',1,'unidades','activo',NULL,'2022-04-11 22:00:55.519629'),(3303,'ambulatorio',80,'800404','Rehabilitación - Hosp. De Día - Jornada Doble',1,84591.06,0,'porunicavez','482','2022-03-23',1,'unidades','activo',NULL,'2022-04-11 22:00:55.535267'),(3304,'internación',80,'800405','Rehabilitación - Internación',1,473208.06,0,'porunicavez','482','2022-03-23',1,'unidades','activo',NULL,'2022-04-11 22:00:55.557681'),(3305,'ambulatorio',80,'800501','Estimulación Temprana',1,34868.77,0,'porunicavez','482','2022-03-23',1,'unidades','activo',NULL,'2022-04-11 22:00:55.574572'),(3306,'ambulatorio',80,'800502','Kineseología',1,1653.25,0,'porunicavez','482','2022-03-23',1,'unidades','activo',NULL,'2022-04-11 22:00:55.590399'),(3307,'ambulatorio',80,'800504','Fonoaudiología',1,1653.25,0,'porunicavez','482','2022-03-23',1,'unidades','activo',NULL,'2022-04-11 22:00:55.609234'),(3308,'ambulatorio',80,'800505','Re-educacion del lenguaje',1,1653.25,0,'porunicavez','482','2022-03-23',1,'unidades','activo',NULL,'2022-04-11 22:00:55.627309'),(3309,'ambulatorio',80,'800506','Equinoterapia',1,1653.25,0,'porunicavez','482','2022-03-23',1,'unidades','activo',NULL,'2022-04-11 22:00:56.385140'),(3310,'ambulatorio',80,'800507','Terapia Ocupacional',1,1653.25,0,'porunicavez','482','2022-03-23',1,'unidades','activo',NULL,'2022-04-11 22:00:56.405479'),(3311,'ambulatorio',80,'800508','Psicología',1,1653.25,0,'porunicavez','482','2022-03-23',1,'unidades','activo',NULL,'2022-04-11 22:00:56.422263'),(3312,'ambulatorio',80,'800509','Psiquiatría',1,1653.25,0,'porunicavez','482','2022-03-23',1,'unidades','activo',NULL,'2022-04-11 22:00:56.437631'),(3313,'ambulatorio',80,'800510','Psicopedagogía',1,1653.25,0,'porunicavez','482','2022-03-23',1,'unidades','activo',NULL,'2022-04-11 22:00:56.455028'),(3314,'ambulatorio',80,'800511','Gimnasia terapéutica',1,1653.25,0,'porunicavez','482','2022-03-23',1,'unidades','activo',NULL,'2022-04-11 22:00:56.471368'),(3315,'ambulatorio',80,'800512','Estimulacion Visual',1,1653.25,0,'porunicavez','482','2022-03-23',1,'unidades','activo',NULL,'2022-04-11 22:00:56.486990'),(3316,'ambulatorio',41,'410301','Acompañante terapéutico días laborales por hora',1,515.37,0,'porunicavez','051/2022','2022-03-23',1,'unidades','inactivo','2022-03-23','2022-04-11 22:00:57.255135'),(3317,'ambulatorio',41,'410302','Acompañante terapéutico feriados y fines de semana por hora',1,635.51,0,'porunicavez','051/2022','2022-03-23',1,'unidades','activo',NULL,'2022-04-11 22:00:57.270968'),(3318,'ambulatorio',25,'250103','TERAPIA OCUPACIONAL POR SESION',1,843.00,0,'porunicavez','415/20','2022-03-24',1,'unidades','activo',NULL,'2022-04-11 22:00:19.859135'),(3319,'ambulatorio',25,'250105','PILONES PARA AMPUTADOS ALINEACION',1,346.00,0,'porunicavez','415/20','2022-03-24',1,'unidades','activo',NULL,'2022-04-11 22:00:19.874871'),(3320,'ambulatorio',25,'250106','KINESITERAPIA O FISIATRIA A DOMICILIO',1,441.06,0,'porunicavez','460/21','2022-03-24',1,'unidades','activo',NULL,'2022-04-11 22:00:19.901649'),(3321,'ambulatorio',25,'250107','MAGNETOTERAPIA',1,890.00,0,'porunicavez','415/2020','2022-03-24',1,'unidades','activo',NULL,'2022-04-11 22:00:19.928318'),(3322,'ambulatorio',25,'250110','PSICOMOTRICIDAD',1,0.00,0,'porunicavez','415/2020','2022-03-24',1,'unidades','activo',NULL,'2022-04-11 22:00:19.945519'),(3323,'ambulatorio',25,'250151','NEUROREHABILITACION',1,628.78,0,'porunicavez','460/2021','2022-03-24',1,'unidades','activo',NULL,'2022-04-11 22:00:19.963150'),(3324,'ambulatorio',25,'250164','REEDUCACION POSTURAL GLOBAL',1,0.00,0,'porunicavez','415/2020','2022-03-24',1,'unidades','activo',NULL,'2022-04-11 22:00:19.983339'),(3325,'ambulatorio',25,'250189','NEUROLINGUISTICA',1,0.00,0,'porunicavez','415/2020','2022-03-24',1,'unidades','activo',NULL,'2022-04-11 22:00:20.000642'),(3326,'ambulatorio',25,'250116','DRENAJE LINFÁTICO MANUAL',1,685.94,0,'porunicavez','460/2021','2022-03-24',1,'unidades','activo',NULL,'2022-04-11 22:00:20.017048'),(3327,'ambulatorio',25,'250104','REHABILITACION DEL LENGUAJE. POR SESION',1,189.70,0,'porunicavez','415/2020','2022-03-24',1,'unidades','activo',NULL,'2022-04-11 22:00:20.033520'),(3328,'ambulatorio',33,'330101','PSICOTERAPIAS INDIVIDUALES NIÑOS O ADULTOS (30 SESIONES',1,987.84,30,'anual','417/2021','2022-03-24',0,'unidades','activo',NULL,'2022-04-11 22:00:57.531381'),(3329,'ambulatorio',33,'330102','PSICOTERAPIAS GRUPALES O COLECTIVAS NIÑOS O ADULTO',1,414.66,0,'porunicavez','417/2021','2022-03-24',1,'unidades','activo',NULL,'2022-04-11 22:00:20.288386'),(3330,'ambulatorio',33,'330103','PSICOTERAPIA DE PAREJA O FAMILIA (30 SESIONES CADA MIEMBRO)',1,987.84,30,'anual','417/2021','2022-03-24',0,'unidades','activo',NULL,'2022-04-11 22:00:20.307656'),(3331,'ambulatorio',33,'330105','PSICOPEDAGOGIA',1,410.00,30,'anual','415/2020','2022-03-24',0,'unidades','activo',NULL,'2022-04-11 22:00:20.348465'),(3332,'ambulatorio',33,'330106','TEST NEUROCOGNITIVO',1,482.00,0,'porunicavez','415/2020','2022-03-24',1,'unidades','activo',NULL,'2022-04-11 22:00:20.366582'),(3333,'ambulatorio',33,'330107','GOTEO CON PSICOFARMACOS EN ENFERMOS NO INTERNADOS',1,338.00,0,'porunicavez','415/2020','2022-03-24',1,'unidades','activo',NULL,'2022-04-11 22:00:20.390046'),(3334,'ambulatorio',33,'330109','SUEÑO PROLONGADO',1,208.00,0,'porunicavez','415/2020','2022-03-24',1,'unidades','activo',NULL,'2022-04-11 22:00:20.410005'),(3335,'ambulatorio',33,'330110','REFLEJOS CONDICIONADOS',1,208.00,0,'porunicavez','415/2020','2022-03-24',1,'unidades','activo',NULL,'2022-04-11 22:00:20.439509'),(3336,'ambulatorio',33,'330111','PRUEBAS PSICOMETRICAS',1,1014.00,0,'porunicavez','415/2020','2022-03-24',1,'unidades','activo',NULL,'2022-04-11 22:00:20.458372'),(3337,'ambulatorio',33,'330112','PRUEBAS PROYECTIVAS PERFIL DE PERSONALIDAD',1,2029.00,0,'porunicavez','415/2020','2022-03-24',1,'unidades','activo',NULL,'2022-04-11 22:00:20.477982'),(3338,'ambulatorio',33,'330120','CONSULTA PSIQUIATRICA',1,1524.40,30,'anual','417/2021','2022-03-24',0,'unidades','activo',NULL,'2022-04-11 22:00:20.496104'),(3339,'ambulatorio',33,'330125','ENTREVISTA COMPLEMENTARIA (PSICOLOGIA)',1,843.00,0,'porunicavez','415/2020','2022-03-24',1,'unidades','activo',NULL,'2022-04-11 22:00:20.513807'),(3340,'internación',33,'330202','HOSPITAL DE NOCHE - INTERNACIÓN PSIQUIÁTRICA',1,1411.00,0,'porunicavez','415/2020','2022-03-24',1,'unidades','activo',NULL,'2022-04-11 22:00:20.551741'),(3341,'ambulatorio',33,'330203','HOSPITAL DE DIA (JORNADA COMPLETA)',1,1613.46,0,'porunicavez','417/2021','2022-03-24',1,'unidades','activo',NULL,'2022-04-11 22:00:20.572319'),(3342,'internación',33,'330302','MODULO DE ADMINISIÓN. POR SESIÓN',1,1246.00,0,'porunicavez','415/2020','2022-03-24',1,'unidades','activo',NULL,'2022-04-11 22:00:57.580748'),(3343,'internación',33,'330303','MODULO AMBULATORIO A',1,9422.88,0,'porunicavez','029/2021','2022-03-24',1,'unidades','activo',NULL,'2022-04-11 22:00:20.612349'),(3344,'internación',33,'330304','MODULO AMBULATORIO B',1,6281.92,0,'porunicavez','029/2022','2022-03-24',1,'unidades','activo',NULL,'2022-04-11 22:00:20.631804'),(3345,'internación',33,'330305','MODULO AMBULATORIO C',1,3140.96,0,'porunicavez','029/2022','2022-03-24',1,'unidades','activo',NULL,'2022-04-11 22:00:20.651668'),(3346,'ambulatorio',33,'330306','CENTRO DIURNO MEDIA JORNADA',1,383.00,0,'porunicavez','415/2020','2022-03-24',0,'unidades','activo',NULL,'2022-04-11 22:00:20.671578'),(3347,'internación',33,'330307','DESINTOXICACIÓN - INTERNACIÓN',1,53999.90,0,'porunicavez','029/2022','2022-03-24',1,'unidades','activo',NULL,'2022-04-11 22:00:20.694680'),(3348,'internación',33,'330308','INTERNACIÓN RESIDENCIAL EN COMUNIDAD TERAPÉUTICA PACIENTES PSQUIÁTRICOS',1,1064.00,0,'porunicavez','415/2020','2022-03-24',1,'unidades','activo',NULL,'2022-04-11 22:00:20.712626'),(3349,'internación',33,'330309','INTERNACIÓN RESIDENCIAL EN COMUNIDAD TERAPÉUTICA PACIENTES DUALES CON COMORBILIDAD PSIQUIÁTRICOS',1,867.00,0,'porunicavez','415/2020','2022-03-24',1,'unidades','activo',NULL,'2022-04-11 22:00:20.733194'),(3350,'internación',33,'330401','VALLE SERENO MÓDULO INTERNACIÓN I',1,1500.00,0,'porunicavez','415/2020','2022-03-24',1,'unidades','activo',NULL,'2022-04-11 22:00:20.753067'),(3351,'internación',33,'330402','VALLE SERENO MÓDULO INTERNACIÓN II',1,2056.00,0,'porunicavez','415/2020','2022-03-24',1,'unidades','activo',NULL,'2022-04-11 22:00:20.784475'),(3352,'internación',33,'330403','VALLE SERENO REINSERCIÓN SOCIOPRODUCTIVA',1,806.66,0,'porunicavez','417/2022','2022-03-24',1,'unidades','activo',NULL,'2022-04-11 22:00:20.819699'),(3353,'ambulatorio',81,'810101','Hotel 1 pax x noche',1,550.00,0,'porunicavez','204/19','2022-03-24',1,'unidades','activo',NULL,'2022-04-11 22:00:55.037164'),(3354,'ambulatorio',81,'810102','Hotel 2 pax x noche',1,1100.00,0,'porunicavez','204/19','2022-03-24',1,'unidades','activo',NULL,'2022-04-11 22:00:55.053220'),(3355,'ambulatorio',81,'810103','Acompañamiento de mas de 1 persona por requerimiento médico, monto máximo.',1,1295.00,0,'porunicavez','204/19','2022-03-24',1,'unidades','activo',NULL,'2022-04-11 22:00:55.069542'),(3356,'ambulatorio',81,'810204','Taxi/remis',1,10.48,0,'porunicavez','583/19','2022-03-24',1,'unidades','activo',NULL,'2022-04-11 22:00:55.086142'),(3357,'ambulatorio',81,'810205','Hora de espera Taxi',1,57.17,0,'porunicavez','583/19','2022-03-24',1,'unidades','activo',NULL,'2022-04-11 22:00:55.103539'),(3358,'ambulatorio',81,'810301','Subsidios de sepelio por fallecimiento de familiar a cargo',1,5600.00,0,'porunicavez','465/15','2022-03-24',1,'unidades','activo',NULL,'2022-04-11 22:00:55.118682'),(3359,'ambulatorio',81,'810401','Residencia Adulto Mayor',1,48431.49,0,'porunicavez','246/21','2022-03-24',1,'unidades','activo',NULL,'2022-04-11 22:00:55.135804'),(3360,'ambulatorio',81,'810402','Residencia Adulto Mayor con asistencia Psicogeriatríca',1,55673.78,0,'porunicavez','246/21','2022-03-24',1,'unidades','activo',NULL,'2022-04-11 22:00:55.151631'),(3361,'ambulatorio',80,'800513','Hidroterápia',1,1653.25,0,'porunicavez','482','2022-03-24',1,'unidades','activo',NULL,'2022-04-11 22:00:56.504970'),(3362,'ambulatorio',80,'800601','Transporte - (Km)',1,65.80,0,'porunicavez','482','2022-03-24',1,'unidades','activo',NULL,'2022-04-11 22:00:56.523934'),(3363,'ambulatorio',80,'800701','Alimentación',1,414.20,0,'porunicavez','482','2022-03-24',1,'unidades','activo',NULL,'2022-04-11 22:00:56.540168'),(3364,'ambulatorio',80,'800801','ARANCEL GLOBAL POR CADA 24 HS.DE ATENCIÓN',1,6900.16,0,'porunicavez','081/22','2022-03-24',1,'unidades','activo',NULL,'2022-04-11 22:00:56.556445'),(3365,'ambulatorio',80,'800802','Licenciado en Enfermería Domicialiaria días laborales por hora',1,580.80,0,'porunicavez','328/21','2022-03-24',1,'unidades','activo',NULL,'2022-04-11 22:00:56.572200'),(3366,'ambulatorio',80,'800803','Licenciado en Enfermería Domicialiaria feriados y fines de semana por hora',1,696.96,0,'porunicavez','328/21','2022-03-24',1,'unidades','activo',NULL,'2022-04-11 22:00:56.590850'),(3367,'ambulatorio',80,'800804','Enfermería Domicialiaria días laborales por hora',1,484.00,0,'porunicavez','328/21','2022-03-24',1,'unidades','activo',NULL,'2022-04-11 22:00:56.607467'),(3368,'ambulatorio',80,'800805','Enfermería Domicialiaria feriados y fines de semana por hora',1,580.80,0,'porunicavez','328/21','2022-03-24',1,'unidades','activo',NULL,'2022-04-11 22:00:56.623680'),(3369,'ambulatorio',80,'800806','Auxiliar de Enfermería Domicialiaria días laborales por hora',1,462.67,0,'porunicavez','328/21','2022-03-24',1,'unidades','activo',NULL,'2022-04-11 22:00:56.639740'),(3370,'ambulatorio',80,'800807','Auxiliar de Enfermería Domicialiaria feriados y fines de semana por hora',1,553.90,0,'porunicavez','328/21','2022-03-24',1,'unidades','activo',NULL,'2022-04-11 22:00:56.656597'),(3371,'ambulatorio',80,'800810','Acompañante terapéutico por dias laborales por hora',1,530.83,0,'porunicavez','409/21','2022-03-24',1,'unidades','activo',NULL,'2022-04-11 22:00:56.677537'),(3372,'ambulatorio',80,'800811','Acompañante terapéutico feriados y fines de semana por hora',1,635.51,0,'porunicavez','409/21','2022-03-24',1,'unidades','activo',NULL,'2022-04-11 22:00:56.692607'),(3373,'internación',80,'800901','Residencia Adulto Mayor',1,48431.49,0,'porunicavez','246/21','2022-03-24',1,'unidades','activo',NULL,'2022-04-11 22:00:56.709549'),(3374,'internación',80,'800902','Residencia Adulto Mayor con asistencia Psicogeriatríca',1,55673.78,0,'porunicavez','246/21','2022-03-24',1,'unidades','activo',NULL,'2022-04-11 22:00:56.727047'),(3375,'ambulatorio',80,'800903','Aprestamiento Laboral- Jornada Doble',1,90804.17,0,'porunicavez','482','2022-03-24',1,'unidades','activo',NULL,'2022-04-11 22:00:57.287635'),(3376,'ambulatorio',80,'800904','Aprestamiento Laboral- Jornada Doble',1,76342.78,0,'porunicavez','482','2022-03-24',1,'unidades','activo',NULL,'2022-04-11 22:00:57.302799'),(3377,'ambulatorio',80,'800905','Aprestamiento Laboral- Jornada Doble',1,58168.43,0,'porunicavez','482','2022-03-24',1,'unidades','activo',NULL,'2022-04-11 22:00:57.318138'),(3378,'ambulatorio',80,'800906','Aprestamiento Laboral- Jornada Simple',1,49377.96,0,'porunicavez','482','2022-03-24',1,'unidades','activo',NULL,'2022-04-11 22:00:57.336766'),(3379,'ambulatorio',80,'800907','Aprestamiento Laboral- Jornada Simple',1,41514.97,0,'porunicavez','482','2022-03-24',1,'unidades','activo',NULL,'2022-04-11 22:00:57.352446'),(3380,'ambulatorio',80,'800908','Aprestamiento Laboral- Jornada Simple',1,31580.99,0,'porunicavez','482','2022-03-24',1,'unidades','activo',NULL,'2022-04-11 22:00:57.371548'),(3381,'ambulatorio',41,'410507','modulo 1 (diario)',1,1027.28,0,'porunicavez','191/2021','2022-03-24',1,'unidades','activo',NULL,'2022-04-11 22:00:57.387274'),(3382,'ambulatorio',41,'410508','modulo 1 (mensual)',1,28764.00,0,'porunicavez','191/2021','2022-03-24',1,'unidades','activo',NULL,'2022-04-11 22:00:57.403533'),(3383,'ambulatorio',41,'410509','Modulo 2 (Diario)',1,2664.00,0,'porunicavez','191/2021','2022-03-24',1,'unidades','activo',NULL,'2022-04-11 22:00:57.419317'),(3384,'ambulatorio',41,'410510','Modulo 2 (mensual)',1,74592.00,0,'porunicavez','191/2021','2022-03-24',1,'unidades','activo',NULL,'2022-04-11 22:00:57.436447'),(3385,'ambulatorio',80,'800204','Centro Educativo Terapéutico - Jornada Simple',1,56755.46,0,'porunicavez','482','2022-03-25',1,'unidades','activo',NULL,'2022-04-11 22:00:57.452107'),(3386,'ambulatorio',41,'410511','Modulo 3 (diario)',1,6248.57,0,'porunicavez','191/2021','2022-03-24',1,'unidades','activo',NULL,'2022-04-11 22:00:57.467832'),(3387,'ambulatorio',41,'410512','Modulo 3 (mensual)',1,174960.00,0,'porunicavez','191/2021','2022-03-24',1,'unidades','activo',NULL,'2022-04-11 22:00:57.483839'),(3388,'ambulatorio',41,'410513','Modulo 4 (diario)',1,11031.42,0,'porunicavez','191/2021','2022-03-24',1,'unidades','activo',NULL,'2022-04-11 22:00:57.500334'),(3389,'ambulatorio',41,'410514','Modulo 4 (mensual)',1,308880.00,0,'porunicavez','191/2021','2022-03-24',1,'unidades','activo',NULL,'2022-04-11 22:00:57.516704'),(3390,'ambulatorio',33,'330101','PSICOTERAPIAS INDIVIDUALES NIÑOS O ADULTOS (30 SESIONES',1,987.84,30,'anual','417/2021','2022-03-24',0,'unidades','activo',NULL,'2022-04-11 22:00:57.531381'),(3391,'ambulatorio',41,'410301','Acompañante terapéutico días laborales por hora',1,530.83,0,'porunicavez','051/2022','2022-03-24',1,'unidades','activo',NULL,'2022-04-11 22:00:57.547371'),(3392,'ambulatorio',41,'410001','ARANCEL GLOBAL POR CADA 24 HS.DE ATENCIÓN',1,6900.16,0,'porunicavez','081/2022','2022-03-24',1,'unidades','activo',NULL,'2022-04-11 22:00:57.565047'),(3393,'internación',33,'330302','MODULO DE ADMINISIÓN. POR SESIÓN',1,1246.00,0,'porunicavez','415/2020','2022-03-24',1,'unidades','activo',NULL,'2022-04-11 22:00:57.580748'),(3394,'ambulatorio',29,'290111','POTENCIALES EVOCADOS DE CUALQUIER VIA DE CONDUCCION',1,3755.38,0,'porunicavez','126/2022','2022-03-31',1,'unidades','activo',NULL,'2022-04-11 22:00:20.051658'),(3395,'ambulatorio',29,'290107','REFLEXOGRAMA PATELAR Y/O AQUILIANO',1,180.29,0,'porunicavez','126/2022','2022-03-31',1,'unidades','activo',NULL,'2022-04-11 22:00:20.067950'),(3396,'ambulatorio',29,'290108','CRONAXIMETRIA',1,220.92,0,'porunicavez','126/2022','2022-03-31',1,'unidades','activo',NULL,'2022-04-11 22:00:20.085370'),(3397,'ambulatorio',29,'290109','ELECTRODIAGNOSTICO',1,220.92,0,'porunicavez','126/2022','2022-03-31',1,'unidades','activo',NULL,'2022-04-11 22:00:20.103116'),(3398,'ambulatorio',29,'290103','NISTAGMOGRAFIA ELECTRORRETINOGRAFIA',1,654.95,0,'porunicavez','126/2022','2022-03-31',1,'unidades','activo',NULL,'2022-04-11 22:00:20.120158'),(3399,'ambulatorio',29,'290104','ELECTROMIOGRAFIA DE MIEMBROS SUPERIORES O INFERIORES O FACIAL',1,751.36,0,'porunicavez','126/2022','2022-03-31',1,'unidades','activo',NULL,'2022-04-11 22:00:20.137323'),(3400,'ambulatorio',29,'290110','REOGRAFIA CEREBRAL CARDIACA O VASCULAR PERIFERICA',1,654.95,0,'porunicavez','126/2022','2022-03-31',1,'unidades','activo',NULL,'2022-04-11 22:00:20.153747'),(3401,'ambulatorio',29,'290106','ELECTROMIOGRAFIA CON VELOCIDAD DE CONDUCCION',1,982.28,0,'porunicavez','126/2022','2022-03-31',1,'unidades','activo',NULL,'2022-04-11 22:00:20.173131'),(3402,'ambulatorio',29,'290105','ELECTROMIOGRAFIA DE LOS CUATRO MIEMBROS',1,1147.52,0,'porunicavez','126/2022','2022-03-31',1,'unidades','activo',NULL,'2022-04-11 22:00:20.192639'),(3403,'ambulatorio',29,'290101','ELECTROENCEFALOGRAFIA CON ACTIVACIÓN SIMPLE',1,1581.61,0,'porunicavez','126/2022','2022-03-31',1,'unidades','activo',NULL,'2022-04-11 22:00:20.211890'),(3404,'ambulatorio',29,'290102','ELECTROENCEFALOGRAFIA CON ACTIVACION COMPLEJA',1,2637.18,0,'porunicavez','126/2022','2022-03-31',1,'unidades','activo',NULL,'2022-04-11 22:00:20.229975'),(3405,'ambulatorio',29,'291102','POLISOMNOGRAFÍA NOCTURNA CON OXIMETRÍA (NO INCLUYE HONORARIOS EL TÉCNICO)',1,9861.44,0,'porunicavez','126/2022','2022-03-31',1,'unidades','activo',NULL,'2022-04-11 22:00:20.248846'),(3406,'ambulatorio',33,'330104','ELECTROSHOCK ELECTRONARCOSIS',1,0.00,0,'porunicavez','415/2020','2022-04-01',0,'unidades','activo',NULL,'2022-04-11 22:00:20.329457'),(3407,'ambulatorio',33,'330201','HOSPITAL DE DIA (MEDIODIA)',1,0.00,0,'porunicavez','415/2020','2022-04-01',1,'unidades','activo',NULL,'2022-04-11 22:00:20.532186'),(3408,'internación',1,'011408','Colecciones extradurales o subdurales de raquis,cervical,dorsal y lumbar',1,89516.62,0,'porunicavez','N 2022','2022-04-06',1,'unidades','activo',NULL,'2022-04-11 22:00:16.528584'),(3409,'internación',1,'011002','Punciones de reservorios para instilar sustancias o extraer LCR',1,14993.43,0,'porunicavez','N 2022','2022-04-07',1,'unidades','activo',NULL,'2022-04-11 22:00:56.744876'),(3410,'internación',1,'011704','Punción lumbar',1,3973.66,0,'porunicavez','N 2022','2022-04-07',1,'unidades','activo',NULL,'2022-04-11 22:00:15.933881'),(3411,'internación',1,'011210','Toilette de la herida quirurgica',1,47709.94,0,'porunicavez','N 2022','2022-04-07',1,'unidades','activo',NULL,'2022-04-11 22:00:16.249167'),(3412,'internación',1,'011301','Craneoplastias ( excepto de orbita )',1,48488.55,0,'porunicavez','N 2022','2022-04-07',1,'unidades','activo',NULL,'2022-04-11 22:00:16.266656'),(3413,'internación',1,'011303','Ventriculocisternostomias',1,48488.55,0,'porunicavez','N 2022','2022-04-07',1,'unidades','activo',NULL,'2022-04-11 22:00:16.286924'),(3414,'internación',1,'011304','Neurolisis por via transoval para neuralgia del trigémino',1,48488.55,0,'porunicavez','N 2022','2022-04-07',1,'unidades','activo',NULL,'2022-04-11 22:00:16.310469'),(3415,'internación',1,'011305','Reoperación para toilette de heridas quirúrgicas encefálicas o rauquimedular',1,48488.55,0,'porunicavez','N 2022','2022-04-07',1,'unidades','activo',NULL,'2022-04-11 22:00:16.335137'),(3416,'internación',1,'011306','Extracción de prótesis vertebrales hasta dos niveles',1,48488.55,0,'porunicavez','N 2022','2022-04-07',1,'unidades','activo',NULL,'2022-04-11 22:00:16.354847'),(3417,'internación',1,'011307','Fractura hundimiento de craneo abierta o cerrada',1,48488.55,0,'porunicavez','N 2022','2022-04-07',1,'unidades','activo',NULL,'2022-04-11 22:00:16.380314'),(3418,'internación',1,'011401','Vertebroplastia',1,48488.55,0,'porunicavez','N 2022','2022-04-07',1,'unidades','activo',NULL,'2022-04-11 22:00:16.397764'),(3419,'internación',1,'011402','Tumores oseos de órbita y senos ( con y sin craneoplastia)',1,89516.62,0,'porunicavez','N 2022','2022-04-07',1,'unidades','activo',NULL,'2022-04-11 22:00:16.422016'),(3420,'internación',1,'011403','Patologia Carotidea endearterectomia',1,89516.62,0,'porunicavez','N 2022','2022-04-07',1,'unidades','activo',NULL,'2022-04-11 22:00:16.439689'),(3421,'internación',1,'011404','Derivacion interna LCR Ventriculo peritoneal,ventriculo atrial o lumboperitoneal',1,89516.62,0,'porunicavez','N 2022','2022-04-07',1,'unidades','activo',NULL,'2022-04-11 22:00:16.455876'),(3422,'internación',1,'011405','Recambio total de válvula LCR',1,89516.62,0,'porunicavez','N 2022','2022-04-07',1,'unidades','activo',NULL,'2022-04-11 22:00:16.474302'),(3423,'internación',1,'011406','Cuerpo extraño o proyectil intracraneano',1,89516.62,0,'porunicavez','N 2022','2022-04-07',1,'unidades','activo',NULL,'2022-04-11 22:00:16.491621'),(3424,'internación',1,'011407','Evacuacion de hematomas extradurales y/o Colecciones encefálicas extradurales-subdurales',1,89516.62,0,'porunicavez','N 2022','2022-04-07',1,'unidades','activo',NULL,'2022-04-11 22:00:16.513057'),(3425,'internación',1,'011409','Liberación quirúrgica del nervio ciático en el muslo',1,89516.62,0,'porunicavez','N 2022','2022-04-07',1,'unidades','activo',NULL,'2022-04-11 22:00:16.545394'),(3426,'internación',1,'011410','Microdiscectomia lumbar',1,89516.62,0,'porunicavez','N 2022','2022-04-07',1,'unidades','activo',NULL,'2022-04-11 22:00:16.561721'),(3427,'internación',1,'011411','Abordajes posteriores a la columna dorsal,lumbar o cervical-laminoplastialaminectomia',1,89516.62,0,'porunicavez','N 2022','2022-04-07',1,'unidades','activo',NULL,'2022-04-11 22:00:16.577664'),(3428,'internación',1,'011412','Simpatectomia toráxico y lumbar',1,89516.62,0,'porunicavez','N 2022','2022-04-07',1,'unidades','activo',NULL,'2022-04-11 22:00:16.599534'),(3429,'internación',1,'011413','Tumores epidurales del raquis',1,89516.62,0,'porunicavez','N 2022','2022-04-07',1,'unidades','activo',NULL,'2022-04-11 22:00:16.618384'),(3430,'internación',1,'011414','Tumor blando de órbita Via extracraneana',1,89516.62,0,'porunicavez','N 2022','2022-04-07',1,'unidades','activo',NULL,'2022-04-11 22:00:16.653730'),(3431,'internación',1,'011415','Meningocele, Miolomeningocele',1,89516.62,0,'porunicavez','N 2022','2022-04-07',1,'unidades','activo',NULL,'2022-04-11 22:00:16.671931'),(3432,'internación',1,'011416','Extracción de prótesis vertebrales en más de dos niveles',1,89516.62,0,'porunicavez','N 2022','2022-04-07',1,'unidades','activo',NULL,'2022-04-11 22:00:16.695686'),(3433,'internación',1,'011417','Cordotomia',1,89516.62,0,'porunicavez','N 2022','2022-04-07',1,'unidades','activo',NULL,'2022-04-11 22:00:16.716357'),(3434,'internación',1,'011418','Transposición del cubital',1,89516.62,0,'porunicavez','N 2022','2022-04-07',1,'unidades','activo',NULL,'2022-04-11 22:00:16.733788'),(3435,'internación',1,'011419','Neurorrafia, injerto, escision de lesión tumoral del nervio radial mediano etc',1,89516.62,0,'porunicavez','N 2022','2022-04-07',1,'unidades','activo',NULL,'2022-04-11 22:00:16.767397'),(3436,'internación',1,'011420','Cifoplastia',1,89516.62,0,'porunicavez','N 2022','2022-04-07',1,'unidades','activo',NULL,'2022-04-11 22:00:16.783465'),(3437,'internación',1,'011501','Desplaquetamiento para disminuir la presión intracraneana',1,111089.72,0,'porunicavez','N 2022','2022-04-07',1,'unidades','activo',NULL,'2022-04-11 22:00:16.801005'),(3438,'internación',1,'011502','Evacuación de Hematoma Intracerebrales',1,156739.12,0,'porunicavez','N 2022','2022-04-07',1,'unidades','activo',NULL,'2022-04-11 22:00:16.817703'),(3439,'internación',1,'011503','Fístula de LCR de todo tipo y localización',1,156739.12,0,'porunicavez','N 2022','2022-04-07',1,'unidades','activo',NULL,'2022-04-11 22:00:16.836463'),(3440,'internación',1,'011504','Tumores Primitivos Encefálicos',1,156739.12,0,'porunicavez','N 2022','2022-04-07',1,'unidades','activo',NULL,'2022-04-11 22:00:16.852280'),(3441,'internación',1,'011505','Tumores de origen metastásicos',1,156739.12,0,'porunicavez','N 2022','2022-04-07',1,'unidades','activo',NULL,'2022-04-11 22:00:16.870687'),(3442,'internación',1,'011506','Colocacion de Bomba de infusión continua para la instilación de morfina o baclafen',1,156739.12,0,'porunicavez','N 2022','2022-04-07',1,'unidades','activo',NULL,'2022-04-11 22:00:16.898443'),(3443,'internación',1,'011507','Craneostenosis',1,156739.12,0,'porunicavez','N 2022','2022-04-07',1,'unidades','activo',NULL,'2022-04-11 22:00:16.915527'),(3444,'internación',1,'011508','Patología de la Charnela',1,156739.12,0,'porunicavez','N 2022','2022-04-07',1,'unidades','activo',NULL,'2022-04-11 22:00:16.931659'),(3445,'internación',1,'011509','Descompresión Neurovascular (Trigémino, facial, hipoglosos)',1,156739.12,0,'porunicavez','N  2022','2022-04-07',1,'unidades','activo',NULL,'2022-04-11 22:00:16.947943'),(3446,'internación',1,'011510','Aracnoiditis medular u optoquiasmática',1,156739.12,0,'porunicavez','N 2022','2022-04-07',1,'unidades','activo',NULL,'2022-04-11 22:00:16.974567'),(3447,'internación',1,'011511','Colecciones infratentoriales',1,156739.12,0,'porunicavez','N 2022','2022-04-07',1,'unidades','activo',NULL,'2022-04-11 22:00:16.997083'),(3448,'internación',1,'011512','Tumores Orbitarios por vía endocraneana',1,156739.12,0,'porunicavez','N 2022','2022-04-07',1,'unidades','activo',NULL,'2022-04-11 22:00:17.014499'),(3449,'internación',1,'011513','Abscesos cerebrales',1,156739.12,0,'porunicavez','N 2022','2022-04-07',1,'unidades','activo',NULL,'2022-04-11 22:00:17.032501'),(3450,'internación',1,'011514','Anastomosis de nervios craneales',1,156739.12,0,'porunicavez','N 2022','2022-04-07',1,'unidades','activo',NULL,'2022-04-11 22:00:17.051523'),(3451,'internación',1,'011515','Estimuladores cerebrales para el dolor',1,156739.12,0,'porunicavez','N 2022','2022-04-07',1,'unidades','activo',NULL,'2022-04-11 22:00:17.069374'),(3452,'internación',1,'011516','Patología hipofisiaria vía transepto esfenoidal para adenomas de hipófisis',1,156739.12,0,'porunicavez','N 2022','2022-04-07',1,'unidades','activo',NULL,'2022-04-11 22:00:17.086786'),(3453,'internación',1,'011517','Abordaje anterior a la columna cervical. Microdiscectomía con injerto autólogo o sustituto',1,156739.12,0,'porunicavez','N 2022','2022-04-07',1,'unidades','activo',NULL,'2022-04-11 22:00:17.103937'),(3454,'internación',1,'011520','Tratamiento de la Siringomielia, Siringobulbia, con o sin',1,156739.12,0,'porunicavez','N 2022','2022-04-07',1,'unidades','activo',NULL,'2022-04-11 22:00:17.127087'),(3455,'internación',1,'011521','Diastematomielia cervical o dorsal',1,156739.12,0,'porunicavez','N 2022','2022-04-07',1,'unidades','activo',NULL,'2022-04-11 22:00:17.146314'),(3456,'internación',1,'011522','Tumores intradurales extramedulares del raquis',1,156739.12,0,'porunicavez','N 2022','2022-04-07',1,'unidades','activo',NULL,'2022-04-11 22:00:17.165063'),(3457,'internación',1,'011523','Reconstrucción de la fosa posterior para Arnold Chiari',1,156739.12,0,'porunicavez','N 2022','2022-04-07',1,'unidades','activo',NULL,'2022-04-11 22:00:17.186340'),(3458,'internación',1,'011524','Estimulador vagal',1,156739.12,0,'porunicavez','N 2022','2022-04-07',1,'unidades','activo',NULL,'2022-04-11 22:00:17.205628'),(3459,'internación',1,'011601','Tratamiento quirurgico del Plexo Branquial',1,156739.12,0,'porunicavez','N 2022','2022-04-07',1,'unidades','activo',NULL,'2022-04-11 22:00:17.232231'),(3460,'internación',1,'011602','Fistulas arteriovenosas Durales',1,195904.52,0,'porunicavez','N 2022','2022-04-07',1,'unidades','activo',NULL,'2022-04-11 22:00:17.250768'),(3461,'internación',1,'011603','Aneurismas cerebrales de cualquier tipo y localización clipado',1,195904.52,0,'porunicavez','N 2022','2022-04-07',1,'unidades','activo',NULL,'2022-04-11 22:00:17.269407'),(3462,'internación',1,'011604','Aneurismas cerebrales de cualquier tipo y localización por via endovascular',1,195904.52,0,'porunicavez','N  2022','2022-04-07',1,'unidades','activo',NULL,'2022-04-11 22:00:17.286845'),(3463,'internación',1,'011605','Tumores de hipófisis o Región Periselar por vía transcraneana',1,195904.52,0,'porunicavez','N 2022','2022-04-07',1,'unidades','activo',NULL,'2022-04-11 22:00:17.305997'),(3464,'internación',1,'011606','Malformaciones arteriovenosas cerebrales o medulares con resolucion quirúrgica',1,195904.52,0,'porunicavez','N 2022','2022-04-07',1,'unidades','activo',NULL,'2022-04-11 22:00:17.324939'),(3465,'internación',1,'011607','Malformaciones arteriovenosas cerebrales o medulares por via endovascular',1,195904.52,0,'porunicavez','N 2022','2022-04-07',1,'unidades','activo',NULL,'2022-04-11 22:00:17.344026'),(3466,'internación',1,'011608','Tumores óseos de la base del cráneo',1,195904.52,0,'porunicavez','N 2022','2022-04-07',1,'unidades','activo',NULL,'2022-04-11 22:00:17.361891'),(3467,'internación',1,'011609','Tumores del angulo Pontocerebeloso',1,195904.52,0,'porunicavez','N 2022','2022-04-07',1,'unidades','activo',NULL,'2022-04-11 22:00:17.380095'),(3468,'internación',1,'011610','Tumores intraventriculares',1,195904.52,0,'porunicavez','N 2022','2022-04-07',1,'unidades','activo',NULL,'2022-04-11 22:00:17.399676'),(3469,'internación',1,'011611','By pass de alto flujo',1,195904.52,0,'porunicavez','N 2022','2022-04-07',1,'unidades','activo',NULL,'2022-04-11 22:00:17.420141'),(3470,'internación',1,'011612','Tumores u otra patologia intrammedular o de cola de caballo',1,195904.52,0,'porunicavez','N 2022','2022-04-07',1,'unidades','activo',NULL,'2022-04-11 22:00:17.440203'),(3471,'internación',1,'011613','Abordajes anteriores a la columna dorsal o lumbar con o sin fijación protésica',1,195904.52,0,'porunicavez','N 2022','2022-04-07',1,'unidades','activo',NULL,'2022-04-11 22:00:17.470079'),(3472,'internación',1,'011614','Estabilización del raquis dorsal',1,195904.52,0,'porunicavez','N 2022','2022-04-07',1,'unidades','activo',NULL,'2022-04-11 22:00:17.496541'),(3473,'internación',1,'011615','Microdiscectomía dorsal',1,195904.52,0,'porunicavez','N 2022','2022-04-07',1,'unidades','activo',NULL,'2022-04-11 22:00:17.515537'),(3474,'internación',1,'011616','Cirugia con Tecnocas Estereotaxicas',1,195904.52,0,'porunicavez','N 2022','2022-04-07',1,'unidades','activo',NULL,'2022-04-11 22:00:17.540316'),(3475,'internación',1,'011617','Implante de electrodos profundos por medicos esterotaxicos',1,195904.52,0,'porunicavez','N 2022','2022-04-07',1,'unidades','activo',NULL,'2022-04-11 22:00:17.646818'),(3476,'internación',1,'011618','Cirugía del Parkinson (Lesión por Radiofrecuencia)',1,195904.52,0,'porunicavez','N 2022','2022-04-07',1,'unidades','activo',NULL,'2022-04-11 22:00:17.684954'),(3477,'internación',1,'011619','Cirugía del Parkinson (Colocación de Estimuladores)',1,195904.52,0,'porunicavez','N 2022','2022-04-07',1,'unidades','activo',NULL,'2022-04-11 22:00:17.707266'),(3478,'internación',1,'011620','Cirugía de la epilepsia',1,195904.52,0,'porunicavez','N 2022','2022-04-07',1,'unidades','activo',NULL,'2022-04-11 22:00:17.724414'),(3479,'internación',1,'011701','Braquiterapia en los tumores cerebrales',1,174908.42,0,'porunicavez','N 2022','2022-04-07',1,'unidades','activo',NULL,'2022-04-11 22:00:17.743633'),(3480,'internación',1,'011702','Abordajes trans-orales Occinitocervical',1,174908.42,0,'porunicavez','N 2022','2022-04-07',1,'unidades','activo',NULL,'2022-04-11 22:00:17.761300'),(3481,'internación',1,'011205','Recambio parcial de válvula o colocación de reservorio aventrículo',1,47709.94,0,'porunicavez','N 2022','2022-04-07',1,'unidades','activo',NULL,'2022-04-11 22:00:56.831150'),(3482,'internación',1,'011103','Tracción cefálica compas y/o colocación halo chaleco',1,31778.45,0,'porunicavez','N 2022','2022-04-07',1,'unidades','activo',NULL,'2022-04-11 22:00:56.848973'),(3483,'internación',11,'110405','AMNIOCENTESIS',1,3519.85,0,'porunicavez','N 2022','2022-04-09',1,'unidades','activo',NULL,'2022-04-11 22:00:17.830496'),(3484,'internación',11,'110318','ABLACION DE LESIONES DE VULVA Y VAGINA CON LASER',1,3519.85,0,'porunicavez','N 2022','2022-04-09',1,'unidades','activo',NULL,'2022-04-11 22:00:17.901562'),(3485,'internación',11,'110317','PERINEOPLASTIA, EPISIOPERINEOPLASTIA',1,12531.40,0,'porunicavez','N 2022','2022-04-09',1,'unidades','activo',NULL,'2022-04-11 22:00:18.259295'),(3486,'internación',11,'110402','EVACUACION UTERINA SEGUNDO TRIMESTRE DEL EMBARAZO CON MECANISMO DE PARTO',1,10247.11,0,'porunicavez','N 2022','2022-04-09',1,'unidades','activo',NULL,'2022-04-11 22:00:18.324192'),(3487,'internación',11,'110502','LIGADURA DE TROMPA POR VIDEOLAPAROSCOPIA',1,18388.60,0,'porunicavez','N 2022','2022-04-09',1,'unidades','activo',NULL,'2022-04-11 22:00:18.575744'),(3488,'internación',11,'110320','FISTULA RECTOVAGINAL',1,18388.60,0,'porunicavez','N 2022','2022-04-09',1,'unidades','activo',NULL,'2022-04-11 22:00:18.741252'),(3489,'internación',11,'110401','PARTO',1,27534.20,0,'porunicavez','N 2022','2022-04-09',1,'unidades','activo',NULL,'2022-04-11 22:00:18.795150'),(3490,'internación',11,'110403','OPERACION CESAREA CLASICA, EXTRAPERITONEAL, VAGINA',1,27534.20,0,'porunicavez','N 2022','2022-04-09',1,'unidades','activo',NULL,'2022-04-11 22:00:18.818721'),(3491,'internación',11,'110501','HISTERECTOMIA VIDEOLAPAROSCOPIA',1,27534.20,0,'porunicavez','N 2022','2022-04-09',1,'unidades','activo',NULL,'2022-04-11 22:00:18.835885'),(3492,'ambulatorio',1,'011001','Biopsia de nervio o musculo',1,14993.43,0,'porunicavez','N 2022','2022-04-09',1,'unidades','activo',NULL,'2022-04-11 22:00:57.601202'),(3493,'internación',1,'011003','Bloqueos por dolor',1,14993.43,0,'porunicavez','N 2022','2022-04-09',1,'unidades','activo',NULL,'2022-04-11 22:00:57.616870'),(3494,'internación',1,'011101','Drenajes lumbares externos a sistemas cerrados',1,31778.45,0,'porunicavez','N 2022','2022-04-09',1,'unidades','activo',NULL,'2022-04-11 22:00:57.633298'),(3495,'internación',1,'011102','Drenaje externo continuo de LCR',1,31778.45,0,'porunicavez','N 2022','2022-04-09',1,'unidades','activo',NULL,'2022-04-11 22:00:57.648861'),(3496,'internación',1,'011104','Bloqueo cervical, dorsal y lumbar facetario radical o epidural guiado por radioscopia o TC',1,31778.45,0,'porunicavez','N 2022','2022-04-09',1,'unidades','activo',NULL,'2022-04-11 22:00:57.665239'),(3497,'internación',1,'011105','Colocación y monitoreo de la PIC',1,31778.45,0,'porunicavez','N 2022','2022-04-09',1,'unidades','activo',NULL,'2022-04-11 22:00:57.681336'),(3498,'internación',1,'011202','Punciones evacuatorias de colecciones intracraneanas-extrapa-renquimatosas',1,47709.94,0,'porunicavez','N 2022','2022-04-09',1,'unidades','activo',NULL,'2022-04-11 22:00:57.698227'),(3499,'internación',1,'011203','Ligadura de carotida cervical',1,47709.94,0,'porunicavez','N 2022','2022-04-09',1,'unidades','activo',NULL,'2022-04-11 22:00:57.715341'),(3500,'internación',1,'011204','Tunel carpiano',1,47709.94,0,'porunicavez','N 2022','2022-04-09',1,'unidades','activo',NULL,'2022-04-11 22:00:57.730630'),(3501,'internación',1,'011206','Tumor óseo de calota',1,47709.94,0,'porunicavez','N 2022','2022-04-09',1,'unidades','activo',NULL,'2022-04-11 22:00:57.753495'),(3502,'internación',1,'011207','Tumor cefálico de partes blandas',1,47709.94,0,'porunicavez','N 2022','2022-04-09',1,'unidades','activo',NULL,'2022-04-11 22:00:57.769594'),(3503,'internación',1,'011208','Desplaquetamiento',1,47709.94,0,'porunicavez','N 2022','2022-04-09',1,'unidades','activo',NULL,'2022-04-11 22:00:57.785511'),(3504,'internación',1,'011209','Colocación de cateteres epi o subdurales con reservorio para la instilación de fármacos',1,47709.94,0,'porunicavez','N 2022','2022-04-09',1,'unidades','activo',NULL,'2022-04-11 22:00:57.804812'),(3505,'internación',1,'011703','Tumores del tronco cerebral',1,174908.42,0,'porunicavez','N 2022','2022-04-09',1,'unidades','activo',NULL,'2022-04-11 22:00:57.826240'),(3506,'ambulatorio',11,'110228','COLOCACIÓN Y EXTRACCIÓN DE DISPOSITIVO HORMONAL SUBDÉRMICO (sin material). Incluye la consulta',1,10260.00,0,'porunicavez','N 2022','2022-04-12',1,'unidades','inactivo',NULL,'2022-04-11 22:00:17.798514'),(3507,'internación',11,'110311','BIOPSIA DE VAGINA. PUNCION DE FONDO DE SACO DE DOUGLAS',1,3519.85,0,'porunicavez','N 2022','2022-04-12',1,'unidades','inactivo',NULL,'2022-04-11 22:00:17.814211'),(3508,'internación',11,'110304','COLPORRAFIA POR HERIDA O DESGARRO FUERA DEL PARTO',1,6074.76,0,'porunicavez','N 2022','2022-04-12',1,'unidades','inactivo',NULL,'2022-04-11 22:00:17.849062'),(3509,'internación',11,'110309','COLPOTOMIA, VAGINOTOMIA DE DRENAJE, ESCISIÓN LOCAL DE LESIÓN DE VAGINA',1,6074.76,0,'porunicavez','N 2022','2022-04-12',1,'unidades','inactivo',NULL,'2022-04-11 22:00:17.866574'),(3510,'internación',11,'110315','HIMENOTOMIA',1,3519.85,0,'porunicavez','N 2022','2022-04-12',1,'unidades','inactivo',NULL,'2022-04-11 22:00:17.883422'),(3511,'internación',11,'110319','ABLACION DE LESIONES DE CUELLO CON CRIOCIRUGIA',1,3519.85,0,'porunicavez','N 2022','2022-04-12',1,'unidades','inactivo',NULL,'2022-04-11 22:00:17.918793'),(3512,'internación',11,'110103','CELIOSCOPIA,CULDOSCOPIA O LAPARASCOPIA CONVENCIONAL CON HIDROTUBACION BIOPSIA O DEBRIDACION',1,6074.76,0,'porunicavez','N 2022','2022-04-12',1,'unidades','inactivo',NULL,'2022-04-11 22:00:17.941287'),(3513,'internación',11,'110210','LEGRADO UTERINO TERAPEUTICO',1,10247.11,0,'porunicavez','N 2022','2022-04-12',1,'unidades','inactivo',NULL,'2022-04-11 22:00:17.961306'),(3514,'internación',11,'110214','TRAQUELORRAFIA (FUERA DEL PARTO) CERCLAJE DE CUELLO UTERINO',1,6074.76,0,'porunicavez','N 2022','2022-04-12',1,'unidades','inactivo',NULL,'2022-04-11 22:00:17.981007'),(3515,'internación',11,'110216','APLICACION DE RADIUM EXTRA O INTRAUTERINO POR APLICACION',1,10247.11,0,'porunicavez','N 2022','2022-04-12',1,'unidades','inactivo',NULL,'2022-04-11 22:00:17.998621'),(3516,'internación',11,'110310','RESECCION DE TABIQUE VAGINAL',1,12531.40,0,'porunicavez','N 2022','2022-04-12',1,'unidades','inactivo',NULL,'2022-04-11 22:00:18.017879'),(3517,'internación',11,'110314','ESCISION DE LABIOS MAYORES, MENORES, GLANDULA DE BARTHOLINO, GLÁNDULA DE SKENE. CLITORIDECTOMÍA',1,10247.11,0,'porunicavez','N 2022','2022-04-12',1,'unidades','inactivo',NULL,'2022-04-11 22:00:18.096577'),(3518,'internación',11,'110316','EPISIORRAFIA, PERINEORRAFIA, O EPISIOPERINEORRAFIA (FUERA DEL PARTO)',1,6074.76,0,'porunicavez','N 2022','2022-04-12',1,'unidades','inactivo',NULL,'2022-04-11 22:00:18.117442'),(3519,'internación',11,'110104','LIGADURA DE TROMPAS',1,12531.40,0,'porunicavez','N 2022','2022-04-12',1,'unidades','inactivo',NULL,'2022-04-11 22:00:18.140573'),(3520,'internación',11,'110207','HISTERORRAFIA (FUERA DE PARTO)',1,12531.40,0,'porunicavez','N 2022','2022-04-12',1,'unidades','inactivo',NULL,'2022-04-11 22:00:18.162660'),(3521,'ambulatorio',11,'110230','CRIO CIRUGIA DE CUELLO',1,8395.66,0,'porunicavez','N  2022','2022-04-12',1,'unidades','inactivo',NULL,'2022-04-11 22:00:18.193459'),(3522,'internación',11,'110307','COLPOPEXIA COMBINADA POR VIA ABDOMINAL Y VAGINAL',1,12531.40,0,'porunicavez','N 2022','2022-04-12',1,'unidades','inactivo',NULL,'2022-04-11 22:00:18.218162'),(3523,'internación',11,'110308','COLPOCLEISIS COMPLETA O PARCIAL',1,12531.40,0,'porunicavez','N 2022','2022-04-12',1,'unidades','inactivo',NULL,'2022-04-11 22:00:18.238009'),(3524,'internación',11,'110205','MIOMECTOMIA VAGINAL (MIOMA-NACENS)',1,12531.40,0,'porunicavez','N 2022','2022-04-12',1,'unidades','inactivo',NULL,'2022-04-11 22:00:18.340307'),(3525,'internación',11,'110212','AMPUTACION DE CUELLO (TRAQUELECTOMIA) TRAQUELOPLASTIA (FUERA DEL PARTO)',1,12531.40,0,'porunicavez','N 2022','2022-04-12',1,'unidades','inactivo',NULL,'2022-04-11 22:00:18.356799'),(3526,'ambulatorio',11,'110213','CONIZACION DE CUELLO (COMO UNICA PRACTICA). Cualquier método',1,12531.40,0,'porunicavez','N 2022','2022-04-12',1,'unidades','inactivo',NULL,'2022-04-11 22:00:18.486928'),(3527,'ambulatorio',11,'110225','VIDEOHISTEROSCOPIA DIAGNOSTICA (Esterilidad, sangrado uterino anormal, etc)',1,18388.60,0,'porunicavez','N 2022','2022-04-12',1,'unidades','inactivo',NULL,'2022-04-11 22:00:18.504928'),(3528,'internación',11,'110206','MIOMECTOMIA VAGINAL POR HISTEROTOMIA CON LIBERACION DE VEJIGA ETC',1,18388.60,0,'porunicavez','N 2022','2022-04-12',1,'unidades','inactivo',NULL,'2022-04-11 22:00:18.523045'),(3529,'internación',11,'110208','OPERACION CORRECTORA DE LOS VICIOS DE CONFORMACION DEL UTERO  MALFORMACIONES UTERINAS',1,18388.60,0,'porunicavez','N 2022','2022-04-12',1,'unidades','inactivo',NULL,'2022-04-11 22:00:18.538923'),(3530,'internación',11,'110306','COLPOPEXIA POR VIA ABDOMINAL',1,18388.60,0,'porunicavez','N 2022','2022-04-12',1,'unidades','inactivo',NULL,'2022-04-11 22:00:18.556258'),(3531,'ambulatorio',11,'110504','HISTERECTOMIA VIDEOLAPAROSCOPIA',1,21997.03,0,'porunicavez','N 2022','2022-04-12',1,'unidades','inactivo',NULL,'2022-04-11 22:00:18.592006'),(3532,'internación',11,'110105','MICROCIRUGIA PARA EL TRATAMIENTO DE LA ESTERILIDAD UNI O BILATERAL',1,23850.66,0,'porunicavez','N 2022','2022-04-12',1,'unidades','inactivo',NULL,'2022-04-11 22:00:57.843180'),(3533,'internación',11,'110106','LAPAROTOMIA DX, ESTERILIDAD, DOLOR PELVIANO ENDOMETRIOSIS, ETC',1,23850.66,0,'porunicavez','N 2022','2022-04-12',1,'unidades','inactivo',NULL,'2022-04-11 22:00:18.626711'),(3534,'internación',11,'110204','MIOMECTOMIA UTERINA ABDOMINAL (COMO UNICA OPERACION)',1,23850.66,0,'porunicavez','N 2022','2022-04-12',1,'unidades','inactivo',NULL,'2022-04-11 22:00:18.643451'),(3535,'ambulatorio',11,'110226','VIDEOHISTEROSCOPIA TERAPÉUTICA (Extraccion DIU, Pólipos, Miomas, Biopsia Endometrio, etc.)',1,23850.66,0,'porunicavez','N 2022','2022-04-12',1,'unidades','inactivo',NULL,'2022-04-11 22:00:18.674460'),(3536,'internación',11,'110232','REPARACION UTERINA POS ROTURA INTRAPARTO',1,23850.66,0,'porunicavez','N 2022','2022-04-12',1,'unidades','inactivo',NULL,'2022-04-11 22:00:18.690867'),(3537,'internación',11,'110302','TRATAMIENTO QUIRUGICO DE LA AGENESIA VAGINAL',1,23850.66,0,'porunicavez','N 2022','2022-04-12',1,'unidades','inactivo',NULL,'2022-04-11 22:00:18.707533'),(3538,'internación',11,'110313','VULVECTOMIA SIMPLE',1,23850.66,0,'porunicavez','N 2022','2022-04-12',1,'unidades','inactivo',NULL,'2022-04-11 22:00:18.725047'),(3539,'internación',11,'110203','HISTERECTOMIA CON O SIN ANEXECTOMIA POR VIA ABDOMINAL O VAGINAL CON O SIN COLPOPERINEORRAFIA',1,31217.53,0,'porunicavez','N 2022','2022-04-12',1,'unidades','inactivo',NULL,'2022-04-11 22:00:18.757619'),(3540,'internación',11,'110305','COLPORRAFIA POSTERIOR CON RECONSTRUCCION DEL ESFINTER DEL ANO',1,23850.66,0,'porunicavez','N 2022','2022-04-12',1,'unidades','inactivo',NULL,'2022-04-11 22:00:18.778242'),(3541,'internación',11,'110201','HISTERECTOMIA RADICAL, COLPOANEXOHISTERECTOMIA TOTAL  AMPLIADA OPERACION DE WERTHEIN O DE MEIGS',1,50344.31,0,'porunicavez','N 2022','2022-04-12',1,'unidades','inactivo',NULL,'2022-04-11 22:00:18.852329'),(3542,'internación',11,'110202','EXENTERACION PELVIANA  OPERACION DE BRUSGWIG TOTAL ANTERIOR O POSTERIOR',1,50344.31,0,'porunicavez','N 2022','2022-04-12',1,'unidades','inactivo',NULL,'2022-04-11 22:00:18.867275'),(3543,'internación',11,'110227','HISTERECTOMIA PUERPERAL',1,50344.31,0,'porunicavez','N 2022','2022-04-12',1,'unidades','inactivo',NULL,'2022-04-11 22:00:18.893460'),(3544,'internación',11,'110233','CIRUGIA CONSERVADORA DE UTERO POST ACRETISMO',1,50344.31,0,'porunicavez','N 2022','2022-04-12',1,'unidades','inactivo',NULL,'2022-04-11 22:00:18.910164'),(3545,'internación',11,'110234','HISTERECTOMIA PUERPERAL POST ACRETISMO',1,50344.31,0,'porunicavez','N 2022','2022-04-12',1,'unidades','inactivo',NULL,'2022-04-11 22:00:18.927686'),(3546,'internación',11,'110301','TRATAMIENTO QUIRUGICO DE LA AGENESIA VAGINAL POR PROCEDIMIENTOS VISCEROPLASTICOS',1,50344.31,0,'porunicavez','N 2022','2022-04-12',1,'unidades','inactivo',NULL,'2022-04-11 22:00:18.943238'),(3547,'internación',11,'110312','VULVECTOMIA RADICAL',1,50344.31,0,'porunicavez','N 2022','2022-04-12',1,'unidades','inactivo',NULL,'2022-04-11 22:00:18.960018');
/*!40000 ALTER TABLE `nomenclador_nomenclador` ENABLE KEYS */;
UNLOCK TABLES;

--
-- Table structure for table `reintegros_afiliado`
--

DROP TABLE IF EXISTS `reintegros_afiliado`;
/*!40101 SET @saved_cs_client     = @@character_set_client */;
/*!50503 SET character_set_client = utf8mb4 */;
CREATE TABLE `reintegros_afiliado` (
  `id` int NOT NULL AUTO_INCREMENT,
  `activo` tinyint(1) NOT NULL,
  `apellido` varchar(40) COLLATE utf8mb4_general_ci DEFAULT NULL,
  `cbu` varchar(22) COLLATE utf8mb4_general_ci DEFAULT NULL,
  `cuitCuil` varchar(11) COLLATE utf8mb4_general_ci DEFAULT NULL,
  `fechaBaja` date DEFAULT NULL,
  `nombre` varchar(50) COLLATE utf8mb4_general_ci DEFAULT NULL,
  `numeroAfiliado` varchar(14) COLLATE utf8mb4_general_ci NOT NULL,
  `cud` varchar(10) COLLATE utf8mb4_general_ci DEFAULT NULL,
  PRIMARY KEY (`id`)
) ENGINE=InnoDB AUTO_INCREMENT=39 DEFAULT CHARSET=utf8mb4 COLLATE=utf8mb4_general_ci;
/*!40101 SET character_set_client = @saved_cs_client */;

--
-- Dumping data for table `reintegros_afiliado`
--

LOCK TABLES `reintegros_afiliado` WRITE;
/*!40000 ALTER TABLE `reintegros_afiliado` DISABLE KEYS */;
INSERT INTO `reintegros_afiliado` VALUES (29,1,'REGIDOR',NULL,'27067051144',NULL,'MARIA DEL CARMEN','02-06705114/00',NULL),(30,1,'CALFINAO',NULL,'27022968136',NULL,'MARIA','01-02296813/00','1233'),(31,1,'CORIA',NULL,'20031579121',NULL,'HECTOR DOMINGO','01-03157912/00','2342354'),(32,1,'BAZZE',NULL,'20034351334',NULL,'SELIM MIGUEL','01-03435133/00',NULL),(33,1,'LOPEZ HAMLET',NULL,'20035442856',NULL,'IBSEN','01-03544285/00',NULL),(34,1,'HERMOSILLA',NULL,'20035448331',NULL,'NEMESIO','01-03544833/00','15223'),(35,1,'BURGOS',NULL,'0',NULL,'RICARDO MARTIN','03-30529599/00',NULL),(36,1,'SOSA',NULL,'20031562377',NULL,'JOSE FELIX','01-03156237/00',NULL),(37,1,'CASTRO','0340250608122034497013','23298984679',NULL,'NERI EDGARDO','03-29898467/00',NULL),(38,1,'BUSTAMANTE','0340253708730025384008','20015819120',NULL,'ENRIQUE','01-01581912/00',NULL);
/*!40000 ALTER TABLE `reintegros_afiliado` ENABLE KEYS */;
UNLOCK TABLES;

--
-- Table structure for table `reintegros_archivoadjunto`
--

DROP TABLE IF EXISTS `reintegros_archivoadjunto`;
/*!40101 SET @saved_cs_client     = @@character_set_client */;
/*!50503 SET character_set_client = utf8mb4 */;
CREATE TABLE `reintegros_archivoadjunto` (
  `id` int NOT NULL AUTO_INCREMENT,
  `archivo` varchar(100) CHARACTER SET utf8mb4 COLLATE utf8mb4_general_ci NOT NULL,
  `etiqueta_id` int DEFAULT NULL,
  `prestacion_id` int DEFAULT NULL,
  `cuentaDeTerceros_id` int DEFAULT NULL,
  PRIMARY KEY (`id`),
  KEY `reintegros_archivoad_cuentaDeTerceros_id_ef501b1e_fk_reintegro` (`cuentaDeTerceros_id`),
  KEY `reintegros_archivoad_prestacion_id_507b833b_fk_reintegro` (`prestacion_id`),
  KEY `reintegros_archivoad_etiqueta_id_1391849b_fk_reintegro` (`etiqueta_id`),
  CONSTRAINT `reintegros_archivoad_cuentaDeTerceros_id_ef501b1e_fk_reintegro` FOREIGN KEY (`cuentaDeTerceros_id`) REFERENCES `reintegros_cuentadeterceros` (`id`),
  CONSTRAINT `reintegros_archivoad_etiqueta_id_1391849b_fk_reintegro` FOREIGN KEY (`etiqueta_id`) REFERENCES `reintegros_etiqueta` (`id`),
  CONSTRAINT `reintegros_archivoad_prestacion_id_507b833b_fk_reintegro` FOREIGN KEY (`prestacion_id`) REFERENCES `reintegros_prestacion` (`id`)
) ENGINE=InnoDB AUTO_INCREMENT=93 DEFAULT CHARSET=utf8mb4 COLLATE=utf8mb4_general_ci;
/*!40101 SET character_set_client = @saved_cs_client */;

--
-- Dumping data for table `reintegros_archivoadjunto`
--

LOCK TABLES `reintegros_archivoadjunto` WRITE;
/*!40000 ALTER TABLE `reintegros_archivoadjunto` DISABLE KEYS */;
INSERT INTO `reintegros_archivoadjunto` VALUES (87,'attachments/FACTURA_dwQrODD.pdf',NULL,289,NULL),(88,'attachments/PO000071920211221006_NhO3HRd.txt',NULL,299,NULL),(89,'attachments/Sin_título3.png',NULL,300,NULL),(90,'attachments/QN00957339_TBWnCyx.txt',NULL,303,NULL),(91,'attachments/FACTURA_y6hDSa9.pdf',NULL,308,NULL),(92,'attachments/FACTURA_zgFZJz6.pdf',NULL,308,NULL);
/*!40000 ALTER TABLE `reintegros_archivoadjunto` ENABLE KEYS */;
UNLOCK TABLES;

--
-- Table structure for table `reintegros_archivopo`
--

DROP TABLE IF EXISTS `reintegros_archivopo`;
/*!40101 SET @saved_cs_client     = @@character_set_client */;
/*!50503 SET character_set_client = utf8mb4 */;
CREATE TABLE `reintegros_archivopo` (
  `id` int NOT NULL AUTO_INCREMENT,
  `fechaDeCreacion` datetime(6) NOT NULL,
  `archivo` varchar(100) NOT NULL,
  `lote_id` int NOT NULL,
  `fechaDeEjecucion` date DEFAULT NULL,
  `numeroDeSecuencia` smallint DEFAULT NULL,
  PRIMARY KEY (`id`),
  KEY `reintegros_archivopo_lote_id_73525944_fk_reintegros_lote_id` (`lote_id`),
  CONSTRAINT `reintegros_archivopo_lote_id_73525944_fk_reintegros_lote_id` FOREIGN KEY (`lote_id`) REFERENCES `reintegros_lote` (`id`)
) ENGINE=InnoDB AUTO_INCREMENT=108 DEFAULT CHARSET=utf8mb4 COLLATE=utf8mb4_0900_ai_ci;
/*!40101 SET character_set_client = @saved_cs_client */;

--
-- Dumping data for table `reintegros_archivopo`
--

LOCK TABLES `reintegros_archivopo` WRITE;
/*!40000 ALTER TABLE `reintegros_archivopo` DISABLE KEYS */;
INSERT INTO `reintegros_archivopo` VALUES (61,'2021-11-23 13:37:38.467298','archivos_po/PO000071920211123001.txt',71,NULL,1),(62,'2021-11-23 20:20:48.597683','archivos_po/PO000071920211123002.txt',73,NULL,2),(63,'2021-11-24 13:24:06.682786','archivos_po/PO000071920211124001.txt',75,NULL,1),(64,'2021-12-09 13:48:42.760775','archivos_po/PO000071920211209001.txt',72,NULL,1),(65,'2021-12-15 11:38:27.492494','archivos_po/PO000071920211215001.txt',76,NULL,1),(66,'2021-12-16 11:26:59.030667','archivos_po/PO000071920211216001.txt',79,'2021-12-16',1),(67,'2021-12-16 21:41:23.387542','archivos_po/PO000071920211216002.txt',77,'2021-12-16',2),(68,'2021-12-17 17:58:14.361233','archivos_po/PO000071920211217001.txt',80,'2021-12-16',1),(69,'2021-12-17 18:15:57.027345','archivos_po/PO000071920211217002.txt',81,'2021-12-17',2),(70,'2021-12-17 18:18:08.707507','archivos_po/PO000071920211217003.txt',82,'2021-12-17',3),(71,'2021-12-17 18:38:00.430284','archivos_po/PO000071920211217004.txt',83,'2021-12-17',4),(72,'2021-12-17 18:39:09.884506','archivos_po/PO000071920211217005.txt',84,'2021-12-17',5),(73,'2021-12-17 18:57:19.738132','archivos_po/PO000071920211217006.txt',85,'2021-12-17',6),(74,'2021-12-17 18:58:38.860204','archivos_po/PO000071920211217007.txt',86,NULL,7),(75,'2021-12-17 20:54:37.369921','archivos_po/PO000071920211217008.txt',87,'2021-12-17',8),(76,'2021-12-17 21:43:12.292055','archivos_po/PO000071920211217009.txt',88,NULL,9),(77,'2021-12-17 21:47:04.872386','archivos_po/PO000071920211217010.txt',89,'2021-12-16',10),(78,'2021-12-17 21:50:56.339985','archivos_po/PO000071920211217011.txt',90,NULL,11),(79,'2021-12-17 22:01:17.769714','archivos_po/PO000071920211217012.txt',91,'2021-12-16',12),(80,'2021-12-17 22:02:43.005087','archivos_po/PO000071920211217013.txt',92,NULL,13),(81,'2021-12-20 13:32:21.724835','archivos_po/PO000071920211220001.txt',93,NULL,1),(82,'2021-12-20 14:43:23.166865','archivos_po/PO000071920211220002.txt',94,'2021-12-20',2),(83,'2021-12-20 14:53:40.175823','archivos_po/PO000071920211220003.txt',95,'2021-12-20',3),(84,'2021-12-20 15:09:04.967660','archivos_po/PO000071920211220004.txt',96,'2021-12-20',4),(85,'2021-12-20 15:10:51.885033','archivos_po/PO000071920211220005.txt',97,'2021-12-20',5),(86,'2021-12-20 17:38:46.306759','archivos_po/PO000071920211220006.txt',98,'2021-12-17',6),(87,'2021-12-20 17:41:06.935448','archivos_po/PO000071920211220007.txt',99,'2021-12-17',7),(88,'2021-12-20 17:41:58.124421','archivos_po/PO000071920211220008.txt',100,'2021-12-17',8),(89,'2021-12-20 17:44:21.828971','archivos_po/PO000071920211220009.txt',101,'2021-12-17',9),(90,'2021-12-20 17:46:26.703726','archivos_po/PO000071920211220010.txt',102,'2021-12-17',10),(91,'2021-12-20 17:47:38.921071','archivos_po/PO000071920211220011.txt',103,'2021-12-17',11),(92,'2021-12-20 17:48:20.589293','archivos_po/PO000071920211220012.txt',104,'2021-12-17',12),(93,'2021-12-21 11:20:31.167156','archivos_po/PO000071920211221001.txt',105,'2021-12-17',1),(94,'2021-12-21 11:20:32.984397','archivos_po/PO000071920211221002.txt',106,'2021-12-17',2),(95,'2021-12-21 11:27:30.374461','archivos_po/PO000071920211221003.txt',107,NULL,3),(96,'2021-12-21 11:27:32.882348','archivos_po/PO000071920211221004.txt',108,'2021-12-17',4),(97,'2021-12-21 11:29:25.052342','archivos_po/PO000071920211221005.txt',109,'2021-12-17',5),(98,'2021-12-21 19:22:44.687594','archivos_po/PO000071920211221006.txt',111,'2021-12-17',6),(99,'2021-12-21 19:26:31.378250','archivos_po/PO000071920211221007.txt',112,'2021-12-17',7),(100,'2021-12-22 10:55:57.195808','archivos_po/PO000071920211222001.txt',113,'2021-12-17',1),(101,'2021-12-22 10:57:40.215394','archivos_po/PO000071920211222002.txt',114,'2021-12-17',2),(102,'2021-12-22 10:58:33.358747','archivos_po/PO000071920211222003.txt',117,'2021-12-17',3),(103,'2021-12-22 11:00:31.866290','archivos_po/PO000071920211222004.txt',118,'2021-12-17',4),(104,'2021-12-22 11:01:13.938982','archivos_po/PO000071920211222005.txt',115,'2021-12-17',5),(105,'2021-12-22 11:01:59.454603','archivos_po/PO000071920211222006.txt',119,'2021-12-17',6),(106,'2021-12-22 11:03:00.229162','archivos_po/PO000071920211222007.txt',120,'2021-12-17',7),(107,'2021-12-22 13:12:56.069135','archivos_po/PO000071920211222008.txt',121,NULL,8);
/*!40000 ALTER TABLE `reintegros_archivopo` ENABLE KEYS */;
UNLOCK TABLES;

--
-- Table structure for table `reintegros_auditoria`
--

DROP TABLE IF EXISTS `reintegros_auditoria`;
/*!40101 SET @saved_cs_client     = @@character_set_client */;
/*!50503 SET character_set_client = utf8mb4 */;
CREATE TABLE `reintegros_auditoria` (
  `id` int NOT NULL AUTO_INCREMENT,
  `estadoActual` varchar(12) COLLATE utf8mb4_general_ci NOT NULL,
  `motivoDeRechazo` varchar(35) COLLATE utf8mb4_general_ci DEFAULT NULL,
  `auditorActual_id` int DEFAULT NULL,
  `montoAReintegrar` decimal(20,2) DEFAULT NULL,
  `porcentajeDeCobertura` smallint unsigned DEFAULT NULL,
  PRIMARY KEY (`id`),
  KEY `reintegros_auditoria_auditorActual_id_3e603f1e_fk_usuario_u` (`auditorActual_id`),
  CONSTRAINT `reintegros_auditoria_auditorActual_id_3e603f1e_fk_usuario_u` FOREIGN KEY (`auditorActual_id`) REFERENCES `usuario_usuario` (`id`)
) ENGINE=InnoDB AUTO_INCREMENT=264 DEFAULT CHARSET=utf8mb4 COLLATE=utf8mb4_general_ci;
/*!40101 SET character_set_client = @saved_cs_client */;

--
-- Dumping data for table `reintegros_auditoria`
--

LOCK TABLES `reintegros_auditoria` WRITE;
/*!40000 ALTER TABLE `reintegros_auditoria` DISABLE KEYS */;
INSERT INTO `reintegros_auditoria` VALUES (212,'aceptado','',8,490.62,70),(213,'aceptado','',8,2390.64,80),(214,'rechazado','faltaDocumentacion',8,14644.87,80),(215,'aceptado','',8,92421.00,90),(216,'aceptado','',3,167.97,100),(217,'aceptado','',3,426.72,70),(218,'aceptado','',5,4154.55,50),(219,'aceptado','',3,725.12,100),(220,'aceptado','',8,2390.64,80),(221,'aceptado','',8,353.66,100),(222,'aceptado','',8,14644.87,80),(223,'rechazado','faltaDocumentacion',8,93384.80,80),(224,'aceptado','',8,60.96,100),(225,'aceptado','',8,257.50,100),(226,'aceptado','',8,121.92,100),(227,'aceptado','',8,1082.28,70),(228,'aceptado','',8,45244.32,80),(229,'aceptado','',8,4389.12,90),(230,'aceptado','',8,1851.00,50),(231,'aceptado','',8,1273.18,90),(232,'aceptado','',8,81711.70,70),(233,'aceptado','',8,14644.87,80),(234,'rechazado','prestacionNoEstaEnMenuPrestacional',8,22622.16,80),(235,'aceptado','',3,58365.50,50),(236,'aceptado','',8,28277.70,100),(237,'aceptado','',8,848.78,80),(238,'aceptado','',8,3966.42,80),(239,'aceptado','',8,14644.87,80),(240,'aceptado','',8,2390.64,80),(241,'aceptado','',8,848.78,80),(242,'aceptado','',8,2517.80,70),(243,'aceptado','',8,566.89,90),(244,'aceptado','',8,291827.50,50),(245,'aceptado','',8,848.78,80),(246,'aceptado','',8,28277.70,100),(247,'aceptado','',8,19794.39,70),(248,'aceptado','',8,1645.92,90),(249,'aceptado','',8,273.37,70),(250,'rechazado','prestacionNoEstaEnMenuPrestacional',8,2546.35,80),(251,'aceptado','',8,210.00,50),(252,'rechazado','prestacionNoEstaEnMenuPrestacional',8,22622.16,80),(253,'aceptado','',8,384.05,70),(254,'aceptado','',8,1051.32,100),(255,'aceptado','',8,58365.50,50),(256,'aceptado','',8,39588.78,70),(257,'aceptado','',8,5950.00,70),(258,'rechazado','prestacionNoEstaEnMenuPrestacional',8,6647.28,80),(259,'cerrado','seleccioneUnaOpcion',NULL,NULL,NULL),(260,'cerrado','seleccioneUnaOpcion',NULL,NULL,NULL),(261,'cerrado','seleccioneUnaOpcion',NULL,NULL,NULL),(262,'cerrado','seleccioneUnaOpcion',NULL,NULL,NULL),(263,'cerrado','seleccioneUnaOpcion',NULL,NULL,NULL);
/*!40000 ALTER TABLE `reintegros_auditoria` ENABLE KEYS */;
UNLOCK TABLES;

--
-- Table structure for table `reintegros_auditorialog`
--

DROP TABLE IF EXISTS `reintegros_auditorialog`;
/*!40101 SET @saved_cs_client     = @@character_set_client */;
/*!50503 SET character_set_client = utf8mb4 */;
CREATE TABLE `reintegros_auditorialog` (
  `id` int NOT NULL AUTO_INCREMENT,
  `estado` varchar(12) COLLATE utf8mb4_general_ci NOT NULL,
  `fechaHora` datetime(6) NOT NULL,
  `actualizadoPor_id` int NOT NULL,
  `auditorAsignado_id` int DEFAULT NULL,
  `auditoria_id` int NOT NULL,
  PRIMARY KEY (`id`),
  KEY `reintegros_auditoria_auditoria_id_49cb713b_fk_reintegro` (`auditoria_id`),
  KEY `reintegros_auditoria_actualizadoPor_id_ae48387d_fk_usuario_u` (`actualizadoPor_id`),
  KEY `reintegros_auditoria_auditorAsignado_id_49aa600a_fk_usuario_u` (`auditorAsignado_id`),
  CONSTRAINT `reintegros_auditoria_actualizadoPor_id_ae48387d_fk_usuario_u` FOREIGN KEY (`actualizadoPor_id`) REFERENCES `usuario_usuario` (`id`),
  CONSTRAINT `reintegros_auditoria_auditorAsignado_id_49aa600a_fk_usuario_u` FOREIGN KEY (`auditorAsignado_id`) REFERENCES `usuario_usuario` (`id`),
  CONSTRAINT `reintegros_auditoria_auditoria_id_49cb713b_fk_reintegro` FOREIGN KEY (`auditoria_id`) REFERENCES `reintegros_auditoria` (`id`)
) ENGINE=InnoDB AUTO_INCREMENT=230 DEFAULT CHARSET=utf8mb4 COLLATE=utf8mb4_general_ci;
/*!40101 SET character_set_client = @saved_cs_client */;

--
-- Dumping data for table `reintegros_auditorialog`
--

LOCK TABLES `reintegros_auditorialog` WRITE;
/*!40000 ALTER TABLE `reintegros_auditorialog` DISABLE KEYS */;
INSERT INTO `reintegros_auditorialog` VALUES (183,'aceptado','2021-11-23 13:14:33.163900',8,8,212),(184,'aceptado','2021-11-23 13:14:42.825842',8,8,213),(185,'rechazado','2021-11-23 13:35:19.835734',8,8,214),(186,'aceptado','2021-11-23 13:35:27.311782',8,8,215),(187,'aceptado','2021-11-23 13:43:47.380501',3,3,216),(188,'aceptado','2021-11-23 13:43:58.776524',3,3,217),(189,'aceptado','2021-11-23 13:49:17.708738',5,5,218),(190,'aceptado','2021-11-23 13:50:03.292884',3,3,219),(191,'aceptado','2021-12-15 11:38:15.125258',8,8,220),(192,'aceptado','2021-12-16 10:49:49.058449',8,8,221),(193,'aceptado','2021-12-16 10:50:00.064112',8,8,222),(194,'rechazado','2021-12-16 10:50:08.571469',8,8,223),(195,'aceptado','2021-12-16 11:22:55.853590',8,8,224),(196,'aceptado','2021-12-16 11:23:03.725322',8,8,225),(197,'aceptado','2021-12-17 17:57:35.750579',8,8,226),(198,'aceptado','2021-12-17 17:57:48.382771',8,8,227),(199,'aceptado','2021-12-17 18:14:28.163652',8,8,228),(200,'aceptado','2021-12-17 18:14:35.219961',8,8,229),(201,'aceptado','2021-12-17 18:15:42.300734',8,8,230),(202,'aceptado','2021-12-17 18:37:49.463323',8,8,231),(203,'aceptado','2021-12-17 18:57:10.311091',8,8,232),(204,'aceptado','2021-12-17 20:49:22.131474',8,8,233),(205,'rechazado','2021-12-17 20:50:04.037955',8,8,234),(206,'aceptado','2021-12-17 20:59:39.193030',3,3,235),(207,'aceptado','2021-12-17 21:01:35.500018',8,8,236),(208,'aceptado','2021-12-17 21:18:45.374966',8,8,237),(209,'aceptado','2021-12-17 21:46:45.384914',8,8,238),(210,'aceptado','2021-12-17 22:00:39.020775',8,8,239),(211,'aceptado','2021-12-20 13:29:11.350213',8,8,240),(212,'aceptado','2021-12-20 14:53:16.436929',8,8,241),(213,'aceptado','2021-12-20 17:38:32.331528',8,8,242),(214,'aceptado','2021-12-20 17:40:57.329745',8,8,243),(215,'aceptado','2021-12-20 17:46:14.026126',8,8,244),(216,'aceptado','2021-12-21 11:19:48.974099',8,8,245),(217,'aceptado','2021-12-21 11:19:56.765673',8,8,246),(218,'aceptado','2021-12-21 19:14:32.533333',8,8,247),(219,'aceptado','2021-12-21 19:22:26.516251',8,8,248),(220,'aceptado','2021-12-21 19:22:35.703275',8,8,249),(221,'rechazado','2021-12-21 19:26:14.850726',8,8,250),(222,'aceptado','2021-12-21 19:26:22.401211',8,8,251),(223,'rechazado','2021-12-22 10:52:18.401190',8,8,252),(224,'aceptado','2021-12-22 10:52:30.683353',8,8,253),(225,'aceptado','2021-12-22 10:53:39.001124',8,8,254),(226,'aceptado','2021-12-22 10:54:42.794757',8,8,255),(227,'aceptado','2021-12-22 10:55:34.347796',8,8,256),(228,'aceptado','2021-12-22 13:10:04.005438',8,8,257),(229,'rechazado','2021-12-22 14:07:14.680244',8,8,258);
/*!40000 ALTER TABLE `reintegros_auditorialog` ENABLE KEYS */;
UNLOCK TABLES;

--
-- Table structure for table `reintegros_cuentadeterceros`
--

DROP TABLE IF EXISTS `reintegros_cuentadeterceros`;
/*!40101 SET @saved_cs_client     = @@character_set_client */;
/*!50503 SET character_set_client = utf8mb4 */;
CREATE TABLE `reintegros_cuentadeterceros` (
  `id` int NOT NULL AUTO_INCREMENT,
  `nombre` varchar(70) CHARACTER SET utf8mb4 COLLATE utf8mb4_general_ci NOT NULL,
  `apellido` varchar(70) CHARACTER SET utf8mb4 COLLATE utf8mb4_general_ci NOT NULL,
  `cuitCuil` varchar(11) CHARACTER SET utf8mb4 COLLATE utf8mb4_general_ci NOT NULL,
  `cbu` varchar(22) CHARACTER SET utf8mb4 COLLATE utf8mb4_general_ci NOT NULL,
  `autorizacionFinal` tinyint(1) NOT NULL,
  `responsableDeCarga_id` int NOT NULL,
  `delegacion_id` int NOT NULL,
  `afiliado_id` int NOT NULL,
  `estado` varchar(9) COLLATE utf8mb4_general_ci NOT NULL,
  PRIMARY KEY (`id`),
  UNIQUE KEY `afiliado_id` (`afiliado_id`),
  KEY `reintegros_cuentadet_responsableDeCarga_i_c7d2c14b_fk_usuario_u` (`responsableDeCarga_id`),
  KEY `reintegros_cuentadet_delegacion_id_700069ba_fk_reintegro` (`delegacion_id`),
  CONSTRAINT `reintegros_cuentadet_afiliado_id_bd36e261_fk_reintegro` FOREIGN KEY (`afiliado_id`) REFERENCES `reintegros_afiliado` (`id`),
  CONSTRAINT `reintegros_cuentadet_delegacion_id_700069ba_fk_reintegro` FOREIGN KEY (`delegacion_id`) REFERENCES `reintegros_delegacion` (`id`),
  CONSTRAINT `reintegros_cuentadet_responsableDeCarga_i_c7d2c14b_fk_usuario_u` FOREIGN KEY (`responsableDeCarga_id`) REFERENCES `usuario_usuario` (`id`)
) ENGINE=InnoDB AUTO_INCREMENT=90 DEFAULT CHARSET=utf8mb4 COLLATE=utf8mb4_general_ci;
/*!40101 SET character_set_client = @saved_cs_client */;

--
-- Dumping data for table `reintegros_cuentadeterceros`
--

LOCK TABLES `reintegros_cuentadeterceros` WRITE;
/*!40000 ALTER TABLE `reintegros_cuentadeterceros` DISABLE KEYS */;
INSERT INTO `reintegros_cuentadeterceros` VALUES (87,'NEMESIO','HERMOSILLA','20035448331','0000003100064787116026',0,8,41,34,'aprobada'),(88,'MARIA','CALFINAO','27022968136','2020202020202123202112',0,8,41,30,'aprobada'),(89,'HECTOR DOMINGO','CORIA','20031579121','2020202020202020202012',0,8,41,31,'aprobada');
/*!40000 ALTER TABLE `reintegros_cuentadeterceros` ENABLE KEYS */;
UNLOCK TABLES;

--
-- Table structure for table `reintegros_cuentajudicial`
--

DROP TABLE IF EXISTS `reintegros_cuentajudicial`;
/*!40101 SET @saved_cs_client     = @@character_set_client */;
/*!50503 SET character_set_client = utf8mb4 */;
CREATE TABLE `reintegros_cuentajudicial` (
  `id` int NOT NULL AUTO_INCREMENT,
  `oficioJudicial` varchar(100) COLLATE utf8mb4_general_ci DEFAULT NULL,
  `informacionAdicional` longtext CHARACTER SET utf8mb4 COLLATE utf8mb4_general_ci,
  `delegacion_id` int NOT NULL,
  `responsableDeCarga_id` int NOT NULL,
  `afiliado_id` int NOT NULL,
  `apellido` varchar(70) COLLATE utf8mb4_general_ci DEFAULT NULL,
  `cbu` varchar(22) COLLATE utf8mb4_general_ci DEFAULT NULL,
  `cuitCuil` varchar(11) COLLATE utf8mb4_general_ci DEFAULT NULL,
  `nombre` varchar(70) COLLATE utf8mb4_general_ci DEFAULT NULL,
  `estado` varchar(9) COLLATE utf8mb4_general_ci NOT NULL,
  PRIMARY KEY (`id`),
  UNIQUE KEY `afiliado_id` (`afiliado_id`),
  KEY `reintegros_cuentajud_delegacion_id_1a9c4be6_fk_reintegro` (`delegacion_id`),
  KEY `reintegros_cuentajud_responsableDeCarga_i_2ee41dff_fk_usuario_u` (`responsableDeCarga_id`),
  CONSTRAINT `reintegros_cuentajud_afiliado_id_ae4b9212_fk_reintegro` FOREIGN KEY (`afiliado_id`) REFERENCES `reintegros_afiliado` (`id`),
  CONSTRAINT `reintegros_cuentajud_delegacion_id_1a9c4be6_fk_reintegro` FOREIGN KEY (`delegacion_id`) REFERENCES `reintegros_delegacion` (`id`),
  CONSTRAINT `reintegros_cuentajud_responsableDeCarga_i_2ee41dff_fk_usuario_u` FOREIGN KEY (`responsableDeCarga_id`) REFERENCES `usuario_usuario` (`id`)
) ENGINE=InnoDB AUTO_INCREMENT=29 DEFAULT CHARSET=utf8mb4 COLLATE=utf8mb4_general_ci;
/*!40101 SET character_set_client = @saved_cs_client */;

--
-- Dumping data for table `reintegros_cuentajudicial`
--

LOCK TABLES `reintegros_cuentajudicial` WRITE;
/*!40000 ALTER TABLE `reintegros_cuentajudicial` DISABLE KEYS */;
INSERT INTO `reintegros_cuentajudicial` VALUES (28,'attachments/SOCIO_62950517801_AP_77676014.pdf.pdf',NULL,41,8,34,'HERMOSILLA','0000003100087644012385','20035448331','NEMESIO','activa');
/*!40000 ALTER TABLE `reintegros_cuentajudicial` ENABLE KEYS */;
UNLOCK TABLES;

--
-- Table structure for table `reintegros_cuentasolicitud`
--

DROP TABLE IF EXISTS `reintegros_cuentasolicitud`;
/*!40101 SET @saved_cs_client     = @@character_set_client */;
/*!50503 SET character_set_client = utf8mb4 */;
CREATE TABLE `reintegros_cuentasolicitud` (
  `id` int NOT NULL AUTO_INCREMENT,
  `nombre` varchar(70) DEFAULT NULL,
  `apellido` varchar(70) DEFAULT NULL,
  `cuitCuil` varchar(11) DEFAULT NULL,
  `cbu` varchar(22) DEFAULT NULL,
  `origen` varchar(16) NOT NULL,
  PRIMARY KEY (`id`)
) ENGINE=InnoDB AUTO_INCREMENT=274 DEFAULT CHARSET=utf8mb4 COLLATE=utf8mb4_0900_ai_ci;
/*!40101 SET character_set_client = @saved_cs_client */;

--
-- Dumping data for table `reintegros_cuentasolicitud`
--

LOCK TABLES `reintegros_cuentasolicitud` WRITE;
/*!40000 ALTER TABLE `reintegros_cuentasolicitud` DISABLE KEYS */;
INSERT INTO `reintegros_cuentasolicitud` VALUES (230,'NEMESIO','HERMOSILLA','20035448331','0000003100064787116026','cuentaDeTerceros'),(231,'NEMESIO','HERMOSILLA','20035448331','0000003100064787116026','cuentaDeTerceros'),(232,'NEMESIO','HERMOSILLA','20035448331','0000003100064787116026','cuentaDeTerceros'),(233,'NEMESIO','HERMOSILLA','20035448331','0000003100087644012385','cuentaJudicial'),(234,'NEMESIO','HERMOSILLA','20035448331','0000003100064787116026','cuentaDeTerceros'),(235,'NEMESIO','HERMOSILLA','20035448331','0000003100087644012385','cuentaJudicial'),(236,'NEMESIO','HERMOSILLA','20035448331','0000003100064787116026','cuentaDeTerceros'),(237,'NEMESIO','HERMOSILLA','20035448331','0000003100087644012385','cuentaJudicial'),(238,'NEMESIO','HERMOSILLA','20035448331','0000003100064787116026','cuentaDeTerceros'),(239,'NEMESIO','HERMOSILLA','20035448331','0000003100087644012385','cuentaJudicial'),(240,'NEMESIO','HERMOSILLA','20035448331','0000003100087644012385','cuentaJudicial'),(241,'NEMESIO','HERMOSILLA','20035448331','0000003100064787116026','cuentaDeTerceros'),(242,'NEMESIO','HERMOSILLA','20035448331','0000003100064787116026','cuentaDeTerceros'),(243,'NEMESIO','HERMOSILLA','20035448331','0000003100064787116026','cuentaDeTerceros'),(244,'NEMESIO','HERMOSILLA','20035448331','0000003100087644012385','cuentaJudicial'),(245,'MARIA','CALFINAO','27022968136','2020202020202123202112','cuentaDeTerceros'),(246,'MARIA','CALFINAO','27022968136','2020202020202123202112','cuentaDeTerceros'),(247,'MARIA','CALFINAO','27022968136','2020202020202123202112','cuentaDeTerceros'),(248,'MARIA','CALFINAO','27022968136','2020202020202123202112','cuentaDeTerceros'),(249,'MARIA','CALFINAO','27022968136','2020202020202123202112','cuentaDeTerceros'),(250,'MARIA','CALFINAO','27022968136','2020202020202123202112','cuentaDeTerceros'),(251,'MARIA','CALFINAO','27022968136','2020202020202123202112','cuentaDeTerceros'),(252,'NEMESIO','HERMOSILLA','20035448331','0000003100064787116026','cuentaDeTerceros'),(253,'HECTOR DOMINGO','CORIA','20031579121','2020202020202020202012','cuentaDeTerceros'),(254,'HECTOR DOMINGO','CORIA','20031579121','2020202020202020202012','cuentaDeTerceros'),(255,'HECTOR DOMINGO','CORIA','20031579121','2020202020202020202012','cuentaDeTerceros'),(256,'NEMESIO','HERMOSILLA','20035448331','0000003100087644012385','cuentaJudicial'),(257,'NEMESIO','HERMOSILLA','20035448331','0000003100064787116026','cuentaDeTerceros'),(258,'NEMESIO','HERMOSILLA','20035448331','0000003100087644012385','cuentaJudicial'),(259,'NEMESIO','HERMOSILLA','20035448331','0000003100064787116026','cuentaDeTerceros'),(260,'NEMESIO','HERMOSILLA','20035448331','0000003100064787116026','cuentaDeTerceros'),(261,'NEMESIO','HERMOSILLA','20035448331','0000003100064787116026','cuentaDeTerceros'),(262,'NEMESIO','HERMOSILLA','20035448331','0000003100064787116026','cuentaDeTerceros'),(263,'NEMESIO','HERMOSILLA','20035448331','0000003100064787116026','cuentaDeTerceros'),(264,'ENRIQUE','BUSTAMANTE','20015819120','0340253708730025384008','cuentaAfiliado'),(265,'NEMESIO','HERMOSILLA','20035448331','0000003100087644012385','cuentaJudicial'),(266,'NEMESIO','HERMOSILLA','20035448331','0000003100064787116026','cuentaDeTerceros'),(267,'NEMESIO','HERMOSILLA','20035448331','0000003100064787116026','cuentaDeTerceros'),(268,'NEMESIO','HERMOSILLA','20035448331','0000003100064787116026','cuentaDeTerceros'),(269,'NEMESIO','HERMOSILLA','20035448331','0000003100064787116026','cuentaDeTerceros'),(270,'NEMESIO','HERMOSILLA','20035448331','0000003100064787116026','cuentaDeTerceros'),(271,'NEMESIO','HERMOSILLA','20035448331','0000003100087644012385','cuentaJudicial'),(272,'NEMESIO','HERMOSILLA','20035448331','0000003100064787116026','cuentaDeTerceros'),(273,'NEMESIO','HERMOSILLA','20035448331','0000003100087644012385','cuentaJudicial');
/*!40000 ALTER TABLE `reintegros_cuentasolicitud` ENABLE KEYS */;
UNLOCK TABLES;

--
-- Table structure for table `reintegros_cupon`
--

DROP TABLE IF EXISTS `reintegros_cupon`;
/*!40101 SET @saved_cs_client     = @@character_set_client */;
/*!50503 SET character_set_client = utf8mb4 */;
CREATE TABLE `reintegros_cupon` (
  `id` int NOT NULL AUTO_INCREMENT,
  `montoDeReintegro` decimal(20,2) NOT NULL,
  `fechaDeAlta` datetime(6) NOT NULL,
  `solicitud_id` int NOT NULL,
  `estado` varchar(14) NOT NULL,
  `numeroDePago` varchar(70) DEFAULT NULL,
  `motivoDeRechazo` varchar(70) DEFAULT NULL,
  PRIMARY KEY (`id`),
  UNIQUE KEY `solicitud_id` (`solicitud_id`),
  CONSTRAINT `reintegros_cupon_solicitud_id_f764b125_fk_reintegro` FOREIGN KEY (`solicitud_id`) REFERENCES `reintegros_solicitud` (`id`)
) ENGINE=InnoDB AUTO_INCREMENT=129 DEFAULT CHARSET=utf8mb4 COLLATE=utf8mb4_0900_ai_ci;
/*!40101 SET character_set_client = @saved_cs_client */;

--
-- Dumping data for table `reintegros_cupon`
--

LOCK TABLES `reintegros_cupon` WRITE;
/*!40000 ALTER TABLE `reintegros_cupon` DISABLE KEYS */;
INSERT INTO `reintegros_cupon` VALUES (92,2881.26,'2021-11-23 13:14:43.551003',311,'enProceso',NULL,NULL),(93,92421.00,'2021-11-23 13:35:27.943059',313,'enProceso',NULL,NULL),(94,167.97,'2021-11-23 13:43:47.947688',315,'enProceso',NULL,NULL),(95,426.72,'2021-11-23 13:43:59.234752',314,'enProceso',NULL,NULL),(96,4154.55,'2021-11-23 13:49:18.392991',317,'enProceso',NULL,NULL),(97,725.12,'2021-11-23 13:50:04.315454',316,'enProceso',NULL,NULL),(98,2390.64,'2021-12-15 11:38:15.998638',321,'enProceso',NULL,NULL),(99,353.66,'2021-12-16 10:49:50.075673',323,'rechazoParcial',NULL,NULL),(100,14644.87,'2021-12-16 10:50:09.145208',322,'pagoRealizado','3',NULL),(101,318.46,'2021-12-16 11:23:04.374675',325,'pagoRealizado',NULL,NULL),(102,121.92,'2021-12-17 17:57:37.491526',324,'pagoRealizado','1780859201111',NULL),(103,1082.28,'2021-12-17 17:57:49.104670',326,'pagoRealizado','3',NULL),(104,49633.44,'2021-12-17 18:14:36.023353',327,'pagoRealizado','1780859201111',NULL),(105,1851.00,'2021-12-17 18:15:43.100160',328,'enProceso',NULL,NULL),(106,1273.18,'2021-12-17 18:37:50.321672',329,'pagoRealizado','3',NULL),(107,81711.70,'2021-12-17 18:57:10.849370',330,'enProceso',NULL,NULL),(108,14644.87,'2021-12-17 20:49:22.790465',331,'pagoRealizado','3',NULL),(109,58365.50,'2021-12-17 20:59:39.958058',333,'enProceso',NULL,NULL),(110,28277.70,'2021-12-17 21:01:36.371436',334,'enProceso',NULL,NULL),(111,848.78,'2021-12-17 21:18:45.992716',335,'enProceso',NULL,NULL),(112,3966.42,'2021-12-17 21:46:52.437984',337,'pagoRechazado',NULL,NULL),(113,14644.87,'2021-12-17 22:00:45.577383',338,'pagoRechazado',NULL,NULL),(114,2390.64,'2021-12-20 13:29:12.667148',339,'enProceso',NULL,NULL),(115,848.78,'2021-12-20 14:53:17.769600',336,'cerrado',NULL,NULL),(116,2517.80,'2021-12-20 17:38:32.946472',340,'pagoRealizado','3',NULL),(117,566.89,'2021-12-20 17:40:58.042259',341,'cerrado',NULL,NULL),(118,291827.50,'2021-12-20 17:46:14.808376',342,'pagoRealizado','3',NULL),(119,848.78,'2021-12-21 11:19:49.790099',343,'pagoRealizado','23',NULL),(120,28277.70,'2021-12-21 11:19:57.491442',344,'cerrado',NULL,'B286 Cuil incorrecto'),(121,19794.39,'2021-12-21 19:14:33.333199',346,'pagoRealizado',NULL,NULL),(122,1919.29,'2021-12-21 19:22:36.060839',347,'pagoRealizado','12345',NULL),(123,210.00,'2021-12-21 19:26:22.936839',348,'pagoRealizado','',NULL),(124,384.05,'2021-12-22 10:52:31.348219',350,'pagoRealizado','123',NULL),(125,1051.32,'2021-12-22 10:53:39.473338',351,'cerrado',NULL,'B286 Cuil incorrecto'),(126,58365.50,'2021-12-22 10:54:43.337672',352,'pagoRealizado','555555667',NULL),(127,39588.78,'2021-12-22 10:55:35.322523',353,'enProceso',NULL,NULL),(128,5950.00,'2021-12-22 13:10:05.402550',354,'enProceso',NULL,NULL);
/*!40000 ALTER TABLE `reintegros_cupon` ENABLE KEYS */;
UNLOCK TABLES;

--
-- Table structure for table `reintegros_delegacion`
--

DROP TABLE IF EXISTS `reintegros_delegacion`;
/*!40101 SET @saved_cs_client     = @@character_set_client */;
/*!50503 SET character_set_client = utf8mb4 */;
CREATE TABLE `reintegros_delegacion` (
  `id` int NOT NULL AUTO_INCREMENT,
  `nombre` varchar(60) CHARACTER SET utf8mb4 COLLATE utf8mb4_general_ci NOT NULL,
  PRIMARY KEY (`id`)
) ENGINE=InnoDB AUTO_INCREMENT=44 DEFAULT CHARSET=utf8mb4 COLLATE=utf8mb4_general_ci;
/*!40101 SET character_set_client = @saved_cs_client */;

--
-- Dumping data for table `reintegros_delegacion`
--

LOCK TABLES `reintegros_delegacion` WRITE;
/*!40000 ALTER TABLE `reintegros_delegacion` DISABLE KEYS */;
INSERT INTO `reintegros_delegacion` VALUES (1,'Allen'),(2,'Bahía Blanca'),(3,'Buenos Aires'),(4,'Campo Grande'),(5,'Catriel'),(6,'Cervantes'),(7,'Chichinales'),(8,'Chimpay'),(9,'Choele Choel'),(10,'Cinco Saltos'),(11,'Cipolletti'),(12,'Comallo'),(13,'Coronel Belisle'),(14,'Darwin'),(15,'Dina Huapi'),(16,'El Bolsón'),(17,'El Foyel'),(18,'Fernández Oro'),(19,'General Conesa'),(20,'General Enrique Godoy'),(21,'General Roca'),(22,'Guardia Mitre'),(23,'Ingeniero Huergo'),(24,'Ingeniero Jacobacci'),(25,'Lamarque'),(26,'Las Grutas'),(27,'Los Menucos'),(28,'Luis Beltrán'),(29,'Mainqué'),(30,'Maquinchao'),(31,'Ñorquinco'),(32,'Pilcaniyeu'),(33,'Pomona'),(34,'Ramos Mexías'),(35,'Río Colorado'),(36,'San Antonio Oeste'),(37,'San Carlos de Bariloche'),(38,'Sierra Colorada'),(39,'Sierra Grande'),(40,'Valcheta'),(41,'Viedma'),(42,'Villa Regina'),(43,'readme');
/*!40000 ALTER TABLE `reintegros_delegacion` ENABLE KEYS */;
UNLOCK TABLES;

--
-- Table structure for table `reintegros_etiqueta`
--

DROP TABLE IF EXISTS `reintegros_etiqueta`;
/*!40101 SET @saved_cs_client     = @@character_set_client */;
/*!50503 SET character_set_client = utf8mb4 */;
CREATE TABLE `reintegros_etiqueta` (
  `id` int NOT NULL AUTO_INCREMENT,
  `nombre` varchar(70) CHARACTER SET utf8mb4 COLLATE utf8mb4_general_ci NOT NULL,
  PRIMARY KEY (`id`)
) ENGINE=InnoDB AUTO_INCREMENT=2 DEFAULT CHARSET=utf8mb4 COLLATE=utf8mb4_general_ci;
/*!40101 SET character_set_client = @saved_cs_client */;

--
-- Dumping data for table `reintegros_etiqueta`
--

LOCK TABLES `reintegros_etiqueta` WRITE;
/*!40000 ALTER TABLE `reintegros_etiqueta` DISABLE KEYS */;
INSERT INTO `reintegros_etiqueta` VALUES (1,'Factura');
/*!40000 ALTER TABLE `reintegros_etiqueta` ENABLE KEYS */;
UNLOCK TABLES;

--
-- Table structure for table `reintegros_factura`
--

DROP TABLE IF EXISTS `reintegros_factura`;
/*!40101 SET @saved_cs_client     = @@character_set_client */;
/*!50503 SET character_set_client = utf8mb4 */;
CREATE TABLE `reintegros_factura` (
  `id` int NOT NULL AUTO_INCREMENT,
  `archivo` varchar(100) CHARACTER SET utf8mb4 COLLATE utf8mb4_general_ci NOT NULL,
  `etiqueta_id` int NOT NULL,
  PRIMARY KEY (`id`),
  KEY `reintegros_factura_etiqueta_id_31ad8f32_fk_reintegro` (`etiqueta_id`),
  CONSTRAINT `reintegros_factura_etiqueta_id_31ad8f32_fk_reintegro` FOREIGN KEY (`etiqueta_id`) REFERENCES `reintegros_etiqueta` (`id`)
) ENGINE=InnoDB AUTO_INCREMENT=554 DEFAULT CHARSET=utf8mb4 COLLATE=utf8mb4_general_ci;
/*!40101 SET character_set_client = @saved_cs_client */;

--
-- Dumping data for table `reintegros_factura`
--

LOCK TABLES `reintegros_factura` WRITE;
/*!40000 ALTER TABLE `reintegros_factura` DISABLE KEYS */;
INSERT INTO `reintegros_factura` VALUES (510,'attachments/PO000071920211108001.txt',1),(511,'attachments/PO000071920211108001_5LsQ2kb.txt',1),(512,'attachments/PO000071920211108001_AYYhugv.txt',1),(513,'attachments/QO00071102_j1Ey1sH.txt',1),(514,'attachments/QO00071102_TrBzX7m.txt',1),(515,'attachments/PO000071920211108001_4cyxHhq.txt',1),(516,'attachments/PO000071920211108001_kJYZc4z.txt',1),(517,'attachments/QN00957339_w2NARsh.txt',1),(518,'attachments/logo-ipross.png',1),(519,'attachments/IMG_9495.jpg',1),(520,'attachments/QN00957339_LAfEPXa.txt',1),(521,'attachments/PO000071920211108001_ALbWLHh.txt',1),(522,'attachments/PO000071920211108001_4B8P9ke.txt',1),(523,'attachments/PO000071920211108001_lKGY0rh.txt',1),(524,'attachments/PO000071920211108001_zEif31X.txt',1),(525,'attachments/PO000071920211108001_hIAWGWJ.txt',1),(526,'attachments/QO00071102_pemqzYF.txt',1),(527,'attachments/PO000071920211216001.txt',1),(528,'attachments/PO000071920211216001_XI5RxtX.txt',1),(529,'attachments/PO000071920211217003.txt',1),(530,'attachments/PO000071920211216001_KB1rgjd.txt',1),(531,'attachments/PO000071920211216001_zqpv8NZ.txt',1),(532,'attachments/PO000071920211216001_GU3U1E3.txt',1),(533,'attachments/PO000071920211216001_oFSmOvX.txt',1),(534,'attachments/PO000071920211216001_4BCXJNS.txt',1),(535,'attachments/QN00957339_up91b5n.txt',1),(536,'attachments/dummy-test_WCO7PTF.pdf',1),(537,'attachments/QN00957339_FJvhZYd.txt',1),(538,'attachments/FACTURA_a7OSmqd.pdf',1),(539,'attachments/QN00957339_upPQwLy.txt',1),(540,'attachments/PO000071920211220006.txt',1),(541,'attachments/PO000071920211220006_O8uJ6cp.txt',1),(542,'attachments/QN00957339_fgc9SNj.txt',1),(543,'attachments/QN00957339_hj67mPS.txt',1),(544,'attachments/factura_z77HSWC.jpg',1),(545,'attachments/QN00957339_zllEzYD.txt',1),(546,'attachments/QN00957339_5AWZtsD.txt',1),(547,'attachments/PO000071920211221006.txt',1),(548,'attachments/QN00957339_kndbhqL.txt',1),(549,'attachments/QN00957339_sC23IRP.txt',1),(550,'attachments/QN00957339_LapDllg.txt',1),(551,'attachments/QN00957339_bl9XLkz.txt',1),(552,'attachments/QN00957339_D35J0OG.txt',1),(553,'attachments/FACTURA_ETC10xL.pdf',1);
/*!40000 ALTER TABLE `reintegros_factura` ENABLE KEYS */;
UNLOCK TABLES;

--
-- Table structure for table `reintegros_lote`
--

DROP TABLE IF EXISTS `reintegros_lote`;
/*!40101 SET @saved_cs_client     = @@character_set_client */;
/*!50503 SET character_set_client = utf8mb4 */;
CREATE TABLE `reintegros_lote` (
  `id` int NOT NULL AUTO_INCREMENT,
  `fechaDeAlta` datetime(6) NOT NULL,
  `tipo` varchar(10) NOT NULL,
  `detalleEnvioBanco` varchar(100) DEFAULT NULL,
  `totalEnvioBanco` varchar(100) DEFAULT NULL,
  `montoTotal` decimal(9,2) DEFAULT NULL,
  `estado` varchar(17) NOT NULL,
  `procesadoPor_id` int DEFAULT NULL,
  PRIMARY KEY (`id`),
  KEY `reintegros_lote_procesadoPor_id_8cdcc0e3_fk_usuario_usuario_id` (`procesadoPor_id`),
  CONSTRAINT `reintegros_lote_procesadoPor_id_8cdcc0e3_fk_usuario_usuario_id` FOREIGN KEY (`procesadoPor_id`) REFERENCES `usuario_usuario` (`id`)
) ENGINE=InnoDB AUTO_INCREMENT=122 DEFAULT CHARSET=utf8mb4 COLLATE=utf8mb4_0900_ai_ci;
/*!40101 SET character_set_client = @saved_cs_client */;

--
-- Dumping data for table `reintegros_lote`
--

LOCK TABLES `reintegros_lote` WRITE;
/*!40000 ALTER TABLE `reintegros_lote` DISABLE KEYS */;
INSERT INTO `reintegros_lote` VALUES (71,'2021-11-23 13:15:02.263944','noJudicial','informes/detalle_envio_banco_uk5ZUsU.csv','informes/total_envio_banco_XjyYQRa.csv',2881.26,'noProcesado',NULL),(72,'2021-11-23 13:37:32.035791','noJudicial','informes/detalle_envio_banco_pnXgEQx.csv','informes/total_envio_banco_yQkWWfq.csv',92421.00,'noProcesado',NULL),(73,'2021-11-23 20:20:45.230174','noJudicial','informes/detalle_envio_banco_yAvDCAS.csv','informes/total_envio_banco_nxEA4uo.csv',167.97,'noProcesado',NULL),(74,'2021-11-24 13:21:47.860245','judicial','informes/detalle_envio_banco_N6NMt13.csv','informes/total_envio_banco_ZCAY6UV.csv',725.12,'noProcesado',NULL),(75,'2021-11-24 13:21:48.324820','noJudicial','informes/detalle_envio_banco_yKg4zOc.csv','informes/total_envio_banco_XzWWbVW.csv',4581.27,'noProcesado',8),(76,'2021-12-15 11:38:21.812777','noJudicial','informes/detalle_211215-0000076.csv','informes/total_211215-0000076.csv',2390.64,'noProcesado',NULL),(77,'2021-12-16 11:14:41.597143','noJudicial','informes/detalle_211216-0000077.csv','informes/total_211216-0000077.csv',353.66,'procesadoOk',8),(78,'2021-12-16 11:23:51.970575','judicial','informes/detalle_211216-0000078.csv','informes/total_211216-0000078.csv',318.46,'procesadoOk',NULL),(79,'2021-12-16 11:23:51.979116','noJudicial','informes/detalle_211216-0000079.csv','informes/total_211216-0000079.csv',14644.87,'procesadoOk',8),(80,'2021-12-17 17:58:08.152383','noJudicial','informes/detalle_211217-0000080.csv','informes/total_211217-0000080.csv',1204.20,'procesadoOk',8),(81,'2021-12-17 18:15:51.624608','noJudicial','informes/detalle_211217-0000081.csv','informes/total_211217-0000081.csv',51484.44,'procesadoOk',8),(82,'2021-12-17 18:18:02.814180','noJudicial','informes/detalle_211217-0000082.csv','informes/total_211217-0000082.csv',1851.00,'procesadoOk',8),(83,'2021-12-17 18:37:57.021791','noJudicial','informes/detalle_211217-0000083.csv','informes/total_211217-0000083.csv',1273.18,'procesadoOk',8),(84,'2021-12-17 18:39:06.722835','noJudicial','informes/detalle_211217-0000084.csv','informes/total_211217-0000084.csv',1273.18,'procesadoOk',8),(85,'2021-12-17 18:57:16.603469','noJudicial','informes/detalle_211217-0000085.csv','informes/total_211217-0000085.csv',81711.70,'procesadoOk',8),(86,'2021-12-17 18:58:35.218637','noJudicial','informes/detalle_211217-0000086.csv','informes/total_211217-0000086.csv',81711.70,'noProcesado',8),(87,'2021-12-17 20:54:33.875221','noJudicial','informes/detalle_211217-0000087.csv','informes/total_211217-0000087.csv',14644.87,'procesadoOk',8),(88,'2021-12-17 21:21:05.151417','noJudicial','informes/detalle_211217-0000088.csv','informes/total_211217-0000088.csv',87491.98,'noProcesado',NULL),(89,'2021-12-17 21:47:00.850455','noJudicial','informes/detalle_211217-0000089.csv','informes/total_211217-0000089.csv',3966.42,'procesadoOk',8),(90,'2021-12-17 21:50:47.747069','noJudicial','informes/detalle_211217-0000090.csv','informes/total_211217-0000090.csv',3966.42,'noProcesado',8),(91,'2021-12-17 22:01:13.428558','noJudicial','informes/detalle_211217-0000091.csv','informes/total_211217-0000091.csv',14644.87,'procesadoOk',8),(92,'2021-12-17 22:02:39.859789','noJudicial','informes/detalle_211217-0000092.csv','informes/total_211217-0000092.csv',14644.87,'noProcesado',8),(93,'2021-12-20 13:32:01.267371','noJudicial','informes/detalle_211220-0000093.csv','informes/total_211220-0000093.csv',2390.64,'noProcesado',NULL),(94,'2021-12-20 14:43:11.301506','noJudicial','informes/detalle_211220-0000094.csv','informes/total_211220-0000094.csv',353.66,'procesadoOk',8),(95,'2021-12-20 14:53:28.006660','noJudicial','informes/detalle_211220-0000095.csv','informes/total_211220-0000095.csv',848.78,'procesadoOk',8),(96,'2021-12-20 15:08:52.401524','noJudicial','informes/detalle_211220-0000096.csv','informes/total_211220-0000096.csv',848.78,'procesadoOk',8),(97,'2021-12-20 15:10:42.770329','noJudicial','informes/detalle_211220-0000097.csv','informes/total_211220-0000097.csv',848.78,'procesadoOk',8),(98,'2021-12-20 17:38:42.295440','noJudicial','informes/detalle_211220-0000098.csv','informes/total_211220-0000098.csv',2517.80,'procesadoOk',8),(99,'2021-12-20 17:41:04.437958','noJudicial','informes/detalle_211220-0000099.csv','informes/total_211220-0000099.csv',566.89,'procesadoOk',8),(100,'2021-12-20 17:41:53.608070','noJudicial','informes/detalle_211220-0000100.csv','informes/total_211220-0000100.csv',566.89,'procesadoOk',8),(101,'2021-12-20 17:44:10.812917','noJudicial','informes/detalle_211220-0000101.csv','informes/total_211220-0000101.csv',566.89,'procesadoOk',8),(102,'2021-12-20 17:46:21.457418','noJudicial','informes/detalle_211220-0000102.csv','informes/total_211220-0000102.csv',291827.50,'procesadoOk',8),(103,'2021-12-20 17:47:25.545171','noJudicial','informes/detalle_211220-0000103.csv','informes/total_211220-0000103.csv',291827.50,'procesadoOk',8),(104,'2021-12-20 17:48:16.781646','noJudicial','informes/detalle_211220-0000104.csv','informes/total_211220-0000104.csv',291827.50,'procesadoOk',8),(105,'2021-12-21 11:20:09.092555','noJudicial','informes/detalle_211221-0000105.csv','informes/total_211221-0000105.csv',848.78,'procesadoOk',8),(106,'2021-12-21 11:20:12.904736','noJudicial','informes/detalle_211221-0000106.csv','informes/total_211221-0000106.csv',28277.70,'procesadoOk',8),(107,'2021-12-21 11:20:20.157845','noJudicial','informes/detalle_211221-0000107.csv','informes/total_211221-0000107.csv',83562.70,'noProcesado',NULL),(108,'2021-12-21 11:27:26.436184','noJudicial','informes/detalle_211221-0000108.csv','informes/total_211221-0000108.csv',28277.70,'procesadoOk',8),(109,'2021-12-21 11:29:21.615543','noJudicial','informes/detalle_211221-0000109.csv','informes/total_211221-0000109.csv',28277.70,'procesadoOk',8),(110,'2021-12-21 19:14:46.019905','judicial','informes/detalle_211221-0000110.csv','informes/total_211221-0000110.csv',19794.39,'procesadoOk',NULL),(111,'2021-12-21 19:22:41.189007','noJudicial','informes/detalle_211221-0000111.csv','informes/total_211221-0000111.csv',1919.29,'procesadoOk',8),(112,'2021-12-21 19:26:28.573455','noJudicial','informes/detalle_211221-0000112.csv','informes/total_211221-0000112.csv',210.00,'procesadoOk',8),(113,'2021-12-22 10:52:49.200864','noJudicial','informes/detalle_211222-0000113.csv','informes/total_211222-0000113.csv',384.05,'procesadoOk',8),(114,'2021-12-22 10:53:46.678592','noJudicial','informes/detalle_211222-0000114.csv','informes/total_211222-0000114.csv',1051.32,'procesadoOk',8),(115,'2021-12-22 10:54:48.043631','noJudicial','informes/detalle_211222-0000115.csv','informes/total_211222-0000115.csv',58365.50,'procesadoOk',8),(116,'2021-12-22 10:55:40.520395','noJudicial','informes/detalle_211222-0000116.csv','informes/total_211222-0000116.csv',39588.78,'noProcesado',NULL),(117,'2021-12-22 10:58:28.837444','noJudicial','informes/detalle_211222-0000117.csv','informes/total_211222-0000117.csv',1051.32,'procesadoOk',8),(118,'2021-12-22 11:00:28.504835','noJudicial','informes/detalle_211222-0000118.csv','informes/total_211222-0000118.csv',1051.32,'procesadoOk',8),(119,'2021-12-22 11:01:56.364060','noJudicial','informes/detalle_211222-0000119.csv','informes/total_211222-0000119.csv',58365.50,'procesadoOk',8),(120,'2021-12-22 11:02:51.723581','noJudicial','informes/detalle_211222-0000120.csv','informes/total_211222-0000120.csv',58365.50,'procesadoOk',8),(121,'2021-12-22 13:11:13.210352','noJudicial','informes/detalle_211222-0000121.csv','informes/total_211222-0000121.csv',5950.00,'noProcesado',8);
/*!40000 ALTER TABLE `reintegros_lote` ENABLE KEYS */;
UNLOCK TABLES;

--
-- Table structure for table `reintegros_lotecupon`
--

DROP TABLE IF EXISTS `reintegros_lotecupon`;
/*!40101 SET @saved_cs_client     = @@character_set_client */;
/*!50503 SET character_set_client = utf8mb4 */;
CREATE TABLE `reintegros_lotecupon` (
  `id` int NOT NULL AUTO_INCREMENT,
  `estado` varchar(14) NOT NULL,
  `fecha` datetime(6) NOT NULL,
  `cupon_id` int NOT NULL,
  `lote_id` int NOT NULL,
  PRIMARY KEY (`id`),
  KEY `reintegros_lotecupon_lote_id_0a3e125e_fk_reintegros_lote_id` (`lote_id`),
  KEY `reintegros_lotecupon_cupon_id_d61092c7_fk_reintegros_cupon_id` (`cupon_id`),
  CONSTRAINT `reintegros_lotecupon_cupon_id_d61092c7_fk_reintegros_cupon_id` FOREIGN KEY (`cupon_id`) REFERENCES `reintegros_cupon` (`id`),
  CONSTRAINT `reintegros_lotecupon_lote_id_0a3e125e_fk_reintegros_lote_id` FOREIGN KEY (`lote_id`) REFERENCES `reintegros_lote` (`id`)
) ENGINE=InnoDB AUTO_INCREMENT=138 DEFAULT CHARSET=utf8mb4 COLLATE=utf8mb4_0900_ai_ci;
/*!40101 SET character_set_client = @saved_cs_client */;

--
-- Dumping data for table `reintegros_lotecupon`
--

LOCK TABLES `reintegros_lotecupon` WRITE;
/*!40000 ALTER TABLE `reintegros_lotecupon` DISABLE KEYS */;
INSERT INTO `reintegros_lotecupon` VALUES (81,'enProceso','2021-11-23 13:15:02.272407',92,71),(82,'enProceso','2021-11-23 13:37:32.046513',93,72),(83,'enProceso','2021-11-23 20:20:45.257739',94,73),(84,'enProceso','2021-11-24 13:21:48.332703',95,75),(85,'enProceso','2021-11-24 13:21:48.347016',96,75),(86,'enProceso','2021-11-24 13:21:48.362551',97,74),(87,'enProceso','2021-12-15 11:38:21.822378',98,76),(88,'pagoRechazado','2021-12-16 11:14:41.607277',99,77),(89,'enProceso','2021-12-16 11:23:51.989395',101,78),(90,'pagoRealizado','2021-12-16 11:23:52.002353',100,79),(91,'pagoRealizado','2021-12-17 17:58:08.163628',103,80),(92,'pagoRealizado','2021-12-17 17:58:08.182741',102,80),(93,'rechazoParcial','2021-12-17 18:15:51.634401',105,81),(94,'pagoRealizado','2021-12-17 18:15:51.649528',104,81),(95,'pagoRechazado','2021-12-17 18:18:02.823938',105,82),(96,'rechazoParcial','2021-12-17 18:37:57.030790',106,83),(97,'pagoRealizado','2021-12-17 18:39:06.733019',106,84),(98,'rechazoParcial','2021-12-17 18:57:16.612294',107,85),(99,'pagoRechazado','2021-12-17 18:58:35.229055',107,86),(100,'pagoRealizado','2021-12-17 20:54:33.886697',108,87),(101,'enProceso','2021-12-17 21:21:05.162588',111,88),(102,'enProceso','2021-12-17 21:21:05.180834',110,88),(103,'enProceso','2021-12-17 21:21:05.198010',109,88),(104,'rechazoParcial','2021-12-17 21:47:00.860754',112,89),(105,'pagoRechazado','2021-12-17 21:50:47.757570',112,90),(106,'rechazoParcial','2021-12-17 22:01:13.438863',113,91),(107,'pagoRechazado','2021-12-17 22:02:39.868745',113,92),(108,'enProceso','2021-12-20 13:32:01.279048',114,93),(109,'rechazoParcial','2021-12-20 14:43:11.311850',99,94),(110,'rechazoParcial','2021-12-20 14:53:28.017391',115,95),(111,'pagoRechazado','2021-12-20 15:08:52.411729',115,96),(112,'cerrado','2021-12-20 15:10:42.779780',115,97),(113,'pagoRealizado','2021-12-20 17:38:42.305666',116,98),(114,'rechazoParcial','2021-12-20 17:41:04.447448',117,99),(115,'pagoRechazado','2021-12-20 17:41:53.622058',117,100),(116,'cerrado','2021-12-20 17:44:10.821763',117,101),(117,'rechazoParcial','2021-12-20 17:46:21.470771',118,102),(118,'pagoRechazado','2021-12-20 17:47:25.554795',118,103),(119,'pagoRealizado','2021-12-20 17:48:16.797348',118,104),(120,'pagoRealizado','2021-12-21 11:20:09.102318',119,105),(121,'rechazoParcial','2021-12-21 11:20:12.913317',120,106),(122,'enProceso','2021-12-21 11:20:20.166671',107,107),(123,'enProceso','2021-12-21 11:20:20.181021',105,107),(124,'pagoRechazado','2021-12-21 11:27:26.445493',120,108),(125,'cerrado','2021-12-21 11:29:21.624782',120,109),(126,'enProceso','2021-12-21 19:14:46.030099',121,110),(127,'pagoRealizado','2021-12-21 19:22:41.199308',122,111),(128,'pagoRealizado','2021-12-21 19:26:28.582068',123,112),(129,'pagoRealizado','2021-12-22 10:52:49.210252',124,113),(130,'rechazoParcial','2021-12-22 10:53:46.687806',125,114),(131,'rechazoParcial','2021-12-22 10:54:48.053175',126,115),(132,'enProceso','2021-12-22 10:55:40.863748',127,116),(133,'pagoRechazado','2021-12-22 10:58:28.847464',125,117),(134,'cerrado','2021-12-22 11:00:28.515827',125,118),(135,'pagoRechazado','2021-12-22 11:01:56.373521',126,119),(136,'pagoRealizado','2021-12-22 11:02:51.732438',126,120),(137,'enProceso','2021-12-22 13:11:13.221427',128,121);
/*!40000 ALTER TABLE `reintegros_lotecupon` ENABLE KEYS */;
UNLOCK TABLES;

--
-- Table structure for table `reintegros_prestacion`
--

DROP TABLE IF EXISTS `reintegros_prestacion`;
/*!40101 SET @saved_cs_client     = @@character_set_client */;
/*!50503 SET character_set_client = utf8mb4 */;
CREATE TABLE `reintegros_prestacion` (
  `id` int NOT NULL AUTO_INCREMENT,
  `cantidad` int NOT NULL,
  `coseguroNomenclador` decimal(8,2) NOT NULL,
  `valorIprossNomenclador` decimal(20,2) NOT NULL,
  `valorPrestacion` decimal(20,2) NOT NULL,
  `auditoria_id` int DEFAULT NULL,
  `nomenclador_id` int NOT NULL,
  `prestador_id` int NOT NULL,
  `solicitud_id` int NOT NULL,
  `cobertura` int unsigned NOT NULL,
  `fechaPractica` date DEFAULT NULL,
  `periodo` varchar(20) COLLATE utf8mb4_general_ci NOT NULL,
  `fechaPracticaHasta` date DEFAULT NULL,
  PRIMARY KEY (`id`),
  UNIQUE KEY `auditoria_id` (`auditoria_id`),
  KEY `reintegros_prestacio_nomenclador_id_bfd70ef1_fk_nomenclad` (`nomenclador_id`),
  KEY `reintegros_prestacio_prestador_id_19242fb2_fk_reintegro` (`prestador_id`),
  KEY `reintegros_prestacio_solicitud_id_fb8ef70b_fk_reintegro` (`solicitud_id`),
  CONSTRAINT `reintegros_prestacio_auditoria_id_38788fe8_fk_reintegro` FOREIGN KEY (`auditoria_id`) REFERENCES `reintegros_auditoria` (`id`),
  CONSTRAINT `reintegros_prestacio_nomenclador_id_bfd70ef1_fk_nomenclad` FOREIGN KEY (`nomenclador_id`) REFERENCES `nomenclador_nomenclador` (`id`),
  CONSTRAINT `reintegros_prestacio_prestador_id_19242fb2_fk_reintegro` FOREIGN KEY (`prestador_id`) REFERENCES `reintegros_prestador` (`id`),
  CONSTRAINT `reintegros_prestacio_solicitud_id_fb8ef70b_fk_reintegro` FOREIGN KEY (`solicitud_id`) REFERENCES `reintegros_solicitud` (`id`)
) ENGINE=InnoDB AUTO_INCREMENT=309 DEFAULT CHARSET=utf8mb4 COLLATE=utf8mb4_general_ci;
/*!40101 SET character_set_client = @saved_cs_client */;

--
-- Dumping data for table `reintegros_prestacion`
--

LOCK TABLES `reintegros_prestacion` WRITE;
/*!40000 ALTER TABLE `reintegros_prestacion` DISABLE KEYS */;
INSERT INTO `reintegros_prestacion` VALUES (257,1,0.00,2988.30,123.11,213,1720,15,311,80,'2021-11-16','mensual',NULL),(258,2,0.00,350.44,12.22,212,1745,15,311,80,'2021-11-16','mensual','2021-11-30'),(259,1,0.00,18306.09,147.88,214,2032,15,312,80,'2021-11-15','mensual',NULL),(260,1,0.00,102690.00,50000.00,215,2034,15,313,80,'2021-11-02','porunicavez',NULL),(261,1,0.00,609.60,150.00,217,1751,15,314,80,'2021-11-15','porunicavez',NULL),(262,1,0.00,209.96,122.00,216,3091,15,315,80,'2021-11-08','mensual',NULL),(263,1,0.00,906.40,123.00,219,3169,15,316,80,'2021-11-14','mensual',NULL),(264,1,0.00,8309.10,1233.00,218,1722,15,317,80,'2021-10-20','porunicavez',NULL),(265,1,0.00,353.66,132.00,259,1747,15,318,80,'2021-11-10','mensual','2021-11-30'),(266,1,0.00,18306.09,1233.00,261,2032,15,319,80,'2021-12-03','mensual',NULL),(267,2,0.00,3058.01,15700.00,260,1718,15,320,80,'2021-12-02','mensual',NULL),(268,1,0.00,2988.30,1233.00,220,1720,15,321,80,'2021-12-13','mensual',NULL),(269,1,0.00,116731.00,12300.00,223,2035,15,322,80,'2021-12-03','porunicavez',NULL),(270,1,0.00,18306.09,1222.00,222,2032,15,322,80,'2021-12-06','porunicavez','2021-12-17'),(271,1,0.00,353.66,123.00,221,1747,15,323,80,'2021-12-08','mensual',NULL),(272,1,0.00,121.92,122.00,226,1750,15,324,80,'2021-12-01','trimestral',NULL),(273,1,0.00,60.96,55.00,224,1757,15,325,80,'2021-12-02','porunicavez','2021-12-22'),(274,5,0.00,51.50,33.00,225,3175,15,325,80,'2021-12-09','trimestral',NULL),(275,3,0.00,515.37,123.00,227,1743,15,326,80,'2021-12-02','mensual',NULL),(276,2,0.00,28277.70,1233.00,228,2033,15,327,80,'2021-12-15','porunicavez',NULL),(277,10,0.00,487.68,333.00,229,1752,15,327,80,'2021-12-13','bimestral','2021-12-25'),(278,6,0.00,617.00,331.00,230,1744,15,328,80,'2021-12-08','bimestral',NULL),(279,4,0.00,353.66,213.00,231,1747,15,329,80,'2021-12-16','mensual',NULL),(280,1,0.00,116731.00,1233.00,232,2035,15,330,80,'2021-12-07','porunicavez',NULL),(281,1,0.00,18306.09,12333.00,233,2032,15,331,80,'2021-12-16','porunicavez',NULL),(282,1,0.00,28277.70,13333.00,234,2033,15,332,80,'2021-12-09','porunicavez','2021-12-21'),(283,1,0.00,116731.00,1233333.00,235,2035,15,333,80,'2021-12-15','porunicavez',NULL),(284,1,0.00,28277.70,123423.00,236,2033,15,334,80,'2021-12-06','porunicavez',NULL),(285,3,0.00,353.66,123.00,237,1747,15,335,80,'2021-12-15','porunicavez',NULL),(286,3,0.00,353.66,123.00,241,1747,15,336,80,'2021-12-15','porunicavez',NULL),(287,1,0.00,4958.03,1000.00,238,1729,15,337,80,'2021-12-16','trimestral',NULL),(288,1,0.00,18306.09,1233.00,239,2032,15,338,80,'2021-12-16','porunicavez',NULL),(289,1,0.00,2988.30,1050.00,240,1720,15,339,80,'2021-12-10','porunicavez',NULL),(290,1,0.00,3596.86,133.00,242,1739,15,340,80,'2021-12-13','mensual',NULL),(291,3,0.00,209.96,123.00,243,3091,15,341,80,'2021-12-13','porunicavez',NULL),(292,5,0.00,116731.00,12333.00,244,2035,15,342,80,'2021-12-08','porunicavez',NULL),(293,3,0.00,353.66,123.00,245,1747,15,343,80,'2021-12-08','porunicavez',NULL),(294,1,0.00,28277.70,12333.00,246,2033,15,344,80,'2021-12-07','porunicavez','2021-12-25'),(295,1,0.00,8309.10,10000.00,258,1724,15,345,80,'2021-12-14','mensual','2021-12-28'),(296,1,0.00,28277.70,1233.00,247,2033,15,346,80,'2021-12-07','porunicavez',NULL),(297,3,0.00,609.60,123.00,248,1751,15,347,80,'2021-12-14','mensual',NULL),(298,1,0.00,390.53,123.00,249,3097,15,347,80,'2021-11-10','porunicavez','2021-12-31'),(299,9,0.00,353.66,123.00,250,1747,15,348,80,'2021-12-07','cuatrimestral',NULL),(300,2,0.00,210.00,33.00,251,3095,15,348,80,'2021-10-23','porunicavez','2021-12-31'),(301,3,0.00,617.00,333.00,263,1744,15,349,80,'2021-12-16','porunicavez',NULL),(302,5,0.00,60.96,33.00,262,1757,15,349,100,'2021-12-15','porunicavez',NULL),(303,1,0.00,28277.70,12333.00,252,2033,15,350,80,'2021-12-07','porunicavez',NULL),(304,9,0.00,60.96,123.00,253,1757,15,350,80,'2021-12-08','mensual',NULL),(305,3,0.00,350.44,123.00,254,1745,15,351,80,'2021-12-15','porunicavez',NULL),(306,1,0.00,116731.00,123000.00,255,2035,15,352,80,'2021-11-10','porunicavez',NULL),(307,2,0.00,28277.70,12333.00,256,2033,15,353,80,'2021-10-28','porunicavez',NULL),(308,1,0.00,8500.00,5000.00,257,1732,15,354,80,'2021-12-09','porunicavez',NULL);
/*!40000 ALTER TABLE `reintegros_prestacion` ENABLE KEYS */;
UNLOCK TABLES;

--
-- Table structure for table `reintegros_prestador`
--

DROP TABLE IF EXISTS `reintegros_prestador`;
/*!40101 SET @saved_cs_client     = @@character_set_client */;
/*!50503 SET character_set_client = utf8mb4 */;
CREATE TABLE `reintegros_prestador` (
  `id` int NOT NULL AUTO_INCREMENT,
  `matricula` varchar(70) CHARACTER SET utf8mb4 COLLATE utf8mb4_general_ci NOT NULL,
  `apellido` varchar(100) COLLATE utf8mb4_general_ci NOT NULL,
  `areaDes` varchar(100) COLLATE utf8mb4_general_ci DEFAULT NULL,
  `domicilio` varchar(200) COLLATE utf8mb4_general_ci DEFAULT NULL,
  `especialidadDes` varchar(100) COLLATE utf8mb4_general_ci DEFAULT NULL,
  `fechaNacimiento` date DEFAULT NULL,
  `folio` smallint unsigned NOT NULL,
  `institucionDes` varchar(100) COLLATE utf8mb4_general_ci DEFAULT NULL,
  `libro` varchar(3) COLLATE utf8mb4_general_ci NOT NULL,
  `localidadDes` varchar(100) COLLATE utf8mb4_general_ci NOT NULL,
  `lugarNacimiento` varchar(100) COLLATE utf8mb4_general_ci DEFAULT NULL,
  `matCondicionMatricula` varchar(100) COLLATE utf8mb4_general_ci DEFAULT NULL,
  `matFechaExpededTitulo` date DEFAULT NULL,
  `matFechaRegistro` date DEFAULT NULL,
  `matTipoRegistro` varchar(100) COLLATE utf8mb4_general_ci DEFAULT NULL,
  `nacionalidad` varchar(70) COLLATE utf8mb4_general_ci DEFAULT NULL,
  `nombre` varchar(100) COLLATE utf8mb4_general_ci NOT NULL,
  `nroDocumento` varchar(9) COLLATE utf8mb4_general_ci DEFAULT NULL,
  `nroMatricula` smallint unsigned NOT NULL,
  `perEstado` varchar(100) COLLATE utf8mb4_general_ci DEFAULT NULL,
  `profEstado` varchar(23) COLLATE utf8mb4_general_ci NOT NULL,
  `sexoSisa` varchar(20) COLLATE utf8mb4_general_ci DEFAULT NULL,
  `tipoDocumento` varchar(20) COLLATE utf8mb4_general_ci DEFAULT NULL,
  `tituloDes` varchar(100) COLLATE utf8mb4_general_ci DEFAULT NULL,
  PRIMARY KEY (`id`),
  UNIQUE KEY `reintegros_prestador_matricula_4a99fc18_uniq` (`matricula`),
  CONSTRAINT `reintegros_prestador_chk_1` CHECK ((`folio` >= 0)),
  CONSTRAINT `reintegros_prestador_chk_3` CHECK ((`nroMatricula` >= 0))
) ENGINE=InnoDB AUTO_INCREMENT=16 DEFAULT CHARSET=utf8mb4 COLLATE=utf8mb4_general_ci;
/*!40101 SET character_set_client = @saved_cs_client */;

--
-- Dumping data for table `reintegros_prestador`
--

LOCK TABLES `reintegros_prestador` WRITE;
/*!40000 ALTER TABLE `reintegros_prestador` DISABLE KEYS */;
INSERT INTO `reintegros_prestador` VALUES (15,'2013','Agustin',NULL,NULL,'Test',NULL,3,NULL,'01','16',NULL,NULL,NULL,NULL,NULL,NULL,'Kloster',NULL,2,NULL,'alta',NULL,NULL,NULL);
/*!40000 ALTER TABLE `reintegros_prestador` ENABLE KEYS */;
UNLOCK TABLES;

--
-- Table structure for table `reintegros_solicitud`
--

DROP TABLE IF EXISTS `reintegros_solicitud`;
/*!40101 SET @saved_cs_client     = @@character_set_client */;
/*!50503 SET character_set_client = utf8mb4 */;
CREATE TABLE `reintegros_solicitud` (
  `id` int NOT NULL AUTO_INCREMENT,
  `estadoActual` varchar(18) CHARACTER SET utf8mb4 COLLATE utf8mb4_general_ci NOT NULL,
  `fechaAlta` datetime(6) NOT NULL,
  `afiliado_id` int NOT NULL,
  `delegacion_id` int NOT NULL,
  `tipo` varchar(10) COLLATE utf8mb4_general_ci NOT NULL,
  `source` varchar(15) COLLATE utf8mb4_general_ci NOT NULL,
  `cuenta_id` int DEFAULT NULL,
  `factura_id` int DEFAULT NULL,
  `discapacitado` tinyint(1) NOT NULL,
  PRIMARY KEY (`id`),
  UNIQUE KEY `cuenta_id` (`cuenta_id`),
  UNIQUE KEY `factura_id` (`factura_id`),
  KEY `reintegros_solicitud_afiliado_id_57a080a9_fk_reintegro` (`afiliado_id`),
  KEY `reintegros_solicitud_delegacion_id_269f45e8_fk_reintegro` (`delegacion_id`),
  CONSTRAINT `reintegros_solicitud_afiliado_id_57a080a9_fk_reintegro` FOREIGN KEY (`afiliado_id`) REFERENCES `reintegros_afiliado` (`id`),
  CONSTRAINT `reintegros_solicitud_cuenta_id_b4796a9a_fk_reintegro` FOREIGN KEY (`cuenta_id`) REFERENCES `reintegros_cuentasolicitud` (`id`),
  CONSTRAINT `reintegros_solicitud_delegacion_id_269f45e8_fk_reintegro` FOREIGN KEY (`delegacion_id`) REFERENCES `reintegros_delegacion` (`id`),
  CONSTRAINT `reintegros_solicitud_factura_id_ba323ea4_fk_reintegro` FOREIGN KEY (`factura_id`) REFERENCES `reintegros_factura` (`id`)
) ENGINE=InnoDB AUTO_INCREMENT=355 DEFAULT CHARSET=utf8mb4 COLLATE=utf8mb4_general_ci;
/*!40101 SET character_set_client = @saved_cs_client */;

--
-- Dumping data for table `reintegros_solicitud`
--

LOCK TABLES `reintegros_solicitud` WRITE;
/*!40000 ALTER TABLE `reintegros_solicitud` DISABLE KEYS */;
INSERT INTO `reintegros_solicitud` VALUES (311,'sinPagos','2021-11-23 13:14:10.705369',34,41,'noJudicial','interna',230,510,0),(312,'sinPagos','2021-11-23 13:19:47.917405',34,41,'noJudicial','interna',231,511,0),(313,'sinPagos','2021-11-23 13:28:36.720987',34,41,'noJudicial','interna',232,512,0),(314,'sinPagos','2021-11-23 13:40:28.427990',34,41,'noJudicial','interna',233,513,0),(315,'sinPagos','2021-11-23 13:42:39.421424',34,41,'noJudicial','interna',234,514,1),(316,'sinPagos','2021-11-23 13:44:52.602059',34,41,'judicial','interna',235,515,1),(317,'sinPagos','2021-11-23 13:45:30.703417',34,26,'noJudicial','interna',236,516,0),(318,'sinPagos','2021-11-25 12:39:39.933691',34,41,'noJudicial','interna',237,517,0),(319,'sinPagos','2021-12-10 17:31:23.998967',34,41,'noJudicial','interna',238,518,0),(320,'sinPagos','2021-12-14 17:38:05.169108',34,41,'noJudicial','interna',239,519,0),(321,'sinPagos','2021-12-15 11:37:11.065799',34,41,'noJudicial','interna',240,520,0),(322,'pagoParcial','2021-12-16 10:44:42.944649',34,41,'noJudicial','interna',241,521,0),(323,'sinPagos','2021-12-16 10:49:27.053110',34,41,'noJudicial','interna',242,522,1),(324,'pagoTotal','2021-12-16 10:52:27.933947',34,1,'noJudicial','interna',243,523,1),(325,'pagoTotal','2021-12-16 10:54:48.463214',34,3,'judicial','interna',244,524,1),(326,'pagoTotal','2021-12-16 11:05:46.140594',30,41,'noJudicial','interna',245,525,0),(327,'pagoTotal','2021-12-17 18:14:16.311433',30,41,'noJudicial','interna',246,526,0),(328,'sinPagos','2021-12-17 18:15:31.881063',30,41,'noJudicial','interna',247,527,0),(329,'pagoTotal','2021-12-17 18:36:47.767664',30,41,'noJudicial','interna',248,528,0),(330,'sinPagos','2021-12-17 18:56:32.913974',30,41,'noJudicial','interna',249,529,0),(331,'pagoTotal','2021-12-17 20:47:57.752677',30,41,'noJudicial','interna',250,530,0),(332,'sinPagos','2021-12-17 20:49:52.629453',30,41,'noJudicial','interna',251,531,0),(333,'sinPagos','2021-12-17 20:58:36.515615',34,1,'noJudicial','interna',252,532,0),(334,'sinPagos','2021-12-17 21:01:19.147825',31,41,'noJudicial','interna',253,533,1),(335,'sinPagos','2021-12-17 21:18:35.231076',31,41,'noJudicial','interna',254,534,0),(336,'sinPagos','2021-12-17 21:45:50.957754',31,41,'noJudicial','interna',255,535,0),(337,'sinPagos','2021-12-17 21:46:24.981310',34,41,'noJudicial','interna',256,536,0),(338,'sinPagos','2021-12-17 21:58:57.505732',34,41,'noJudicial','interna',257,537,0),(339,'sinPagos','2021-12-20 13:09:53.812434',34,41,'noJudicial','interna',258,538,1),(340,'pagoTotal','2021-12-20 17:38:05.533061',34,41,'noJudicial','interna',259,539,0),(341,'sinPagos','2021-12-20 17:40:45.520330',34,41,'noJudicial','interna',260,540,0),(342,'pagoTotal','2021-12-20 17:46:00.586237',34,41,'noJudicial','interna',261,541,0),(343,'pagoTotal','2021-12-21 11:18:50.464960',34,41,'noJudicial','interna',262,542,0),(344,'sinPagos','2021-12-21 11:19:37.986691',34,41,'noJudicial','interna',263,543,1),(345,'sinPagos','2021-12-21 13:48:24.940287',38,41,'noJudicial','interna',264,544,0),(346,'pagoTotal','2021-12-21 19:14:13.848646',34,41,'judicial','interna',265,545,0),(347,'pagoTotal','2021-12-21 19:22:09.937007',34,41,'noJudicial','interna',266,546,0),(348,'pagoParcial','2021-12-21 19:25:12.795517',34,41,'noJudicial','interna',267,547,0),(349,'sinPagos','2021-12-21 19:52:31.208113',34,41,'noJudicial','interna',268,548,0),(350,'pagoParcial','2021-12-22 10:51:46.933998',34,41,'noJudicial','interna',269,549,0),(351,'sinPagos','2021-12-22 10:53:26.174352',34,41,'noJudicial','interna',270,550,1),(352,'pagoTotal','2021-12-22 10:54:27.598329',34,41,'noJudicial','interna',271,551,0),(353,'sinPagos','2021-12-22 10:55:19.441481',34,29,'noJudicial','interna',272,552,0),(354,'sinPagos','2021-12-22 12:16:14.057559',34,41,'noJudicial','interna',273,553,0);
/*!40000 ALTER TABLE `reintegros_solicitud` ENABLE KEYS */;
UNLOCK TABLES;

--
-- Table structure for table `usuario_notificacion`
--

DROP TABLE IF EXISTS `usuario_notificacion`;
/*!40101 SET @saved_cs_client     = @@character_set_client */;
/*!50503 SET character_set_client = utf8mb4 */;
CREATE TABLE `usuario_notificacion` (
  `id` int NOT NULL AUTO_INCREMENT,
  `titulo` varchar(50) NOT NULL,
  `mensaje` varchar(90) NOT NULL,
  `fechaDeCreacion` datetime(6) NOT NULL,
  `visto` tinyint(1) NOT NULL,
  `usuario_id` int NOT NULL,
  `tipo` varchar(12) NOT NULL,
  PRIMARY KEY (`id`),
  KEY `usuario_notificacion_usuario_id_850c2a71_fk_usuario_usuario_id` (`usuario_id`),
  CONSTRAINT `usuario_notificacion_usuario_id_850c2a71_fk_usuario_usuario_id` FOREIGN KEY (`usuario_id`) REFERENCES `usuario_usuario` (`id`)
) ENGINE=InnoDB AUTO_INCREMENT=2098 DEFAULT CHARSET=utf8mb4 COLLATE=utf8mb4_0900_ai_ci;
/*!40101 SET character_set_client = @saved_cs_client */;

--
-- Dumping data for table `usuario_notificacion`
--

LOCK TABLES `usuario_notificacion` WRITE;
/*!40000 ALTER TABLE `usuario_notificacion` DISABLE KEYS */;
INSERT INTO `usuario_notificacion` VALUES (1317,'Nueva solicitud','Nueva solicitud de reintegro ingresada: ID 311','2021-11-23 13:14:10.728838',0,1,'solicitud'),(1318,'Nueva solicitud','Nueva solicitud de reintegro ingresada: ID 311','2021-11-23 13:14:10.729933',0,3,'solicitud'),(1319,'Nueva solicitud','Nueva solicitud de reintegro ingresada: ID 311','2021-11-23 13:14:10.730920',0,4,'solicitud'),(1320,'Nueva solicitud','Nueva solicitud de reintegro ingresada: ID 311','2021-11-23 13:14:10.731760',0,5,'solicitud'),(1321,'Nueva solicitud','Nueva solicitud de reintegro ingresada: ID 311','2021-11-23 13:14:10.732755',0,6,'solicitud'),(1322,'Nueva solicitud','Nueva solicitud de reintegro ingresada: ID 311','2021-11-23 13:14:10.733737',0,7,'solicitud'),(1323,'Nueva solicitud','Nueva solicitud de reintegro ingresada: ID 311','2021-11-23 13:14:10.734974',0,8,'solicitud'),(1324,'Nueva solicitud','Nueva solicitud de reintegro ingresada: ID 311','2021-11-23 13:14:10.736014',0,9,'solicitud'),(1325,'Nueva solicitud','Nueva solicitud de reintegro ingresada: ID 311','2021-11-23 13:14:10.736951',0,10,'solicitud'),(1326,'Nueva autorización generada','Solicitud de reintegro aprobada: ID 92','2021-11-23 13:14:43.562706',0,1,'autorizacion'),(1327,'Nueva autorización generada','Solicitud de reintegro aprobada: ID 92','2021-11-23 13:14:43.570407',0,3,'autorizacion'),(1328,'Nueva autorización generada','Solicitud de reintegro aprobada: ID 92','2021-11-23 13:14:43.577972',0,4,'autorizacion'),(1329,'Nueva autorización generada','Solicitud de reintegro aprobada: ID 92','2021-11-23 13:14:43.584591',0,5,'autorizacion'),(1330,'Nueva autorización generada','Solicitud de reintegro aprobada: ID 92','2021-11-23 13:14:43.590372',0,6,'autorizacion'),(1331,'Nueva autorización generada','Solicitud de reintegro aprobada: ID 92','2021-11-23 13:14:43.597109',0,7,'autorizacion'),(1332,'Nueva autorización generada','Solicitud de reintegro aprobada: ID 92','2021-11-23 13:14:43.603748',0,8,'autorizacion'),(1333,'Nueva autorización generada','Solicitud de reintegro aprobada: ID 92','2021-11-23 13:14:43.610507',0,9,'autorizacion'),(1334,'Nueva autorización generada','Solicitud de reintegro aprobada: ID 92','2021-11-23 13:14:43.616984',0,10,'autorizacion'),(1335,'Nueva solicitud','Nueva solicitud de reintegro ingresada: ID 312','2021-11-23 13:19:47.933513',0,1,'solicitud'),(1336,'Nueva solicitud','Nueva solicitud de reintegro ingresada: ID 312','2021-11-23 13:19:47.934708',0,3,'solicitud'),(1337,'Nueva solicitud','Nueva solicitud de reintegro ingresada: ID 312','2021-11-23 13:19:47.935727',0,4,'solicitud'),(1338,'Nueva solicitud','Nueva solicitud de reintegro ingresada: ID 312','2021-11-23 13:19:47.936702',0,5,'solicitud'),(1339,'Nueva solicitud','Nueva solicitud de reintegro ingresada: ID 312','2021-11-23 13:19:47.938778',0,6,'solicitud'),(1340,'Nueva solicitud','Nueva solicitud de reintegro ingresada: ID 312','2021-11-23 13:19:47.939771',0,7,'solicitud'),(1341,'Nueva solicitud','Nueva solicitud de reintegro ingresada: ID 312','2021-11-23 13:19:47.940749',0,8,'solicitud'),(1342,'Nueva solicitud','Nueva solicitud de reintegro ingresada: ID 312','2021-11-23 13:19:47.943023',0,9,'solicitud'),(1343,'Nueva solicitud','Nueva solicitud de reintegro ingresada: ID 312','2021-11-23 13:19:47.944011',0,10,'solicitud'),(1344,'Nueva solicitud','Nueva solicitud de reintegro ingresada: ID 313','2021-11-23 13:28:36.735994',0,1,'solicitud'),(1345,'Nueva solicitud','Nueva solicitud de reintegro ingresada: ID 313','2021-11-23 13:28:36.737018',0,3,'solicitud'),(1346,'Nueva solicitud','Nueva solicitud de reintegro ingresada: ID 313','2021-11-23 13:28:36.737839',0,4,'solicitud'),(1347,'Nueva solicitud','Nueva solicitud de reintegro ingresada: ID 313','2021-11-23 13:28:36.738718',0,5,'solicitud'),(1348,'Nueva solicitud','Nueva solicitud de reintegro ingresada: ID 313','2021-11-23 13:28:36.739628',0,6,'solicitud'),(1349,'Nueva solicitud','Nueva solicitud de reintegro ingresada: ID 313','2021-11-23 13:28:36.741794',0,7,'solicitud'),(1350,'Nueva solicitud','Nueva solicitud de reintegro ingresada: ID 313','2021-11-23 13:28:36.742589',0,8,'solicitud'),(1351,'Nueva solicitud','Nueva solicitud de reintegro ingresada: ID 313','2021-11-23 13:28:36.743384',0,9,'solicitud'),(1352,'Nueva solicitud','Nueva solicitud de reintegro ingresada: ID 313','2021-11-23 13:28:36.744326',0,10,'solicitud'),(1353,'Nueva autorización generada','Solicitud de reintegro aprobada: ID 93','2021-11-23 13:35:27.954720',0,1,'autorizacion'),(1354,'Nueva autorización generada','Solicitud de reintegro aprobada: ID 93','2021-11-23 13:35:27.961260',0,3,'autorizacion'),(1355,'Nueva autorización generada','Solicitud de reintegro aprobada: ID 93','2021-11-23 13:35:27.967656',0,4,'autorizacion'),(1356,'Nueva autorización generada','Solicitud de reintegro aprobada: ID 93','2021-11-23 13:35:27.974317',0,5,'autorizacion'),(1357,'Nueva autorización generada','Solicitud de reintegro aprobada: ID 93','2021-11-23 13:35:27.980557',0,6,'autorizacion'),(1358,'Nueva autorización generada','Solicitud de reintegro aprobada: ID 93','2021-11-23 13:35:27.986788',0,7,'autorizacion'),(1359,'Nueva autorización generada','Solicitud de reintegro aprobada: ID 93','2021-11-23 13:35:27.994493',0,8,'autorizacion'),(1360,'Nueva autorización generada','Solicitud de reintegro aprobada: ID 93','2021-11-23 13:35:28.002742',0,9,'autorizacion'),(1361,'Nueva autorización generada','Solicitud de reintegro aprobada: ID 93','2021-11-23 13:35:28.009906',0,10,'autorizacion'),(1362,'Nueva solicitud','Nueva solicitud de reintegro ingresada: ID 314','2021-11-23 13:40:28.444018',0,1,'solicitud'),(1363,'Nueva solicitud','Nueva solicitud de reintegro ingresada: ID 314','2021-11-23 13:40:28.445001',0,3,'solicitud'),(1364,'Nueva solicitud','Nueva solicitud de reintegro ingresada: ID 314','2021-11-23 13:40:28.445893',0,4,'solicitud'),(1365,'Nueva solicitud','Nueva solicitud de reintegro ingresada: ID 314','2021-11-23 13:40:28.447230',0,5,'solicitud'),(1366,'Nueva solicitud','Nueva solicitud de reintegro ingresada: ID 314','2021-11-23 13:40:28.448166',0,6,'solicitud'),(1367,'Nueva solicitud','Nueva solicitud de reintegro ingresada: ID 314','2021-11-23 13:40:28.449181',0,7,'solicitud'),(1368,'Nueva solicitud','Nueva solicitud de reintegro ingresada: ID 314','2021-11-23 13:40:28.450212',0,8,'solicitud'),(1369,'Nueva solicitud','Nueva solicitud de reintegro ingresada: ID 314','2021-11-23 13:40:28.452430',0,9,'solicitud'),(1370,'Nueva solicitud','Nueva solicitud de reintegro ingresada: ID 314','2021-11-23 13:40:28.453457',0,10,'solicitud'),(1371,'Nueva solicitud','Nueva solicitud de reintegro ingresada: ID 315','2021-11-23 13:42:39.438542',0,1,'solicitud'),(1372,'Nueva solicitud','Nueva solicitud de reintegro ingresada: ID 315','2021-11-23 13:42:39.439669',0,3,'solicitud'),(1373,'Nueva solicitud','Nueva solicitud de reintegro ingresada: ID 315','2021-11-23 13:42:39.440691',0,4,'solicitud'),(1374,'Nueva solicitud','Nueva solicitud de reintegro ingresada: ID 315','2021-11-23 13:42:39.441625',0,5,'solicitud'),(1375,'Nueva solicitud','Nueva solicitud de reintegro ingresada: ID 315','2021-11-23 13:42:39.442670',0,6,'solicitud'),(1376,'Nueva solicitud','Nueva solicitud de reintegro ingresada: ID 315','2021-11-23 13:42:39.443596',0,7,'solicitud'),(1377,'Nueva solicitud','Nueva solicitud de reintegro ingresada: ID 315','2021-11-23 13:42:39.444563',0,8,'solicitud'),(1378,'Nueva solicitud','Nueva solicitud de reintegro ingresada: ID 315','2021-11-23 13:42:39.445569',0,9,'solicitud'),(1379,'Nueva solicitud','Nueva solicitud de reintegro ingresada: ID 315','2021-11-23 13:42:39.446977',0,10,'solicitud'),(1380,'Nueva autorización generada','Solicitud de reintegro aprobada: ID 94','2021-11-23 13:43:47.960020',0,1,'autorizacion'),(1381,'Nueva autorización generada','Solicitud de reintegro aprobada: ID 94','2021-11-23 13:43:47.967028',0,3,'autorizacion'),(1382,'Nueva autorización generada','Solicitud de reintegro aprobada: ID 94','2021-11-23 13:43:47.973482',0,4,'autorizacion'),(1383,'Nueva autorización generada','Solicitud de reintegro aprobada: ID 94','2021-11-23 13:43:47.980672',0,5,'autorizacion'),(1384,'Nueva autorización generada','Solicitud de reintegro aprobada: ID 94','2021-11-23 13:43:47.986924',0,6,'autorizacion'),(1385,'Nueva autorización generada','Solicitud de reintegro aprobada: ID 94','2021-11-23 13:43:47.994251',0,7,'autorizacion'),(1386,'Nueva autorización generada','Solicitud de reintegro aprobada: ID 94','2021-11-23 13:43:48.001233',0,8,'autorizacion'),(1387,'Nueva autorización generada','Solicitud de reintegro aprobada: ID 94','2021-11-23 13:43:48.007998',0,9,'autorizacion'),(1388,'Nueva autorización generada','Solicitud de reintegro aprobada: ID 94','2021-11-23 13:43:48.014350',0,10,'autorizacion'),(1389,'Nueva autorización generada','Solicitud de reintegro aprobada: ID 95','2021-11-23 13:43:59.248017',0,1,'autorizacion'),(1390,'Nueva autorización generada','Solicitud de reintegro aprobada: ID 95','2021-11-23 13:43:59.254528',0,3,'autorizacion'),(1391,'Nueva autorización generada','Solicitud de reintegro aprobada: ID 95','2021-11-23 13:43:59.261142',0,4,'autorizacion'),(1392,'Nueva autorización generada','Solicitud de reintegro aprobada: ID 95','2021-11-23 13:43:59.268120',0,5,'autorizacion'),(1393,'Nueva autorización generada','Solicitud de reintegro aprobada: ID 95','2021-11-23 13:43:59.275150',0,6,'autorizacion'),(1394,'Nueva autorización generada','Solicitud de reintegro aprobada: ID 95','2021-11-23 13:43:59.282443',0,7,'autorizacion'),(1395,'Nueva autorización generada','Solicitud de reintegro aprobada: ID 95','2021-11-23 13:43:59.289003',0,8,'autorizacion'),(1396,'Nueva autorización generada','Solicitud de reintegro aprobada: ID 95','2021-11-23 13:43:59.295550',0,9,'autorizacion'),(1397,'Nueva autorización generada','Solicitud de reintegro aprobada: ID 95','2021-11-23 13:43:59.302028',0,10,'autorizacion'),(1398,'Nueva solicitud','Nueva solicitud de reintegro ingresada: ID 316','2021-11-23 13:44:52.617171',0,1,'solicitud'),(1399,'Nueva solicitud','Nueva solicitud de reintegro ingresada: ID 316','2021-11-23 13:44:52.618639',0,3,'solicitud'),(1400,'Nueva solicitud','Nueva solicitud de reintegro ingresada: ID 316','2021-11-23 13:44:52.620812',0,4,'solicitud'),(1401,'Nueva solicitud','Nueva solicitud de reintegro ingresada: ID 316','2021-11-23 13:44:52.621774',0,5,'solicitud'),(1402,'Nueva solicitud','Nueva solicitud de reintegro ingresada: ID 316','2021-11-23 13:44:52.622802',0,6,'solicitud'),(1403,'Nueva solicitud','Nueva solicitud de reintegro ingresada: ID 316','2021-11-23 13:44:52.623766',0,7,'solicitud'),(1404,'Nueva solicitud','Nueva solicitud de reintegro ingresada: ID 316','2021-11-23 13:44:52.624637',0,8,'solicitud'),(1405,'Nueva solicitud','Nueva solicitud de reintegro ingresada: ID 316','2021-11-23 13:44:52.625600',0,9,'solicitud'),(1406,'Nueva solicitud','Nueva solicitud de reintegro ingresada: ID 316','2021-11-23 13:44:52.626549',0,10,'solicitud'),(1407,'Nueva solicitud','Nueva solicitud de reintegro ingresada: ID 317','2021-11-23 13:45:30.718604',0,1,'solicitud'),(1408,'Nueva solicitud','Nueva solicitud de reintegro ingresada: ID 317','2021-11-23 13:45:30.719575',0,3,'solicitud'),(1409,'Nueva solicitud','Nueva solicitud de reintegro ingresada: ID 317','2021-11-23 13:45:30.720392',0,4,'solicitud'),(1410,'Nueva solicitud','Nueva solicitud de reintegro ingresada: ID 317','2021-11-23 13:45:30.721354',0,5,'solicitud'),(1411,'Nueva solicitud','Nueva solicitud de reintegro ingresada: ID 317','2021-11-23 13:45:30.722371',0,6,'solicitud'),(1412,'Nueva solicitud','Nueva solicitud de reintegro ingresada: ID 317','2021-11-23 13:45:30.723377',0,7,'solicitud'),(1413,'Nueva solicitud','Nueva solicitud de reintegro ingresada: ID 317','2021-11-23 13:45:30.724335',0,8,'solicitud'),(1414,'Nueva solicitud','Nueva solicitud de reintegro ingresada: ID 317','2021-11-23 13:45:30.725278',0,9,'solicitud'),(1415,'Nueva solicitud','Nueva solicitud de reintegro ingresada: ID 317','2021-11-23 13:45:30.726191',0,10,'solicitud'),(1416,'Nueva autorización generada','Solicitud de reintegro aprobada: ID 96','2021-11-23 13:49:18.404154',0,1,'autorizacion'),(1417,'Nueva autorización generada','Solicitud de reintegro aprobada: ID 96','2021-11-23 13:49:18.413275',0,3,'autorizacion'),(1418,'Nueva autorización generada','Solicitud de reintegro aprobada: ID 96','2021-11-23 13:49:18.419896',0,4,'autorizacion'),(1419,'Nueva autorización generada','Solicitud de reintegro aprobada: ID 96','2021-11-23 13:49:18.427250',0,5,'autorizacion'),(1420,'Nueva autorización generada','Solicitud de reintegro aprobada: ID 96','2021-11-23 13:49:18.433539',0,6,'autorizacion'),(1421,'Nueva autorización generada','Solicitud de reintegro aprobada: ID 96','2021-11-23 13:49:18.440080',0,7,'autorizacion'),(1422,'Nueva autorización generada','Solicitud de reintegro aprobada: ID 96','2021-11-23 13:49:18.446087',0,8,'autorizacion'),(1423,'Nueva autorización generada','Solicitud de reintegro aprobada: ID 96','2021-11-23 13:49:18.453735',0,9,'autorizacion'),(1424,'Nueva autorización generada','Solicitud de reintegro aprobada: ID 96','2021-11-23 13:49:18.460266',0,10,'autorizacion'),(1425,'Nueva autorización generada','Solicitud de reintegro aprobada: ID 97','2021-11-23 13:50:04.327095',0,1,'autorizacion'),(1426,'Nueva autorización generada','Solicitud de reintegro aprobada: ID 97','2021-11-23 13:50:04.333556',0,3,'autorizacion'),(1427,'Nueva autorización generada','Solicitud de reintegro aprobada: ID 97','2021-11-23 13:50:04.339923',0,4,'autorizacion'),(1428,'Nueva autorización generada','Solicitud de reintegro aprobada: ID 97','2021-11-23 13:50:04.346670',0,5,'autorizacion'),(1429,'Nueva autorización generada','Solicitud de reintegro aprobada: ID 97','2021-11-23 13:50:04.353114',0,6,'autorizacion'),(1430,'Nueva autorización generada','Solicitud de reintegro aprobada: ID 97','2021-11-23 13:50:04.359407',0,7,'autorizacion'),(1431,'Nueva autorización generada','Solicitud de reintegro aprobada: ID 97','2021-11-23 13:50:04.365642',0,8,'autorizacion'),(1432,'Nueva autorización generada','Solicitud de reintegro aprobada: ID 97','2021-11-23 13:50:04.372959',0,9,'autorizacion'),(1433,'Nueva autorización generada','Solicitud de reintegro aprobada: ID 97','2021-11-23 13:50:04.379583',0,10,'autorizacion'),(1434,'Nueva solicitud','Nueva solicitud de reintegro ingresada: ID 318','2021-11-25 12:39:39.950283',0,1,'solicitud'),(1435,'Nueva solicitud','Nueva solicitud de reintegro ingresada: ID 318','2021-11-25 12:39:39.951212',0,3,'solicitud'),(1436,'Nueva solicitud','Nueva solicitud de reintegro ingresada: ID 318','2021-11-25 12:39:39.951999',0,4,'solicitud'),(1437,'Nueva solicitud','Nueva solicitud de reintegro ingresada: ID 318','2021-11-25 12:39:39.952866',0,5,'solicitud'),(1438,'Nueva solicitud','Nueva solicitud de reintegro ingresada: ID 318','2021-11-25 12:39:39.953798',0,6,'solicitud'),(1439,'Nueva solicitud','Nueva solicitud de reintegro ingresada: ID 318','2021-11-25 12:39:39.954782',0,7,'solicitud'),(1440,'Nueva solicitud','Nueva solicitud de reintegro ingresada: ID 318','2021-11-25 12:39:39.955671',0,8,'solicitud'),(1441,'Nueva solicitud','Nueva solicitud de reintegro ingresada: ID 318','2021-11-25 12:39:39.956598',0,9,'solicitud'),(1442,'Nueva solicitud','Nueva solicitud de reintegro ingresada: ID 318','2021-11-25 12:39:39.957530',0,10,'solicitud'),(1443,'Nueva solicitud','Nueva solicitud de reintegro ingresada: ID 319','2021-12-10 17:31:24.015701',0,1,'solicitud'),(1444,'Nueva solicitud','Nueva solicitud de reintegro ingresada: ID 319','2021-12-10 17:31:24.016630',0,3,'solicitud'),(1445,'Nueva solicitud','Nueva solicitud de reintegro ingresada: ID 319','2021-12-10 17:31:24.017417',0,4,'solicitud'),(1446,'Nueva solicitud','Nueva solicitud de reintegro ingresada: ID 319','2021-12-10 17:31:24.018318',0,5,'solicitud'),(1447,'Nueva solicitud','Nueva solicitud de reintegro ingresada: ID 319','2021-12-10 17:31:24.019116',0,6,'solicitud'),(1448,'Nueva solicitud','Nueva solicitud de reintegro ingresada: ID 319','2021-12-10 17:31:24.020067',0,7,'solicitud'),(1449,'Nueva solicitud','Nueva solicitud de reintegro ingresada: ID 319','2021-12-10 17:31:24.020958',0,8,'solicitud'),(1450,'Nueva solicitud','Nueva solicitud de reintegro ingresada: ID 319','2021-12-10 17:31:24.021755',0,9,'solicitud'),(1451,'Nueva solicitud','Nueva solicitud de reintegro ingresada: ID 319','2021-12-10 17:31:24.023050',0,10,'solicitud'),(1452,'Nueva solicitud','Nueva solicitud de reintegro ingresada: ID 320','2021-12-14 17:38:05.184372',0,1,'solicitud'),(1453,'Nueva solicitud','Nueva solicitud de reintegro ingresada: ID 320','2021-12-14 17:38:05.186205',0,3,'solicitud'),(1454,'Nueva solicitud','Nueva solicitud de reintegro ingresada: ID 320','2021-12-14 17:38:05.187312',0,4,'solicitud'),(1455,'Nueva solicitud','Nueva solicitud de reintegro ingresada: ID 320','2021-12-14 17:38:05.188286',0,5,'solicitud'),(1456,'Nueva solicitud','Nueva solicitud de reintegro ingresada: ID 320','2021-12-14 17:38:05.189289',0,6,'solicitud'),(1457,'Nueva solicitud','Nueva solicitud de reintegro ingresada: ID 320','2021-12-14 17:38:05.190924',0,7,'solicitud'),(1458,'Nueva solicitud','Nueva solicitud de reintegro ingresada: ID 320','2021-12-14 17:38:05.191880',0,8,'solicitud'),(1459,'Nueva solicitud','Nueva solicitud de reintegro ingresada: ID 320','2021-12-14 17:38:05.192759',0,9,'solicitud'),(1460,'Nueva solicitud','Nueva solicitud de reintegro ingresada: ID 320','2021-12-14 17:38:05.193693',0,10,'solicitud'),(1461,'Nueva solicitud','Nueva solicitud de reintegro ingresada: ID 321','2021-12-15 11:37:11.084061',0,1,'solicitud'),(1462,'Nueva solicitud','Nueva solicitud de reintegro ingresada: ID 321','2021-12-15 11:37:11.085186',0,3,'solicitud'),(1463,'Nueva solicitud','Nueva solicitud de reintegro ingresada: ID 321','2021-12-15 11:37:11.086639',0,4,'solicitud'),(1464,'Nueva solicitud','Nueva solicitud de reintegro ingresada: ID 321','2021-12-15 11:37:11.087557',0,5,'solicitud'),(1465,'Nueva solicitud','Nueva solicitud de reintegro ingresada: ID 321','2021-12-15 11:37:11.088405',0,6,'solicitud'),(1466,'Nueva solicitud','Nueva solicitud de reintegro ingresada: ID 321','2021-12-15 11:37:11.089275',0,7,'solicitud'),(1467,'Nueva solicitud','Nueva solicitud de reintegro ingresada: ID 321','2021-12-15 11:37:11.090547',0,8,'solicitud'),(1468,'Nueva solicitud','Nueva solicitud de reintegro ingresada: ID 321','2021-12-15 11:37:11.091467',0,9,'solicitud'),(1469,'Nueva solicitud','Nueva solicitud de reintegro ingresada: ID 321','2021-12-15 11:37:11.092502',0,10,'solicitud'),(1470,'Nueva autorización generada','Solicitud de reintegro aprobada: ID 98','2021-12-15 11:38:16.010294',0,1,'autorizacion'),(1471,'Nueva autorización generada','Solicitud de reintegro aprobada: ID 98','2021-12-15 11:38:16.017308',0,3,'autorizacion'),(1472,'Nueva autorización generada','Solicitud de reintegro aprobada: ID 98','2021-12-15 11:38:16.023661',0,4,'autorizacion'),(1473,'Nueva autorización generada','Solicitud de reintegro aprobada: ID 98','2021-12-15 11:38:16.030008',0,5,'autorizacion'),(1474,'Nueva autorización generada','Solicitud de reintegro aprobada: ID 98','2021-12-15 11:38:16.037430',0,6,'autorizacion'),(1475,'Nueva autorización generada','Solicitud de reintegro aprobada: ID 98','2021-12-15 11:38:16.042351',0,7,'autorizacion'),(1476,'Nueva autorización generada','Solicitud de reintegro aprobada: ID 98','2021-12-15 11:38:16.048626',0,8,'autorizacion'),(1477,'Nueva autorización generada','Solicitud de reintegro aprobada: ID 98','2021-12-15 11:38:16.055137',0,9,'autorizacion'),(1478,'Nueva autorización generada','Solicitud de reintegro aprobada: ID 98','2021-12-15 11:38:16.062013',0,10,'autorizacion'),(1479,'Nueva solicitud','Nueva solicitud de reintegro ingresada: ID 322','2021-12-16 10:44:42.969996',0,1,'solicitud'),(1480,'Nueva solicitud','Nueva solicitud de reintegro ingresada: ID 322','2021-12-16 10:44:42.971330',0,3,'solicitud'),(1481,'Nueva solicitud','Nueva solicitud de reintegro ingresada: ID 322','2021-12-16 10:44:42.972186',0,4,'solicitud'),(1482,'Nueva solicitud','Nueva solicitud de reintegro ingresada: ID 322','2021-12-16 10:44:42.973153',0,5,'solicitud'),(1483,'Nueva solicitud','Nueva solicitud de reintegro ingresada: ID 322','2021-12-16 10:44:42.974141',0,6,'solicitud'),(1484,'Nueva solicitud','Nueva solicitud de reintegro ingresada: ID 322','2021-12-16 10:44:42.975081',0,7,'solicitud'),(1485,'Nueva solicitud','Nueva solicitud de reintegro ingresada: ID 322','2021-12-16 10:44:42.976490',0,8,'solicitud'),(1486,'Nueva solicitud','Nueva solicitud de reintegro ingresada: ID 322','2021-12-16 10:44:42.977428',0,9,'solicitud'),(1487,'Nueva solicitud','Nueva solicitud de reintegro ingresada: ID 322','2021-12-16 10:44:42.978373',0,10,'solicitud'),(1488,'Nueva solicitud','Nueva solicitud de reintegro ingresada: ID 323','2021-12-16 10:49:27.065355',0,1,'solicitud'),(1489,'Nueva solicitud','Nueva solicitud de reintegro ingresada: ID 323','2021-12-16 10:49:27.066595',0,3,'solicitud'),(1490,'Nueva solicitud','Nueva solicitud de reintegro ingresada: ID 323','2021-12-16 10:49:27.067423',0,4,'solicitud'),(1491,'Nueva solicitud','Nueva solicitud de reintegro ingresada: ID 323','2021-12-16 10:49:27.068287',0,5,'solicitud'),(1492,'Nueva solicitud','Nueva solicitud de reintegro ingresada: ID 323','2021-12-16 10:49:27.069217',0,6,'solicitud'),(1493,'Nueva solicitud','Nueva solicitud de reintegro ingresada: ID 323','2021-12-16 10:49:27.071330',0,7,'solicitud'),(1494,'Nueva solicitud','Nueva solicitud de reintegro ingresada: ID 323','2021-12-16 10:49:27.072312',0,8,'solicitud'),(1495,'Nueva solicitud','Nueva solicitud de reintegro ingresada: ID 323','2021-12-16 10:49:27.073326',0,9,'solicitud'),(1496,'Nueva solicitud','Nueva solicitud de reintegro ingresada: ID 323','2021-12-16 10:49:27.075181',0,10,'solicitud'),(1497,'Nueva autorización generada','Solicitud de reintegro aprobada: ID 99','2021-12-16 10:49:50.088210',0,1,'autorizacion'),(1498,'Nueva autorización generada','Solicitud de reintegro aprobada: ID 99','2021-12-16 10:49:50.094743',0,3,'autorizacion'),(1499,'Nueva autorización generada','Solicitud de reintegro aprobada: ID 99','2021-12-16 10:49:50.104443',0,4,'autorizacion'),(1500,'Nueva autorización generada','Solicitud de reintegro aprobada: ID 99','2021-12-16 10:49:50.110809',0,5,'autorizacion'),(1501,'Nueva autorización generada','Solicitud de reintegro aprobada: ID 99','2021-12-16 10:49:50.117154',0,6,'autorizacion'),(1502,'Nueva autorización generada','Solicitud de reintegro aprobada: ID 99','2021-12-16 10:49:50.123590',0,7,'autorizacion'),(1503,'Nueva autorización generada','Solicitud de reintegro aprobada: ID 99','2021-12-16 10:49:50.130264',0,8,'autorizacion'),(1504,'Nueva autorización generada','Solicitud de reintegro aprobada: ID 99','2021-12-16 10:49:50.136496',0,9,'autorizacion'),(1505,'Nueva autorización generada','Solicitud de reintegro aprobada: ID 99','2021-12-16 10:49:50.142747',0,10,'autorizacion'),(1506,'Nueva autorización generada','Solicitud de reintegro aprobada: ID 100','2021-12-16 10:50:09.157017',0,1,'autorizacion'),(1507,'Nueva autorización generada','Solicitud de reintegro aprobada: ID 100','2021-12-16 10:50:09.163603',0,3,'autorizacion'),(1508,'Nueva autorización generada','Solicitud de reintegro aprobada: ID 100','2021-12-16 10:50:09.169947',0,4,'autorizacion'),(1509,'Nueva autorización generada','Solicitud de reintegro aprobada: ID 100','2021-12-16 10:50:09.176708',0,5,'autorizacion'),(1510,'Nueva autorización generada','Solicitud de reintegro aprobada: ID 100','2021-12-16 10:50:09.183044',0,6,'autorizacion'),(1511,'Nueva autorización generada','Solicitud de reintegro aprobada: ID 100','2021-12-16 10:50:09.189321',0,7,'autorizacion'),(1512,'Nueva autorización generada','Solicitud de reintegro aprobada: ID 100','2021-12-16 10:50:09.194999',0,8,'autorizacion'),(1513,'Nueva autorización generada','Solicitud de reintegro aprobada: ID 100','2021-12-16 10:50:09.201230',0,9,'autorizacion'),(1514,'Nueva autorización generada','Solicitud de reintegro aprobada: ID 100','2021-12-16 10:50:09.207749',0,10,'autorizacion'),(1515,'Nueva solicitud','Nueva solicitud de reintegro ingresada: ID 324','2021-12-16 10:52:27.951412',0,8,'solicitud'),(1516,'Nueva solicitud','Nueva solicitud de reintegro ingresada: ID 324','2021-12-16 10:52:27.952403',0,4,'solicitud'),(1517,'Nueva solicitud','Nueva solicitud de reintegro ingresada: ID 324','2021-12-16 10:52:27.953249',0,5,'solicitud'),(1518,'Nueva solicitud','Nueva solicitud de reintegro ingresada: ID 324','2021-12-16 10:52:27.954211',0,3,'solicitud'),(1519,'Nueva solicitud','Nueva solicitud de reintegro ingresada: ID 324','2021-12-16 10:52:27.955338',0,10,'solicitud'),(1520,'Nueva solicitud','Nueva solicitud de reintegro ingresada: ID 324','2021-12-16 10:52:27.956284',0,7,'solicitud'),(1521,'Nueva solicitud','Nueva solicitud de reintegro ingresada: ID 324','2021-12-16 10:52:27.957112',0,6,'solicitud'),(1522,'Nueva solicitud','Nueva solicitud de reintegro ingresada: ID 324','2021-12-16 10:52:27.958070',0,2,'solicitud'),(1523,'Nueva solicitud','Nueva solicitud de reintegro ingresada: ID 325','2021-12-16 10:54:48.484059',0,1,'solicitud'),(1524,'Nueva solicitud','Nueva solicitud de reintegro ingresada: ID 325','2021-12-16 10:54:48.485320',0,2,'solicitud'),(1525,'Nueva solicitud','Nueva solicitud de reintegro ingresada: ID 325','2021-12-16 10:54:48.486277',0,3,'solicitud'),(1526,'Nueva solicitud','Nueva solicitud de reintegro ingresada: ID 325','2021-12-16 10:54:48.487168',0,4,'solicitud'),(1527,'Nueva solicitud','Nueva solicitud de reintegro ingresada: ID 325','2021-12-16 10:54:48.488143',0,5,'solicitud'),(1528,'Nueva solicitud','Nueva solicitud de reintegro ingresada: ID 325','2021-12-16 10:54:48.489891',0,6,'solicitud'),(1529,'Nueva solicitud','Nueva solicitud de reintegro ingresada: ID 325','2021-12-16 10:54:48.490909',0,7,'solicitud'),(1530,'Nueva solicitud','Nueva solicitud de reintegro ingresada: ID 325','2021-12-16 10:54:48.491818',0,8,'solicitud'),(1531,'Nueva solicitud','Nueva solicitud de reintegro ingresada: ID 325','2021-12-16 10:54:48.492710',0,9,'solicitud'),(1532,'Nueva solicitud','Nueva solicitud de reintegro ingresada: ID 325','2021-12-16 10:54:48.493650',0,10,'solicitud'),(1533,'Nueva solicitud','Nueva solicitud de reintegro ingresada: ID 326','2021-12-16 11:05:46.153149',0,1,'solicitud'),(1534,'Nueva solicitud','Nueva solicitud de reintegro ingresada: ID 326','2021-12-16 11:05:46.154058',0,3,'solicitud'),(1535,'Nueva solicitud','Nueva solicitud de reintegro ingresada: ID 326','2021-12-16 11:05:46.154809',0,4,'solicitud'),(1536,'Nueva solicitud','Nueva solicitud de reintegro ingresada: ID 326','2021-12-16 11:05:46.155777',0,5,'solicitud'),(1537,'Nueva solicitud','Nueva solicitud de reintegro ingresada: ID 326','2021-12-16 11:05:46.156760',0,6,'solicitud'),(1538,'Nueva solicitud','Nueva solicitud de reintegro ingresada: ID 326','2021-12-16 11:05:46.158293',0,7,'solicitud'),(1539,'Nueva solicitud','Nueva solicitud de reintegro ingresada: ID 326','2021-12-16 11:05:46.160032',0,8,'solicitud'),(1540,'Nueva solicitud','Nueva solicitud de reintegro ingresada: ID 326','2021-12-16 11:05:46.160939',0,9,'solicitud'),(1541,'Nueva solicitud','Nueva solicitud de reintegro ingresada: ID 326','2021-12-16 11:05:46.161858',0,10,'solicitud'),(1542,'Nueva autorización generada','Solicitud de reintegro aprobada: ID 101','2021-12-16 11:23:04.386632',0,1,'autorizacion'),(1543,'Nueva autorización generada','Solicitud de reintegro aprobada: ID 101','2021-12-16 11:23:04.395928',0,2,'autorizacion'),(1544,'Nueva autorización generada','Solicitud de reintegro aprobada: ID 101','2021-12-16 11:23:04.402934',0,3,'autorizacion'),(1545,'Nueva autorización generada','Solicitud de reintegro aprobada: ID 101','2021-12-16 11:23:04.409635',0,4,'autorizacion'),(1546,'Nueva autorización generada','Solicitud de reintegro aprobada: ID 101','2021-12-16 11:23:04.417273',0,5,'autorizacion'),(1547,'Nueva autorización generada','Solicitud de reintegro aprobada: ID 101','2021-12-16 11:23:04.425997',0,6,'autorizacion'),(1548,'Nueva autorización generada','Solicitud de reintegro aprobada: ID 101','2021-12-16 11:23:04.433858',0,7,'autorizacion'),(1549,'Nueva autorización generada','Solicitud de reintegro aprobada: ID 101','2021-12-16 11:23:04.442594',0,8,'autorizacion'),(1550,'Nueva autorización generada','Solicitud de reintegro aprobada: ID 101','2021-12-16 11:23:04.451641',0,9,'autorizacion'),(1551,'Nueva autorización generada','Solicitud de reintegro aprobada: ID 101','2021-12-16 11:23:04.459548',0,10,'autorizacion'),(1552,'Nueva autorización generada','Solicitud de reintegro aprobada: ID 102','2021-12-17 17:57:37.503697',0,8,'autorizacion'),(1553,'Nueva autorización generada','Solicitud de reintegro aprobada: ID 102','2021-12-17 17:57:37.510477',0,4,'autorizacion'),(1554,'Nueva autorización generada','Solicitud de reintegro aprobada: ID 102','2021-12-17 17:57:37.518012',0,5,'autorizacion'),(1555,'Nueva autorización generada','Solicitud de reintegro aprobada: ID 102','2021-12-17 17:57:37.524460',0,3,'autorizacion'),(1556,'Nueva autorización generada','Solicitud de reintegro aprobada: ID 102','2021-12-17 17:57:37.531295',0,10,'autorizacion'),(1557,'Nueva autorización generada','Solicitud de reintegro aprobada: ID 102','2021-12-17 17:57:37.537991',0,7,'autorizacion'),(1558,'Nueva autorización generada','Solicitud de reintegro aprobada: ID 102','2021-12-17 17:57:37.544322',0,6,'autorizacion'),(1559,'Nueva autorización generada','Solicitud de reintegro aprobada: ID 102','2021-12-17 17:57:37.551013',0,2,'autorizacion'),(1560,'Nueva autorización generada','Solicitud de reintegro aprobada: ID 103','2021-12-17 17:57:49.115506',0,1,'autorizacion'),(1561,'Nueva autorización generada','Solicitud de reintegro aprobada: ID 103','2021-12-17 17:57:49.123386',0,3,'autorizacion'),(1562,'Nueva autorización generada','Solicitud de reintegro aprobada: ID 103','2021-12-17 17:57:49.132159',0,4,'autorizacion'),(1563,'Nueva autorización generada','Solicitud de reintegro aprobada: ID 103','2021-12-17 17:57:49.138613',0,5,'autorizacion'),(1564,'Nueva autorización generada','Solicitud de reintegro aprobada: ID 103','2021-12-17 17:57:49.145206',0,6,'autorizacion'),(1565,'Nueva autorización generada','Solicitud de reintegro aprobada: ID 103','2021-12-17 17:57:49.150259',0,7,'autorizacion'),(1566,'Nueva autorización generada','Solicitud de reintegro aprobada: ID 103','2021-12-17 17:57:49.157474',0,8,'autorizacion'),(1567,'Nueva autorización generada','Solicitud de reintegro aprobada: ID 103','2021-12-17 17:57:49.165304',0,9,'autorizacion'),(1568,'Nueva autorización generada','Solicitud de reintegro aprobada: ID 103','2021-12-17 17:57:49.171827',0,10,'autorizacion'),(1569,'Nueva solicitud','Nueva solicitud de reintegro ingresada: ID 327','2021-12-17 18:14:16.332447',0,1,'solicitud'),(1570,'Nueva solicitud','Nueva solicitud de reintegro ingresada: ID 327','2021-12-17 18:14:16.333530',0,3,'solicitud'),(1571,'Nueva solicitud','Nueva solicitud de reintegro ingresada: ID 327','2021-12-17 18:14:16.334357',0,4,'solicitud'),(1572,'Nueva solicitud','Nueva solicitud de reintegro ingresada: ID 327','2021-12-17 18:14:16.335106',0,5,'solicitud'),(1573,'Nueva solicitud','Nueva solicitud de reintegro ingresada: ID 327','2021-12-17 18:14:16.335875',0,6,'solicitud'),(1574,'Nueva solicitud','Nueva solicitud de reintegro ingresada: ID 327','2021-12-17 18:14:16.336609',0,7,'solicitud'),(1575,'Nueva solicitud','Nueva solicitud de reintegro ingresada: ID 327','2021-12-17 18:14:16.337407',0,8,'solicitud'),(1576,'Nueva solicitud','Nueva solicitud de reintegro ingresada: ID 327','2021-12-17 18:14:16.338148',0,9,'solicitud'),(1577,'Nueva solicitud','Nueva solicitud de reintegro ingresada: ID 327','2021-12-17 18:14:16.339365',0,10,'solicitud'),(1578,'Nueva autorización generada','Solicitud de reintegro aprobada: ID 104','2021-12-17 18:14:36.035161',0,1,'autorizacion'),(1579,'Nueva autorización generada','Solicitud de reintegro aprobada: ID 104','2021-12-17 18:14:36.042138',0,3,'autorizacion'),(1580,'Nueva autorización generada','Solicitud de reintegro aprobada: ID 104','2021-12-17 18:14:36.049087',0,4,'autorizacion'),(1581,'Nueva autorización generada','Solicitud de reintegro aprobada: ID 104','2021-12-17 18:14:36.055375',0,5,'autorizacion'),(1582,'Nueva autorización generada','Solicitud de reintegro aprobada: ID 104','2021-12-17 18:14:36.062190',0,6,'autorizacion'),(1583,'Nueva autorización generada','Solicitud de reintegro aprobada: ID 104','2021-12-17 18:14:36.069552',0,7,'autorizacion'),(1584,'Nueva autorización generada','Solicitud de reintegro aprobada: ID 104','2021-12-17 18:14:36.076113',0,8,'autorizacion'),(1585,'Nueva autorización generada','Solicitud de reintegro aprobada: ID 104','2021-12-17 18:14:36.082586',0,9,'autorizacion'),(1586,'Nueva autorización generada','Solicitud de reintegro aprobada: ID 104','2021-12-17 18:14:36.089044',0,10,'autorizacion'),(1587,'Nueva solicitud','Nueva solicitud de reintegro ingresada: ID 328','2021-12-17 18:15:31.896640',0,1,'solicitud'),(1588,'Nueva solicitud','Nueva solicitud de reintegro ingresada: ID 328','2021-12-17 18:15:31.897865',0,3,'solicitud'),(1589,'Nueva solicitud','Nueva solicitud de reintegro ingresada: ID 328','2021-12-17 18:15:31.898625',0,4,'solicitud'),(1590,'Nueva solicitud','Nueva solicitud de reintegro ingresada: ID 328','2021-12-17 18:15:31.899557',0,5,'solicitud'),(1591,'Nueva solicitud','Nueva solicitud de reintegro ingresada: ID 328','2021-12-17 18:15:31.900416',0,6,'solicitud'),(1592,'Nueva solicitud','Nueva solicitud de reintegro ingresada: ID 328','2021-12-17 18:15:31.901536',0,7,'solicitud'),(1593,'Nueva solicitud','Nueva solicitud de reintegro ingresada: ID 328','2021-12-17 18:15:31.904844',0,8,'solicitud'),(1594,'Nueva solicitud','Nueva solicitud de reintegro ingresada: ID 328','2021-12-17 18:15:31.905849',0,9,'solicitud'),(1595,'Nueva solicitud','Nueva solicitud de reintegro ingresada: ID 328','2021-12-17 18:15:31.907495',0,10,'solicitud'),(1596,'Nueva autorización generada','Solicitud de reintegro aprobada: ID 105','2021-12-17 18:15:43.112645',0,1,'autorizacion'),(1597,'Nueva autorización generada','Solicitud de reintegro aprobada: ID 105','2021-12-17 18:15:43.119397',0,3,'autorizacion'),(1598,'Nueva autorización generada','Solicitud de reintegro aprobada: ID 105','2021-12-17 18:15:43.133022',0,4,'autorizacion'),(1599,'Nueva autorización generada','Solicitud de reintegro aprobada: ID 105','2021-12-17 18:15:43.139926',0,5,'autorizacion'),(1600,'Nueva autorización generada','Solicitud de reintegro aprobada: ID 105','2021-12-17 18:15:43.147165',0,6,'autorizacion'),(1601,'Nueva autorización generada','Solicitud de reintegro aprobada: ID 105','2021-12-17 18:15:43.153653',0,7,'autorizacion'),(1602,'Nueva autorización generada','Solicitud de reintegro aprobada: ID 105','2021-12-17 18:15:43.160166',0,8,'autorizacion'),(1603,'Nueva autorización generada','Solicitud de reintegro aprobada: ID 105','2021-12-17 18:15:43.166645',0,9,'autorizacion'),(1604,'Nueva autorización generada','Solicitud de reintegro aprobada: ID 105','2021-12-17 18:15:43.174543',0,10,'autorizacion'),(1605,'Nueva solicitud','Nueva solicitud de reintegro ingresada: ID 329','2021-12-17 18:36:47.782135',0,1,'solicitud'),(1606,'Nueva solicitud','Nueva solicitud de reintegro ingresada: ID 329','2021-12-17 18:36:47.783069',0,3,'solicitud'),(1607,'Nueva solicitud','Nueva solicitud de reintegro ingresada: ID 329','2021-12-17 18:36:47.783880',0,4,'solicitud'),(1608,'Nueva solicitud','Nueva solicitud de reintegro ingresada: ID 329','2021-12-17 18:36:47.784745',0,5,'solicitud'),(1609,'Nueva solicitud','Nueva solicitud de reintegro ingresada: ID 329','2021-12-17 18:36:47.785709',0,6,'solicitud'),(1610,'Nueva solicitud','Nueva solicitud de reintegro ingresada: ID 329','2021-12-17 18:36:47.786662',0,7,'solicitud'),(1611,'Nueva solicitud','Nueva solicitud de reintegro ingresada: ID 329','2021-12-17 18:36:47.787541',0,8,'solicitud'),(1612,'Nueva solicitud','Nueva solicitud de reintegro ingresada: ID 329','2021-12-17 18:36:47.788608',0,9,'solicitud'),(1613,'Nueva solicitud','Nueva solicitud de reintegro ingresada: ID 329','2021-12-17 18:36:47.789630',0,10,'solicitud'),(1614,'Nueva autorización generada','Solicitud de reintegro aprobada: ID 106','2021-12-17 18:37:50.333443',0,1,'autorizacion'),(1615,'Nueva autorización generada','Solicitud de reintegro aprobada: ID 106','2021-12-17 18:37:50.340344',0,3,'autorizacion'),(1616,'Nueva autorización generada','Solicitud de reintegro aprobada: ID 106','2021-12-17 18:37:50.346829',0,4,'autorizacion'),(1617,'Nueva autorización generada','Solicitud de reintegro aprobada: ID 106','2021-12-17 18:37:50.352937',0,5,'autorizacion'),(1618,'Nueva autorización generada','Solicitud de reintegro aprobada: ID 106','2021-12-17 18:37:50.359263',0,6,'autorizacion'),(1619,'Nueva autorización generada','Solicitud de reintegro aprobada: ID 106','2021-12-17 18:37:50.365516',0,7,'autorizacion'),(1620,'Nueva autorización generada','Solicitud de reintegro aprobada: ID 106','2021-12-17 18:37:50.372648',0,8,'autorizacion'),(1621,'Nueva autorización generada','Solicitud de reintegro aprobada: ID 106','2021-12-17 18:37:50.378918',0,9,'autorizacion'),(1622,'Nueva autorización generada','Solicitud de reintegro aprobada: ID 106','2021-12-17 18:37:50.385204',0,10,'autorizacion'),(1623,'Nueva solicitud','Nueva solicitud de reintegro ingresada: ID 330','2021-12-17 18:56:32.930750',0,1,'solicitud'),(1624,'Nueva solicitud','Nueva solicitud de reintegro ingresada: ID 330','2021-12-17 18:56:32.931687',0,3,'solicitud'),(1625,'Nueva solicitud','Nueva solicitud de reintegro ingresada: ID 330','2021-12-17 18:56:32.933668',0,4,'solicitud'),(1626,'Nueva solicitud','Nueva solicitud de reintegro ingresada: ID 330','2021-12-17 18:56:32.934764',0,5,'solicitud'),(1627,'Nueva solicitud','Nueva solicitud de reintegro ingresada: ID 330','2021-12-17 18:56:32.935523',0,6,'solicitud'),(1628,'Nueva solicitud','Nueva solicitud de reintegro ingresada: ID 330','2021-12-17 18:56:32.937226',0,7,'solicitud'),(1629,'Nueva solicitud','Nueva solicitud de reintegro ingresada: ID 330','2021-12-17 18:56:32.938253',0,8,'solicitud'),(1630,'Nueva solicitud','Nueva solicitud de reintegro ingresada: ID 330','2021-12-17 18:56:32.939197',0,9,'solicitud'),(1631,'Nueva solicitud','Nueva solicitud de reintegro ingresada: ID 330','2021-12-17 18:56:32.940105',0,10,'solicitud'),(1632,'Nueva autorización generada','Solicitud de reintegro aprobada: ID 107','2021-12-17 18:57:10.860790',0,1,'autorizacion'),(1633,'Nueva autorización generada','Solicitud de reintegro aprobada: ID 107','2021-12-17 18:57:10.867611',0,3,'autorizacion'),(1634,'Nueva autorización generada','Solicitud de reintegro aprobada: ID 107','2021-12-17 18:57:10.874879',0,4,'autorizacion'),(1635,'Nueva autorización generada','Solicitud de reintegro aprobada: ID 107','2021-12-17 18:57:10.881527',0,5,'autorizacion'),(1636,'Nueva autorización generada','Solicitud de reintegro aprobada: ID 107','2021-12-17 18:57:10.887883',0,6,'autorizacion'),(1637,'Nueva autorización generada','Solicitud de reintegro aprobada: ID 107','2021-12-17 18:57:10.894318',0,7,'autorizacion'),(1638,'Nueva autorización generada','Solicitud de reintegro aprobada: ID 107','2021-12-17 18:57:10.901010',0,8,'autorizacion'),(1639,'Nueva autorización generada','Solicitud de reintegro aprobada: ID 107','2021-12-17 18:57:10.907256',0,9,'autorizacion'),(1640,'Nueva autorización generada','Solicitud de reintegro aprobada: ID 107','2021-12-17 18:57:10.913812',0,10,'autorizacion'),(1641,'Nueva solicitud','Nueva solicitud de reintegro ingresada: ID 331','2021-12-17 20:47:57.768186',0,1,'solicitud'),(1642,'Nueva solicitud','Nueva solicitud de reintegro ingresada: ID 331','2021-12-17 20:47:57.769225',0,3,'solicitud'),(1643,'Nueva solicitud','Nueva solicitud de reintegro ingresada: ID 331','2021-12-17 20:47:57.770200',0,4,'solicitud'),(1644,'Nueva solicitud','Nueva solicitud de reintegro ingresada: ID 331','2021-12-17 20:47:57.771084',0,5,'solicitud'),(1645,'Nueva solicitud','Nueva solicitud de reintegro ingresada: ID 331','2021-12-17 20:47:57.772225',0,6,'solicitud'),(1646,'Nueva solicitud','Nueva solicitud de reintegro ingresada: ID 331','2021-12-17 20:47:57.773091',0,7,'solicitud'),(1647,'Nueva solicitud','Nueva solicitud de reintegro ingresada: ID 331','2021-12-17 20:47:57.773998',0,8,'solicitud'),(1648,'Nueva solicitud','Nueva solicitud de reintegro ingresada: ID 331','2021-12-17 20:47:57.774893',0,9,'solicitud'),(1649,'Nueva solicitud','Nueva solicitud de reintegro ingresada: ID 331','2021-12-17 20:47:57.775815',0,10,'solicitud'),(1650,'Nueva autorización generada','Solicitud de reintegro aprobada: ID 108','2021-12-17 20:49:22.803041',0,1,'autorizacion'),(1651,'Nueva autorización generada','Solicitud de reintegro aprobada: ID 108','2021-12-17 20:49:22.809583',0,3,'autorizacion'),(1652,'Nueva autorización generada','Solicitud de reintegro aprobada: ID 108','2021-12-17 20:49:22.816523',0,4,'autorizacion'),(1653,'Nueva autorización generada','Solicitud de reintegro aprobada: ID 108','2021-12-17 20:49:22.822603',0,5,'autorizacion'),(1654,'Nueva autorización generada','Solicitud de reintegro aprobada: ID 108','2021-12-17 20:49:22.829500',0,6,'autorizacion'),(1655,'Nueva autorización generada','Solicitud de reintegro aprobada: ID 108','2021-12-17 20:49:22.835692',0,7,'autorizacion'),(1656,'Nueva autorización generada','Solicitud de reintegro aprobada: ID 108','2021-12-17 20:49:22.842665',0,8,'autorizacion'),(1657,'Nueva autorización generada','Solicitud de reintegro aprobada: ID 108','2021-12-17 20:49:22.849379',0,9,'autorizacion'),(1658,'Nueva autorización generada','Solicitud de reintegro aprobada: ID 108','2021-12-17 20:49:22.855459',0,10,'autorizacion'),(1659,'Nueva solicitud','Nueva solicitud de reintegro ingresada: ID 332','2021-12-17 20:49:52.644416',0,1,'solicitud'),(1660,'Nueva solicitud','Nueva solicitud de reintegro ingresada: ID 332','2021-12-17 20:49:52.645370',0,3,'solicitud'),(1661,'Nueva solicitud','Nueva solicitud de reintegro ingresada: ID 332','2021-12-17 20:49:52.647291',0,4,'solicitud'),(1662,'Nueva solicitud','Nueva solicitud de reintegro ingresada: ID 332','2021-12-17 20:49:52.648302',0,5,'solicitud'),(1663,'Nueva solicitud','Nueva solicitud de reintegro ingresada: ID 332','2021-12-17 20:49:52.649958',0,6,'solicitud'),(1664,'Nueva solicitud','Nueva solicitud de reintegro ingresada: ID 332','2021-12-17 20:49:52.651089',0,7,'solicitud'),(1665,'Nueva solicitud','Nueva solicitud de reintegro ingresada: ID 332','2021-12-17 20:49:52.652079',0,8,'solicitud'),(1666,'Nueva solicitud','Nueva solicitud de reintegro ingresada: ID 332','2021-12-17 20:49:52.653091',0,9,'solicitud'),(1667,'Nueva solicitud','Nueva solicitud de reintegro ingresada: ID 332','2021-12-17 20:49:52.654079',0,10,'solicitud'),(1668,'Nueva solicitud','Nueva solicitud de reintegro ingresada: ID 333','2021-12-17 20:58:36.549255',0,8,'solicitud'),(1669,'Nueva solicitud','Nueva solicitud de reintegro ingresada: ID 333','2021-12-17 20:58:36.550472',0,10,'solicitud'),(1670,'Nueva solicitud','Nueva solicitud de reintegro ingresada: ID 333','2021-12-17 20:58:36.551520',0,7,'solicitud'),(1671,'Nueva solicitud','Nueva solicitud de reintegro ingresada: ID 333','2021-12-17 20:58:36.552621',0,6,'solicitud'),(1672,'Nueva solicitud','Nueva solicitud de reintegro ingresada: ID 333','2021-12-17 20:58:36.553732',0,5,'solicitud'),(1673,'Nueva solicitud','Nueva solicitud de reintegro ingresada: ID 333','2021-12-17 20:58:36.555021',0,4,'solicitud'),(1674,'Nueva solicitud','Nueva solicitud de reintegro ingresada: ID 333','2021-12-17 20:58:36.556179',0,3,'solicitud'),(1675,'Nueva solicitud','Nueva solicitud de reintegro ingresada: ID 333','2021-12-17 20:58:36.557272',0,2,'solicitud'),(1676,'Nueva autorización generada','Solicitud de reintegro aprobada: ID 109','2021-12-17 20:59:39.972604',0,8,'autorizacion'),(1677,'Nueva autorización generada','Solicitud de reintegro aprobada: ID 109','2021-12-17 20:59:39.984012',0,10,'autorizacion'),(1678,'Nueva autorización generada','Solicitud de reintegro aprobada: ID 109','2021-12-17 20:59:39.992767',0,7,'autorizacion'),(1679,'Nueva autorización generada','Solicitud de reintegro aprobada: ID 109','2021-12-17 20:59:40.000187',0,6,'autorizacion'),(1680,'Nueva autorización generada','Solicitud de reintegro aprobada: ID 109','2021-12-17 20:59:40.007110',0,5,'autorizacion'),(1681,'Nueva autorización generada','Solicitud de reintegro aprobada: ID 109','2021-12-17 20:59:40.013367',0,4,'autorizacion'),(1682,'Nueva autorización generada','Solicitud de reintegro aprobada: ID 109','2021-12-17 20:59:40.019982',0,3,'autorizacion'),(1683,'Nueva autorización generada','Solicitud de reintegro aprobada: ID 109','2021-12-17 20:59:40.026359',0,2,'autorizacion'),(1684,'Nueva solicitud','Nueva solicitud de reintegro ingresada: ID 334','2021-12-17 21:01:19.234540',0,1,'solicitud'),(1685,'Nueva solicitud','Nueva solicitud de reintegro ingresada: ID 334','2021-12-17 21:01:19.235525',0,3,'solicitud'),(1686,'Nueva solicitud','Nueva solicitud de reintegro ingresada: ID 334','2021-12-17 21:01:19.236550',0,4,'solicitud'),(1687,'Nueva solicitud','Nueva solicitud de reintegro ingresada: ID 334','2021-12-17 21:01:19.237340',0,5,'solicitud'),(1688,'Nueva solicitud','Nueva solicitud de reintegro ingresada: ID 334','2021-12-17 21:01:19.238304',0,6,'solicitud'),(1689,'Nueva solicitud','Nueva solicitud de reintegro ingresada: ID 334','2021-12-17 21:01:19.239247',0,7,'solicitud'),(1690,'Nueva solicitud','Nueva solicitud de reintegro ingresada: ID 334','2021-12-17 21:01:19.240309',0,8,'solicitud'),(1691,'Nueva solicitud','Nueva solicitud de reintegro ingresada: ID 334','2021-12-17 21:01:19.241307',0,9,'solicitud'),(1692,'Nueva solicitud','Nueva solicitud de reintegro ingresada: ID 334','2021-12-17 21:01:19.242315',0,10,'solicitud'),(1693,'Nueva autorización generada','Solicitud de reintegro aprobada: ID 110','2021-12-17 21:01:36.383276',0,1,'autorizacion'),(1694,'Nueva autorización generada','Solicitud de reintegro aprobada: ID 110','2021-12-17 21:01:36.390309',0,3,'autorizacion'),(1695,'Nueva autorización generada','Solicitud de reintegro aprobada: ID 110','2021-12-17 21:01:36.396979',0,4,'autorizacion'),(1696,'Nueva autorización generada','Solicitud de reintegro aprobada: ID 110','2021-12-17 21:01:36.403410',0,5,'autorizacion'),(1697,'Nueva autorización generada','Solicitud de reintegro aprobada: ID 110','2021-12-17 21:01:36.409873',0,6,'autorizacion'),(1698,'Nueva autorización generada','Solicitud de reintegro aprobada: ID 110','2021-12-17 21:01:36.416187',0,7,'autorizacion'),(1699,'Nueva autorización generada','Solicitud de reintegro aprobada: ID 110','2021-12-17 21:01:36.422476',0,8,'autorizacion'),(1700,'Nueva autorización generada','Solicitud de reintegro aprobada: ID 110','2021-12-17 21:01:36.429046',0,9,'autorizacion'),(1701,'Nueva autorización generada','Solicitud de reintegro aprobada: ID 110','2021-12-17 21:01:36.435925',0,10,'autorizacion'),(1702,'Nueva solicitud','Nueva solicitud de reintegro ingresada: ID 335','2021-12-17 21:18:35.246195',0,1,'solicitud'),(1703,'Nueva solicitud','Nueva solicitud de reintegro ingresada: ID 335','2021-12-17 21:18:35.247286',0,3,'solicitud'),(1704,'Nueva solicitud','Nueva solicitud de reintegro ingresada: ID 335','2021-12-17 21:18:35.248196',0,4,'solicitud'),(1705,'Nueva solicitud','Nueva solicitud de reintegro ingresada: ID 335','2021-12-17 21:18:35.249175',0,5,'solicitud'),(1706,'Nueva solicitud','Nueva solicitud de reintegro ingresada: ID 335','2021-12-17 21:18:35.250178',0,6,'solicitud'),(1707,'Nueva solicitud','Nueva solicitud de reintegro ingresada: ID 335','2021-12-17 21:18:35.251061',0,7,'solicitud'),(1708,'Nueva solicitud','Nueva solicitud de reintegro ingresada: ID 335','2021-12-17 21:18:35.252080',0,8,'solicitud'),(1709,'Nueva solicitud','Nueva solicitud de reintegro ingresada: ID 335','2021-12-17 21:18:35.253061',0,9,'solicitud'),(1710,'Nueva solicitud','Nueva solicitud de reintegro ingresada: ID 335','2021-12-17 21:18:35.254043',0,10,'solicitud'),(1711,'Nueva autorización generada','Solicitud de reintegro aprobada: ID 111','2021-12-17 21:18:46.003510',0,1,'autorizacion'),(1712,'Nueva autorización generada','Solicitud de reintegro aprobada: ID 111','2021-12-17 21:18:46.009930',0,3,'autorizacion'),(1713,'Nueva autorización generada','Solicitud de reintegro aprobada: ID 111','2021-12-17 21:18:46.016468',0,4,'autorizacion'),(1714,'Nueva autorización generada','Solicitud de reintegro aprobada: ID 111','2021-12-17 21:18:46.023176',0,5,'autorizacion'),(1715,'Nueva autorización generada','Solicitud de reintegro aprobada: ID 111','2021-12-17 21:18:46.029698',0,6,'autorizacion'),(1716,'Nueva autorización generada','Solicitud de reintegro aprobada: ID 111','2021-12-17 21:18:46.037086',0,7,'autorizacion'),(1717,'Nueva autorización generada','Solicitud de reintegro aprobada: ID 111','2021-12-17 21:18:46.043981',0,8,'autorizacion'),(1718,'Nueva autorización generada','Solicitud de reintegro aprobada: ID 111','2021-12-17 21:18:46.050442',0,9,'autorizacion'),(1719,'Nueva autorización generada','Solicitud de reintegro aprobada: ID 111','2021-12-17 21:18:46.057528',0,10,'autorizacion'),(1720,'Nueva solicitud','Nueva solicitud de reintegro ingresada: ID 336','2021-12-17 21:45:50.975398',0,1,'solicitud'),(1721,'Nueva solicitud','Nueva solicitud de reintegro ingresada: ID 336','2021-12-17 21:45:50.976425',0,3,'solicitud'),(1722,'Nueva solicitud','Nueva solicitud de reintegro ingresada: ID 336','2021-12-17 21:45:50.977354',0,4,'solicitud'),(1723,'Nueva solicitud','Nueva solicitud de reintegro ingresada: ID 336','2021-12-17 21:45:50.978361',0,5,'solicitud'),(1724,'Nueva solicitud','Nueva solicitud de reintegro ingresada: ID 336','2021-12-17 21:45:50.979328',0,6,'solicitud'),(1725,'Nueva solicitud','Nueva solicitud de reintegro ingresada: ID 336','2021-12-17 21:45:50.980285',0,7,'solicitud'),(1726,'Nueva solicitud','Nueva solicitud de reintegro ingresada: ID 336','2021-12-17 21:45:50.981252',0,8,'solicitud'),(1727,'Nueva solicitud','Nueva solicitud de reintegro ingresada: ID 336','2021-12-17 21:45:50.982281',0,9,'solicitud'),(1728,'Nueva solicitud','Nueva solicitud de reintegro ingresada: ID 336','2021-12-17 21:45:50.983255',0,10,'solicitud'),(1729,'Nueva solicitud','Nueva solicitud de reintegro ingresada: ID 337','2021-12-17 21:46:24.992400',0,1,'solicitud'),(1730,'Nueva solicitud','Nueva solicitud de reintegro ingresada: ID 337','2021-12-17 21:46:24.993360',0,3,'solicitud'),(1731,'Nueva solicitud','Nueva solicitud de reintegro ingresada: ID 337','2021-12-17 21:46:24.994099',0,4,'solicitud'),(1732,'Nueva solicitud','Nueva solicitud de reintegro ingresada: ID 337','2021-12-17 21:46:24.994866',0,5,'solicitud'),(1733,'Nueva solicitud','Nueva solicitud de reintegro ingresada: ID 337','2021-12-17 21:46:24.995585',0,6,'solicitud'),(1734,'Nueva solicitud','Nueva solicitud de reintegro ingresada: ID 337','2021-12-17 21:46:24.996316',0,7,'solicitud'),(1735,'Nueva solicitud','Nueva solicitud de reintegro ingresada: ID 337','2021-12-17 21:46:24.997314',0,8,'solicitud'),(1736,'Nueva solicitud','Nueva solicitud de reintegro ingresada: ID 337','2021-12-17 21:46:24.998292',0,9,'solicitud'),(1737,'Nueva solicitud','Nueva solicitud de reintegro ingresada: ID 337','2021-12-17 21:46:24.999012',0,10,'solicitud'),(1738,'Nueva autorización generada','Solicitud de reintegro aprobada: ID 112','2021-12-17 21:46:52.450010',0,1,'autorizacion'),(1739,'Nueva autorización generada','Solicitud de reintegro aprobada: ID 112','2021-12-17 21:46:52.456495',0,3,'autorizacion'),(1740,'Nueva autorización generada','Solicitud de reintegro aprobada: ID 112','2021-12-17 21:46:52.462949',0,4,'autorizacion'),(1741,'Nueva autorización generada','Solicitud de reintegro aprobada: ID 112','2021-12-17 21:46:52.469135',0,5,'autorizacion'),(1742,'Nueva autorización generada','Solicitud de reintegro aprobada: ID 112','2021-12-17 21:46:52.473688',0,6,'autorizacion'),(1743,'Nueva autorización generada','Solicitud de reintegro aprobada: ID 112','2021-12-17 21:46:52.479908',0,7,'autorizacion'),(1744,'Nueva autorización generada','Solicitud de reintegro aprobada: ID 112','2021-12-17 21:46:52.486754',0,8,'autorizacion'),(1745,'Nueva autorización generada','Solicitud de reintegro aprobada: ID 112','2021-12-17 21:46:52.493856',0,9,'autorizacion'),(1746,'Nueva autorización generada','Solicitud de reintegro aprobada: ID 112','2021-12-17 21:46:52.500188',0,10,'autorizacion'),(1747,'Nueva solicitud','Nueva solicitud de reintegro ingresada: ID 338','2021-12-17 21:58:57.523097',0,1,'solicitud'),(1748,'Nueva solicitud','Nueva solicitud de reintegro ingresada: ID 338','2021-12-17 21:58:57.523969',0,3,'solicitud'),(1749,'Nueva solicitud','Nueva solicitud de reintegro ingresada: ID 338','2021-12-17 21:58:57.524906',0,4,'solicitud'),(1750,'Nueva solicitud','Nueva solicitud de reintegro ingresada: ID 338','2021-12-17 21:58:57.525874',0,5,'solicitud'),(1751,'Nueva solicitud','Nueva solicitud de reintegro ingresada: ID 338','2021-12-17 21:58:57.526895',0,6,'solicitud'),(1752,'Nueva solicitud','Nueva solicitud de reintegro ingresada: ID 338','2021-12-17 21:58:57.527904',0,7,'solicitud'),(1753,'Nueva solicitud','Nueva solicitud de reintegro ingresada: ID 338','2021-12-17 21:58:57.528762',0,8,'solicitud'),(1754,'Nueva solicitud','Nueva solicitud de reintegro ingresada: ID 338','2021-12-17 21:58:57.529564',0,9,'solicitud'),(1755,'Nueva solicitud','Nueva solicitud de reintegro ingresada: ID 338','2021-12-17 21:58:57.530495',0,10,'solicitud'),(1756,'Nueva autorización generada','Solicitud de reintegro aprobada: ID 113','2021-12-17 22:00:45.588881',0,1,'autorizacion'),(1757,'Nueva autorización generada','Solicitud de reintegro aprobada: ID 113','2021-12-17 22:00:45.595286',0,3,'autorizacion'),(1758,'Nueva autorización generada','Solicitud de reintegro aprobada: ID 113','2021-12-17 22:00:45.601633',0,4,'autorizacion'),(1759,'Nueva autorización generada','Solicitud de reintegro aprobada: ID 113','2021-12-17 22:00:45.607890',0,5,'autorizacion'),(1760,'Nueva autorización generada','Solicitud de reintegro aprobada: ID 113','2021-12-17 22:00:45.614511',0,6,'autorizacion'),(1761,'Nueva autorización generada','Solicitud de reintegro aprobada: ID 113','2021-12-17 22:00:45.620708',0,7,'autorizacion'),(1762,'Nueva autorización generada','Solicitud de reintegro aprobada: ID 113','2021-12-17 22:00:45.626706',0,8,'autorizacion'),(1763,'Nueva autorización generada','Solicitud de reintegro aprobada: ID 113','2021-12-17 22:00:45.632769',0,9,'autorizacion'),(1764,'Nueva autorización generada','Solicitud de reintegro aprobada: ID 113','2021-12-17 22:00:45.638648',0,10,'autorizacion'),(1765,'Nueva solicitud','Nueva solicitud de reintegro ingresada: ID 339','2021-12-20 13:09:53.829379',0,1,'solicitud'),(1766,'Nueva solicitud','Nueva solicitud de reintegro ingresada: ID 339','2021-12-20 13:09:53.830396',0,3,'solicitud'),(1767,'Nueva solicitud','Nueva solicitud de reintegro ingresada: ID 339','2021-12-20 13:09:53.831356',0,4,'solicitud'),(1768,'Nueva solicitud','Nueva solicitud de reintegro ingresada: ID 339','2021-12-20 13:09:53.832350',0,5,'solicitud'),(1769,'Nueva solicitud','Nueva solicitud de reintegro ingresada: ID 339','2021-12-20 13:09:53.833351',0,6,'solicitud'),(1770,'Nueva solicitud','Nueva solicitud de reintegro ingresada: ID 339','2021-12-20 13:09:53.834302',0,7,'solicitud'),(1771,'Nueva solicitud','Nueva solicitud de reintegro ingresada: ID 339','2021-12-20 13:09:53.835281',0,8,'solicitud'),(1772,'Nueva solicitud','Nueva solicitud de reintegro ingresada: ID 339','2021-12-20 13:09:53.836224',0,9,'solicitud'),(1773,'Nueva solicitud','Nueva solicitud de reintegro ingresada: ID 339','2021-12-20 13:09:53.837158',0,10,'solicitud'),(1774,'Nueva autorización generada','Solicitud de reintegro aprobada: ID 114','2021-12-20 13:29:12.679053',0,1,'autorizacion'),(1775,'Nueva autorización generada','Solicitud de reintegro aprobada: ID 114','2021-12-20 13:29:12.686251',0,3,'autorizacion'),(1776,'Nueva autorización generada','Solicitud de reintegro aprobada: ID 114','2021-12-20 13:29:12.693221',0,4,'autorizacion'),(1777,'Nueva autorización generada','Solicitud de reintegro aprobada: ID 114','2021-12-20 13:29:12.700105',0,5,'autorizacion'),(1778,'Nueva autorización generada','Solicitud de reintegro aprobada: ID 114','2021-12-20 13:29:12.707175',0,6,'autorizacion'),(1779,'Nueva autorización generada','Solicitud de reintegro aprobada: ID 114','2021-12-20 13:29:12.713444',0,7,'autorizacion'),(1780,'Nueva autorización generada','Solicitud de reintegro aprobada: ID 114','2021-12-20 13:29:12.719801',0,8,'autorizacion'),(1781,'Nueva autorización generada','Solicitud de reintegro aprobada: ID 114','2021-12-20 13:29:12.727437',0,9,'autorizacion'),(1782,'Nueva autorización generada','Solicitud de reintegro aprobada: ID 114','2021-12-20 13:29:12.733733',0,10,'autorizacion'),(1783,'Nueva autorización generada','Solicitud de reintegro aprobada: ID 115','2021-12-20 14:53:17.782904',0,1,'autorizacion'),(1784,'Nueva autorización generada','Solicitud de reintegro aprobada: ID 115','2021-12-20 14:53:17.789239',0,3,'autorizacion'),(1785,'Nueva autorización generada','Solicitud de reintegro aprobada: ID 115','2021-12-20 14:53:17.795842',0,4,'autorizacion'),(1786,'Nueva autorización generada','Solicitud de reintegro aprobada: ID 115','2021-12-20 14:53:17.802526',0,5,'autorizacion'),(1787,'Nueva autorización generada','Solicitud de reintegro aprobada: ID 115','2021-12-20 14:53:17.808800',0,6,'autorizacion'),(1788,'Nueva autorización generada','Solicitud de reintegro aprobada: ID 115','2021-12-20 14:53:17.817504',0,7,'autorizacion'),(1789,'Nueva autorización generada','Solicitud de reintegro aprobada: ID 115','2021-12-20 14:53:17.823898',0,8,'autorizacion'),(1790,'Nueva autorización generada','Solicitud de reintegro aprobada: ID 115','2021-12-20 14:53:17.830322',0,9,'autorizacion'),(1791,'Nueva autorización generada','Solicitud de reintegro aprobada: ID 115','2021-12-20 14:53:17.836518',0,10,'autorizacion'),(1792,'Solicitud rechazada por el banco','Reintegro rechazado por el banco. ID 115','2021-12-20 15:09:59.697324',0,1,'solicitud'),(1793,'Solicitud rechazada por el banco','Reintegro rechazado por el banco. ID 115','2021-12-20 15:09:59.704063',0,3,'solicitud'),(1794,'Solicitud rechazada por el banco','Reintegro rechazado por el banco. ID 115','2021-12-20 15:09:59.710677',0,4,'solicitud'),(1795,'Solicitud rechazada por el banco','Reintegro rechazado por el banco. ID 115','2021-12-20 15:09:59.718309',0,5,'solicitud'),(1796,'Solicitud rechazada por el banco','Reintegro rechazado por el banco. ID 115','2021-12-20 15:09:59.725617',0,6,'solicitud'),(1797,'Solicitud rechazada por el banco','Reintegro rechazado por el banco. ID 115','2021-12-20 15:09:59.732127',0,7,'solicitud'),(1798,'Solicitud rechazada por el banco','Reintegro rechazado por el banco. ID 115','2021-12-20 15:09:59.738397',0,8,'solicitud'),(1799,'Solicitud rechazada por el banco','Reintegro rechazado por el banco. ID 115','2021-12-20 15:09:59.744553',0,9,'solicitud'),(1800,'Solicitud rechazada por el banco','Reintegro rechazado por el banco. ID 115','2021-12-20 15:09:59.750838',0,10,'solicitud'),(1801,'Nueva solicitud','Nueva solicitud de reintegro ingresada: ID 340','2021-12-20 17:38:05.546825',0,1,'solicitud'),(1802,'Nueva solicitud','Nueva solicitud de reintegro ingresada: ID 340','2021-12-20 17:38:05.547818',0,3,'solicitud'),(1803,'Nueva solicitud','Nueva solicitud de reintegro ingresada: ID 340','2021-12-20 17:38:05.548584',0,4,'solicitud'),(1804,'Nueva solicitud','Nueva solicitud de reintegro ingresada: ID 340','2021-12-20 17:38:05.549355',0,5,'solicitud'),(1805,'Nueva solicitud','Nueva solicitud de reintegro ingresada: ID 340','2021-12-20 17:38:05.550173',0,6,'solicitud'),(1806,'Nueva solicitud','Nueva solicitud de reintegro ingresada: ID 340','2021-12-20 17:38:05.551169',0,7,'solicitud'),(1807,'Nueva solicitud','Nueva solicitud de reintegro ingresada: ID 340','2021-12-20 17:38:05.552136',0,8,'solicitud'),(1808,'Nueva solicitud','Nueva solicitud de reintegro ingresada: ID 340','2021-12-20 17:38:05.553056',0,9,'solicitud'),(1809,'Nueva solicitud','Nueva solicitud de reintegro ingresada: ID 340','2021-12-20 17:38:05.554028',0,10,'solicitud'),(1810,'Nueva autorización generada','Solicitud de reintegro aprobada: ID 116','2021-12-20 17:38:32.958442',0,1,'autorizacion'),(1811,'Nueva autorización generada','Solicitud de reintegro aprobada: ID 116','2021-12-20 17:38:32.964750',0,3,'autorizacion'),(1812,'Nueva autorización generada','Solicitud de reintegro aprobada: ID 116','2021-12-20 17:38:32.972705',0,4,'autorizacion'),(1813,'Nueva autorización generada','Solicitud de reintegro aprobada: ID 116','2021-12-20 17:38:32.979263',0,5,'autorizacion'),(1814,'Nueva autorización generada','Solicitud de reintegro aprobada: ID 116','2021-12-20 17:38:32.985577',0,6,'autorizacion'),(1815,'Nueva autorización generada','Solicitud de reintegro aprobada: ID 116','2021-12-20 17:38:32.991610',0,7,'autorizacion'),(1816,'Nueva autorización generada','Solicitud de reintegro aprobada: ID 116','2021-12-20 17:38:32.998169',0,8,'autorizacion'),(1817,'Nueva autorización generada','Solicitud de reintegro aprobada: ID 116','2021-12-20 17:38:33.004347',0,9,'autorizacion'),(1818,'Nueva autorización generada','Solicitud de reintegro aprobada: ID 116','2021-12-20 17:38:33.010741',0,10,'autorizacion'),(1819,'Nueva solicitud','Nueva solicitud de reintegro ingresada: ID 341','2021-12-20 17:40:45.536679',0,1,'solicitud'),(1820,'Nueva solicitud','Nueva solicitud de reintegro ingresada: ID 341','2021-12-20 17:40:45.537675',0,3,'solicitud'),(1821,'Nueva solicitud','Nueva solicitud de reintegro ingresada: ID 341','2021-12-20 17:40:45.538435',0,4,'solicitud'),(1822,'Nueva solicitud','Nueva solicitud de reintegro ingresada: ID 341','2021-12-20 17:40:45.539654',0,5,'solicitud'),(1823,'Nueva solicitud','Nueva solicitud de reintegro ingresada: ID 341','2021-12-20 17:40:45.558955',0,6,'solicitud'),(1824,'Nueva solicitud','Nueva solicitud de reintegro ingresada: ID 341','2021-12-20 17:40:45.560126',0,7,'solicitud'),(1825,'Nueva solicitud','Nueva solicitud de reintegro ingresada: ID 341','2021-12-20 17:40:45.561145',0,8,'solicitud'),(1826,'Nueva solicitud','Nueva solicitud de reintegro ingresada: ID 341','2021-12-20 17:40:45.562717',0,9,'solicitud'),(1827,'Nueva solicitud','Nueva solicitud de reintegro ingresada: ID 341','2021-12-20 17:40:45.563686',0,10,'solicitud'),(1828,'Nueva autorización generada','Solicitud de reintegro aprobada: ID 117','2021-12-20 17:40:58.053489',0,1,'autorizacion'),(1829,'Nueva autorización generada','Solicitud de reintegro aprobada: ID 117','2021-12-20 17:40:58.060870',0,3,'autorizacion'),(1830,'Nueva autorización generada','Solicitud de reintegro aprobada: ID 117','2021-12-20 17:40:58.067280',0,4,'autorizacion'),(1831,'Nueva autorización generada','Solicitud de reintegro aprobada: ID 117','2021-12-20 17:40:58.073743',0,5,'autorizacion'),(1832,'Nueva autorización generada','Solicitud de reintegro aprobada: ID 117','2021-12-20 17:40:58.081980',0,6,'autorizacion'),(1833,'Nueva autorización generada','Solicitud de reintegro aprobada: ID 117','2021-12-20 17:40:58.088544',0,7,'autorizacion'),(1834,'Nueva autorización generada','Solicitud de reintegro aprobada: ID 117','2021-12-20 17:40:58.095279',1,8,'autorizacion'),(1835,'Nueva autorización generada','Solicitud de reintegro aprobada: ID 117','2021-12-20 17:40:58.102242',0,9,'autorizacion'),(1836,'Nueva autorización generada','Solicitud de reintegro aprobada: ID 117','2021-12-20 17:40:58.109588',0,10,'autorizacion'),(1837,'Solicitud rechazada por el banco','Reintegro rechazado por el banco. ID 117','2021-12-20 17:42:31.292994',0,1,'solicitud'),(1838,'Solicitud rechazada por el banco','Reintegro rechazado por el banco. ID 117','2021-12-20 17:42:31.300974',0,3,'solicitud'),(1839,'Solicitud rechazada por el banco','Reintegro rechazado por el banco. ID 117','2021-12-20 17:42:31.310178',0,4,'solicitud'),(1840,'Solicitud rechazada por el banco','Reintegro rechazado por el banco. ID 117','2021-12-20 17:42:31.317647',0,5,'solicitud'),(1841,'Solicitud rechazada por el banco','Reintegro rechazado por el banco. ID 117','2021-12-20 17:42:31.324118',0,6,'solicitud'),(1842,'Solicitud rechazada por el banco','Reintegro rechazado por el banco. ID 117','2021-12-20 17:42:31.330559',0,7,'solicitud'),(1843,'Solicitud rechazada por el banco','Reintegro rechazado por el banco. ID 117','2021-12-20 17:42:31.337673',0,8,'solicitud'),(1844,'Solicitud rechazada por el banco','Reintegro rechazado por el banco. ID 117','2021-12-20 17:42:31.346286',0,9,'solicitud'),(1845,'Solicitud rechazada por el banco','Reintegro rechazado por el banco. ID 117','2021-12-20 17:42:31.352862',0,10,'solicitud'),(1846,'Nueva solicitud','Nueva solicitud de reintegro ingresada: ID 342','2021-12-20 17:46:00.602239',0,1,'solicitud'),(1847,'Nueva solicitud','Nueva solicitud de reintegro ingresada: ID 342','2021-12-20 17:46:00.603339',0,3,'solicitud'),(1848,'Nueva solicitud','Nueva solicitud de reintegro ingresada: ID 342','2021-12-20 17:46:00.604126',0,4,'solicitud'),(1849,'Nueva solicitud','Nueva solicitud de reintegro ingresada: ID 342','2021-12-20 17:46:00.605137',0,5,'solicitud'),(1850,'Nueva solicitud','Nueva solicitud de reintegro ingresada: ID 342','2021-12-20 17:46:00.606017',0,6,'solicitud'),(1851,'Nueva solicitud','Nueva solicitud de reintegro ingresada: ID 342','2021-12-20 17:46:00.607029',0,7,'solicitud'),(1852,'Nueva solicitud','Nueva solicitud de reintegro ingresada: ID 342','2021-12-20 17:46:00.608366',0,8,'solicitud'),(1853,'Nueva solicitud','Nueva solicitud de reintegro ingresada: ID 342','2021-12-20 17:46:00.609302',0,9,'solicitud'),(1854,'Nueva solicitud','Nueva solicitud de reintegro ingresada: ID 342','2021-12-20 17:46:00.610040',0,10,'solicitud'),(1855,'Nueva autorización generada','Solicitud de reintegro aprobada: ID 118','2021-12-20 17:46:14.819204',0,1,'autorizacion'),(1856,'Nueva autorización generada','Solicitud de reintegro aprobada: ID 118','2021-12-20 17:46:14.827096',0,3,'autorizacion'),(1857,'Nueva autorización generada','Solicitud de reintegro aprobada: ID 118','2021-12-20 17:46:14.834157',0,4,'autorizacion'),(1858,'Nueva autorización generada','Solicitud de reintegro aprobada: ID 118','2021-12-20 17:46:14.841255',0,5,'autorizacion'),(1859,'Nueva autorización generada','Solicitud de reintegro aprobada: ID 118','2021-12-20 17:46:14.848472',0,6,'autorizacion'),(1860,'Nueva autorización generada','Solicitud de reintegro aprobada: ID 118','2021-12-20 17:46:14.855069',0,7,'autorizacion'),(1861,'Nueva autorización generada','Solicitud de reintegro aprobada: ID 118','2021-12-20 17:46:14.861540',1,8,'autorizacion'),(1862,'Nueva autorización generada','Solicitud de reintegro aprobada: ID 118','2021-12-20 17:46:14.867661',0,9,'autorizacion'),(1863,'Nueva autorización generada','Solicitud de reintegro aprobada: ID 118','2021-12-20 17:46:14.874894',0,10,'autorizacion'),(1864,'Solicitud rechazada por el banco','Reintegro rechazado por el banco. ID 118','2021-12-20 17:47:57.768051',0,1,'solicitud'),(1865,'Solicitud rechazada por el banco','Reintegro rechazado por el banco. ID 118','2021-12-20 17:47:57.775749',0,3,'solicitud'),(1866,'Solicitud rechazada por el banco','Reintegro rechazado por el banco. ID 118','2021-12-20 17:47:57.782873',0,4,'solicitud'),(1867,'Solicitud rechazada por el banco','Reintegro rechazado por el banco. ID 118','2021-12-20 17:47:57.789548',0,5,'solicitud'),(1868,'Solicitud rechazada por el banco','Reintegro rechazado por el banco. ID 118','2021-12-20 17:47:57.795955',0,6,'solicitud'),(1869,'Solicitud rechazada por el banco','Reintegro rechazado por el banco. ID 118','2021-12-20 17:47:57.802278',0,7,'solicitud'),(1870,'Solicitud rechazada por el banco','Reintegro rechazado por el banco. ID 118','2021-12-20 17:47:57.808511',1,8,'solicitud'),(1871,'Solicitud rechazada por el banco','Reintegro rechazado por el banco. ID 118','2021-12-20 17:47:57.815066',0,9,'solicitud'),(1872,'Solicitud rechazada por el banco','Reintegro rechazado por el banco. ID 118','2021-12-20 17:47:57.822591',0,10,'solicitud'),(1873,'Nueva solicitud','Nueva solicitud de reintegro ingresada: ID 343','2021-12-21 11:18:50.482275',0,1,'solicitud'),(1874,'Nueva solicitud','Nueva solicitud de reintegro ingresada: ID 343','2021-12-21 11:18:50.483261',0,3,'solicitud'),(1875,'Nueva solicitud','Nueva solicitud de reintegro ingresada: ID 343','2021-12-21 11:18:50.484218',0,4,'solicitud'),(1876,'Nueva solicitud','Nueva solicitud de reintegro ingresada: ID 343','2021-12-21 11:18:50.485154',0,5,'solicitud'),(1877,'Nueva solicitud','Nueva solicitud de reintegro ingresada: ID 343','2021-12-21 11:18:50.486012',0,6,'solicitud'),(1878,'Nueva solicitud','Nueva solicitud de reintegro ingresada: ID 343','2021-12-21 11:18:50.486816',0,7,'solicitud'),(1879,'Nueva solicitud','Nueva solicitud de reintegro ingresada: ID 343','2021-12-21 11:18:50.487744',0,8,'solicitud'),(1880,'Nueva solicitud','Nueva solicitud de reintegro ingresada: ID 343','2021-12-21 11:18:50.488631',0,9,'solicitud'),(1881,'Nueva solicitud','Nueva solicitud de reintegro ingresada: ID 343','2021-12-21 11:18:50.489544',0,10,'solicitud'),(1882,'Nueva solicitud','Nueva solicitud de reintegro ingresada: ID 344','2021-12-21 11:19:38.002584',0,1,'solicitud'),(1883,'Nueva solicitud','Nueva solicitud de reintegro ingresada: ID 344','2021-12-21 11:19:38.003576',0,3,'solicitud'),(1884,'Nueva solicitud','Nueva solicitud de reintegro ingresada: ID 344','2021-12-21 11:19:38.004385',0,4,'solicitud'),(1885,'Nueva solicitud','Nueva solicitud de reintegro ingresada: ID 344','2021-12-21 11:19:38.005263',0,5,'solicitud'),(1886,'Nueva solicitud','Nueva solicitud de reintegro ingresada: ID 344','2021-12-21 11:19:38.006322',0,6,'solicitud'),(1887,'Nueva solicitud','Nueva solicitud de reintegro ingresada: ID 344','2021-12-21 11:19:38.007284',0,7,'solicitud'),(1888,'Nueva solicitud','Nueva solicitud de reintegro ingresada: ID 344','2021-12-21 11:19:38.008109',0,8,'solicitud'),(1889,'Nueva solicitud','Nueva solicitud de reintegro ingresada: ID 344','2021-12-21 11:19:38.008935',0,9,'solicitud'),(1890,'Nueva solicitud','Nueva solicitud de reintegro ingresada: ID 344','2021-12-21 11:19:38.009777',0,10,'solicitud'),(1891,'Nueva autorización generada','Solicitud de reintegro aprobada: ID 119','2021-12-21 11:19:49.803930',0,1,'autorizacion'),(1892,'Nueva autorización generada','Solicitud de reintegro aprobada: ID 119','2021-12-21 11:19:49.810406',0,3,'autorizacion'),(1893,'Nueva autorización generada','Solicitud de reintegro aprobada: ID 119','2021-12-21 11:19:49.817361',0,4,'autorizacion'),(1894,'Nueva autorización generada','Solicitud de reintegro aprobada: ID 119','2021-12-21 11:19:49.823703',0,5,'autorizacion'),(1895,'Nueva autorización generada','Solicitud de reintegro aprobada: ID 119','2021-12-21 11:19:49.829707',0,6,'autorizacion'),(1896,'Nueva autorización generada','Solicitud de reintegro aprobada: ID 119','2021-12-21 11:19:49.836091',0,7,'autorizacion'),(1897,'Nueva autorización generada','Solicitud de reintegro aprobada: ID 119','2021-12-21 11:19:49.842468',1,8,'autorizacion'),(1898,'Nueva autorización generada','Solicitud de reintegro aprobada: ID 119','2021-12-21 11:19:49.848441',0,9,'autorizacion'),(1899,'Nueva autorización generada','Solicitud de reintegro aprobada: ID 119','2021-12-21 11:19:49.854793',0,10,'autorizacion'),(1900,'Nueva autorización generada','Solicitud de reintegro aprobada: ID 120','2021-12-21 11:19:57.503600',0,1,'autorizacion'),(1901,'Nueva autorización generada','Solicitud de reintegro aprobada: ID 120','2021-12-21 11:19:57.510679',0,3,'autorizacion'),(1902,'Nueva autorización generada','Solicitud de reintegro aprobada: ID 120','2021-12-21 11:19:57.517023',0,4,'autorizacion'),(1903,'Nueva autorización generada','Solicitud de reintegro aprobada: ID 120','2021-12-21 11:19:57.523587',0,5,'autorizacion'),(1904,'Nueva autorización generada','Solicitud de reintegro aprobada: ID 120','2021-12-21 11:19:57.530902',0,6,'autorizacion'),(1905,'Nueva autorización generada','Solicitud de reintegro aprobada: ID 120','2021-12-21 11:19:57.537341',0,7,'autorizacion'),(1906,'Nueva autorización generada','Solicitud de reintegro aprobada: ID 120','2021-12-21 11:19:57.543932',1,8,'autorizacion'),(1907,'Nueva autorización generada','Solicitud de reintegro aprobada: ID 120','2021-12-21 11:19:57.550958',0,9,'autorizacion'),(1908,'Nueva autorización generada','Solicitud de reintegro aprobada: ID 120','2021-12-21 11:19:57.558583',0,10,'autorizacion'),(1909,'Solicitud rechazada por el banco','Reintegro rechazado por el banco. ID 120','2021-12-21 11:28:39.790672',0,1,'solicitud'),(1910,'Solicitud rechazada por el banco','Reintegro rechazado por el banco. ID 120','2021-12-21 11:28:39.797542',0,3,'solicitud'),(1911,'Solicitud rechazada por el banco','Reintegro rechazado por el banco. ID 120','2021-12-21 11:28:39.804574',0,4,'solicitud'),(1912,'Solicitud rechazada por el banco','Reintegro rechazado por el banco. ID 120','2021-12-21 11:28:39.811574',0,5,'solicitud'),(1913,'Solicitud rechazada por el banco','Reintegro rechazado por el banco. ID 120','2021-12-21 11:28:39.818970',0,6,'solicitud'),(1914,'Solicitud rechazada por el banco','Reintegro rechazado por el banco. ID 120','2021-12-21 11:28:39.825928',0,7,'solicitud'),(1915,'Solicitud rechazada por el banco','Reintegro rechazado por el banco. ID 120','2021-12-21 11:28:39.832750',0,8,'solicitud'),(1916,'Solicitud rechazada por el banco','Reintegro rechazado por el banco. ID 120','2021-12-21 11:28:39.839913',0,9,'solicitud'),(1917,'Solicitud rechazada por el banco','Reintegro rechazado por el banco. ID 120','2021-12-21 11:28:39.848289',0,10,'solicitud'),(1918,'Nueva solicitud','Nueva solicitud de reintegro ingresada: ID 345','2021-12-21 13:48:24.952575',0,1,'solicitud'),(1919,'Nueva solicitud','Nueva solicitud de reintegro ingresada: ID 345','2021-12-21 13:48:24.953590',0,3,'solicitud'),(1920,'Nueva solicitud','Nueva solicitud de reintegro ingresada: ID 345','2021-12-21 13:48:24.954419',0,4,'solicitud'),(1921,'Nueva solicitud','Nueva solicitud de reintegro ingresada: ID 345','2021-12-21 13:48:24.955224',0,5,'solicitud'),(1922,'Nueva solicitud','Nueva solicitud de reintegro ingresada: ID 345','2021-12-21 13:48:24.956048',0,6,'solicitud'),(1923,'Nueva solicitud','Nueva solicitud de reintegro ingresada: ID 345','2021-12-21 13:48:24.956833',0,7,'solicitud'),(1924,'Nueva solicitud','Nueva solicitud de reintegro ingresada: ID 345','2021-12-21 13:48:24.957663',1,8,'solicitud'),(1925,'Nueva solicitud','Nueva solicitud de reintegro ingresada: ID 345','2021-12-21 13:48:24.958440',0,9,'solicitud'),(1926,'Nueva solicitud','Nueva solicitud de reintegro ingresada: ID 345','2021-12-21 13:48:24.959250',0,10,'solicitud'),(1927,'Nueva solicitud','Nueva solicitud de reintegro ingresada: ID 346','2021-12-21 19:14:13.883538',0,1,'solicitud'),(1928,'Nueva solicitud','Nueva solicitud de reintegro ingresada: ID 346','2021-12-21 19:14:13.884712',0,3,'solicitud'),(1929,'Nueva solicitud','Nueva solicitud de reintegro ingresada: ID 346','2021-12-21 19:14:13.885666',0,4,'solicitud'),(1930,'Nueva solicitud','Nueva solicitud de reintegro ingresada: ID 346','2021-12-21 19:14:13.886639',0,5,'solicitud'),(1931,'Nueva solicitud','Nueva solicitud de reintegro ingresada: ID 346','2021-12-21 19:14:13.887503',0,6,'solicitud'),(1932,'Nueva solicitud','Nueva solicitud de reintegro ingresada: ID 346','2021-12-21 19:14:13.888521',0,7,'solicitud'),(1933,'Nueva solicitud','Nueva solicitud de reintegro ingresada: ID 346','2021-12-21 19:14:13.889482',0,8,'solicitud'),(1934,'Nueva solicitud','Nueva solicitud de reintegro ingresada: ID 346','2021-12-21 19:14:13.890542',0,9,'solicitud'),(1935,'Nueva solicitud','Nueva solicitud de reintegro ingresada: ID 346','2021-12-21 19:14:13.891503',0,10,'solicitud'),(1936,'Nueva autorización generada','Solicitud de reintegro aprobada: ID 121','2021-12-21 19:14:33.344955',0,1,'autorizacion'),(1937,'Nueva autorización generada','Solicitud de reintegro aprobada: ID 121','2021-12-21 19:14:33.352031',0,3,'autorizacion'),(1938,'Nueva autorización generada','Solicitud de reintegro aprobada: ID 121','2021-12-21 19:14:33.358930',0,4,'autorizacion'),(1939,'Nueva autorización generada','Solicitud de reintegro aprobada: ID 121','2021-12-21 19:14:33.365848',0,5,'autorizacion'),(1940,'Nueva autorización generada','Solicitud de reintegro aprobada: ID 121','2021-12-21 19:14:33.372574',0,6,'autorizacion'),(1941,'Nueva autorización generada','Solicitud de reintegro aprobada: ID 121','2021-12-21 19:14:33.378975',0,7,'autorizacion'),(1942,'Nueva autorización generada','Solicitud de reintegro aprobada: ID 121','2021-12-21 19:14:33.385300',0,8,'autorizacion'),(1943,'Nueva autorización generada','Solicitud de reintegro aprobada: ID 121','2021-12-21 19:14:33.392408',0,9,'autorizacion'),(1944,'Nueva autorización generada','Solicitud de reintegro aprobada: ID 121','2021-12-21 19:14:33.398670',0,10,'autorizacion'),(1945,'Nueva solicitud','Nueva solicitud de reintegro ingresada: ID 347','2021-12-21 19:22:09.955985',0,1,'solicitud'),(1946,'Nueva solicitud','Nueva solicitud de reintegro ingresada: ID 347','2021-12-21 19:22:09.957189',0,3,'solicitud'),(1947,'Nueva solicitud','Nueva solicitud de reintegro ingresada: ID 347','2021-12-21 19:22:09.958194',0,4,'solicitud'),(1948,'Nueva solicitud','Nueva solicitud de reintegro ingresada: ID 347','2021-12-21 19:22:09.959196',0,5,'solicitud'),(1949,'Nueva solicitud','Nueva solicitud de reintegro ingresada: ID 347','2021-12-21 19:22:09.960069',0,6,'solicitud'),(1950,'Nueva solicitud','Nueva solicitud de reintegro ingresada: ID 347','2021-12-21 19:22:09.961047',0,7,'solicitud'),(1951,'Nueva solicitud','Nueva solicitud de reintegro ingresada: ID 347','2021-12-21 19:22:09.961950',0,8,'solicitud'),(1952,'Nueva solicitud','Nueva solicitud de reintegro ingresada: ID 347','2021-12-21 19:22:09.962938',0,9,'solicitud'),(1953,'Nueva solicitud','Nueva solicitud de reintegro ingresada: ID 347','2021-12-21 19:22:09.963850',0,10,'solicitud'),(1954,'Nueva autorización generada','Solicitud de reintegro aprobada: ID 122','2021-12-21 19:22:36.072252',0,1,'autorizacion'),(1955,'Nueva autorización generada','Solicitud de reintegro aprobada: ID 122','2021-12-21 19:22:36.079223',0,3,'autorizacion'),(1956,'Nueva autorización generada','Solicitud de reintegro aprobada: ID 122','2021-12-21 19:22:36.085803',0,4,'autorizacion'),(1957,'Nueva autorización generada','Solicitud de reintegro aprobada: ID 122','2021-12-21 19:22:36.092104',0,5,'autorizacion'),(1958,'Nueva autorización generada','Solicitud de reintegro aprobada: ID 122','2021-12-21 19:22:36.098599',0,6,'autorizacion'),(1959,'Nueva autorización generada','Solicitud de reintegro aprobada: ID 122','2021-12-21 19:22:36.105408',0,7,'autorizacion'),(1960,'Nueva autorización generada','Solicitud de reintegro aprobada: ID 122','2021-12-21 19:22:36.114033',0,8,'autorizacion'),(1961,'Nueva autorización generada','Solicitud de reintegro aprobada: ID 122','2021-12-21 19:22:36.120272',0,9,'autorizacion'),(1962,'Nueva autorización generada','Solicitud de reintegro aprobada: ID 122','2021-12-21 19:22:36.126718',0,10,'autorizacion'),(1963,'Nueva solicitud','Nueva solicitud de reintegro ingresada: ID 348','2021-12-21 19:25:12.816255',0,1,'solicitud'),(1964,'Nueva solicitud','Nueva solicitud de reintegro ingresada: ID 348','2021-12-21 19:25:12.817433',0,3,'solicitud'),(1965,'Nueva solicitud','Nueva solicitud de reintegro ingresada: ID 348','2021-12-21 19:25:12.818470',0,4,'solicitud'),(1966,'Nueva solicitud','Nueva solicitud de reintegro ingresada: ID 348','2021-12-21 19:25:12.819456',0,5,'solicitud'),(1967,'Nueva solicitud','Nueva solicitud de reintegro ingresada: ID 348','2021-12-21 19:25:12.820427',0,6,'solicitud'),(1968,'Nueva solicitud','Nueva solicitud de reintegro ingresada: ID 348','2021-12-21 19:25:12.821341',0,7,'solicitud'),(1969,'Nueva solicitud','Nueva solicitud de reintegro ingresada: ID 348','2021-12-21 19:25:12.822363',0,8,'solicitud'),(1970,'Nueva solicitud','Nueva solicitud de reintegro ingresada: ID 348','2021-12-21 19:25:12.823335',0,9,'solicitud'),(1971,'Nueva solicitud','Nueva solicitud de reintegro ingresada: ID 348','2021-12-21 19:25:12.824200',0,10,'solicitud'),(1972,'Nueva autorización generada','Solicitud de reintegro aprobada: ID 123','2021-12-21 19:26:22.948886',0,1,'autorizacion'),(1973,'Nueva autorización generada','Solicitud de reintegro aprobada: ID 123','2021-12-21 19:26:22.955816',0,3,'autorizacion'),(1974,'Nueva autorización generada','Solicitud de reintegro aprobada: ID 123','2021-12-21 19:26:22.963255',0,4,'autorizacion'),(1975,'Nueva autorización generada','Solicitud de reintegro aprobada: ID 123','2021-12-21 19:26:22.970770',0,5,'autorizacion'),(1976,'Nueva autorización generada','Solicitud de reintegro aprobada: ID 123','2021-12-21 19:26:22.977441',0,6,'autorizacion'),(1977,'Nueva autorización generada','Solicitud de reintegro aprobada: ID 123','2021-12-21 19:26:22.983638',0,7,'autorizacion'),(1978,'Nueva autorización generada','Solicitud de reintegro aprobada: ID 123','2021-12-21 19:26:22.990325',0,8,'autorizacion'),(1979,'Nueva autorización generada','Solicitud de reintegro aprobada: ID 123','2021-12-21 19:26:22.997000',0,9,'autorizacion'),(1980,'Nueva autorización generada','Solicitud de reintegro aprobada: ID 123','2021-12-21 19:26:23.003397',0,10,'autorizacion'),(1981,'Nueva solicitud','Nueva solicitud de reintegro ingresada: ID 349','2021-12-21 19:52:31.231071',0,1,'solicitud'),(1982,'Nueva solicitud','Nueva solicitud de reintegro ingresada: ID 349','2021-12-21 19:52:31.232429',0,3,'solicitud'),(1983,'Nueva solicitud','Nueva solicitud de reintegro ingresada: ID 349','2021-12-21 19:52:31.233343',0,4,'solicitud'),(1984,'Nueva solicitud','Nueva solicitud de reintegro ingresada: ID 349','2021-12-21 19:52:31.234839',0,5,'solicitud'),(1985,'Nueva solicitud','Nueva solicitud de reintegro ingresada: ID 349','2021-12-21 19:52:31.235791',0,6,'solicitud'),(1986,'Nueva solicitud','Nueva solicitud de reintegro ingresada: ID 349','2021-12-21 19:52:31.236725',0,7,'solicitud'),(1987,'Nueva solicitud','Nueva solicitud de reintegro ingresada: ID 349','2021-12-21 19:52:31.238419',0,8,'solicitud'),(1988,'Nueva solicitud','Nueva solicitud de reintegro ingresada: ID 349','2021-12-21 19:52:31.239336',0,9,'solicitud'),(1989,'Nueva solicitud','Nueva solicitud de reintegro ingresada: ID 349','2021-12-21 19:52:31.240319',0,10,'solicitud'),(1990,'Nueva solicitud','Nueva solicitud de reintegro ingresada: ID 350','2021-12-22 10:51:46.954042',0,1,'solicitud'),(1991,'Nueva solicitud','Nueva solicitud de reintegro ingresada: ID 350','2021-12-22 10:51:46.955033',0,3,'solicitud'),(1992,'Nueva solicitud','Nueva solicitud de reintegro ingresada: ID 350','2021-12-22 10:51:46.955816',0,4,'solicitud'),(1993,'Nueva solicitud','Nueva solicitud de reintegro ingresada: ID 350','2021-12-22 10:51:46.956686',0,5,'solicitud'),(1994,'Nueva solicitud','Nueva solicitud de reintegro ingresada: ID 350','2021-12-22 10:51:46.957633',0,6,'solicitud'),(1995,'Nueva solicitud','Nueva solicitud de reintegro ingresada: ID 350','2021-12-22 10:51:46.958602',0,7,'solicitud'),(1996,'Nueva solicitud','Nueva solicitud de reintegro ingresada: ID 350','2021-12-22 10:51:46.959495',0,8,'solicitud'),(1997,'Nueva solicitud','Nueva solicitud de reintegro ingresada: ID 350','2021-12-22 10:51:46.960284',0,9,'solicitud'),(1998,'Nueva solicitud','Nueva solicitud de reintegro ingresada: ID 350','2021-12-22 10:51:46.961182',0,10,'solicitud'),(1999,'Nueva autorización generada','Solicitud de reintegro aprobada: ID 124','2021-12-22 10:52:31.361220',0,1,'autorizacion'),(2000,'Nueva autorización generada','Solicitud de reintegro aprobada: ID 124','2021-12-22 10:52:31.368481',0,3,'autorizacion'),(2001,'Nueva autorización generada','Solicitud de reintegro aprobada: ID 124','2021-12-22 10:52:31.376791',0,4,'autorizacion'),(2002,'Nueva autorización generada','Solicitud de reintegro aprobada: ID 124','2021-12-22 10:52:31.383511',0,5,'autorizacion'),(2003,'Nueva autorización generada','Solicitud de reintegro aprobada: ID 124','2021-12-22 10:52:31.389779',0,6,'autorizacion'),(2004,'Nueva autorización generada','Solicitud de reintegro aprobada: ID 124','2021-12-22 10:52:31.396263',0,7,'autorizacion'),(2005,'Nueva autorización generada','Solicitud de reintegro aprobada: ID 124','2021-12-22 10:52:31.403149',0,8,'autorizacion'),(2006,'Nueva autorización generada','Solicitud de reintegro aprobada: ID 124','2021-12-22 10:52:31.410008',0,9,'autorizacion'),(2007,'Nueva autorización generada','Solicitud de reintegro aprobada: ID 124','2021-12-22 10:52:31.416518',0,10,'autorizacion'),(2008,'Nueva solicitud','Nueva solicitud de reintegro ingresada: ID 351','2021-12-22 10:53:26.190851',0,1,'solicitud'),(2009,'Nueva solicitud','Nueva solicitud de reintegro ingresada: ID 351','2021-12-22 10:53:26.192255',0,3,'solicitud'),(2010,'Nueva solicitud','Nueva solicitud de reintegro ingresada: ID 351','2021-12-22 10:53:26.193021',0,4,'solicitud'),(2011,'Nueva solicitud','Nueva solicitud de reintegro ingresada: ID 351','2021-12-22 10:53:26.193936',0,5,'solicitud'),(2012,'Nueva solicitud','Nueva solicitud de reintegro ingresada: ID 351','2021-12-22 10:53:26.194761',0,6,'solicitud'),(2013,'Nueva solicitud','Nueva solicitud de reintegro ingresada: ID 351','2021-12-22 10:53:26.195725',0,7,'solicitud'),(2014,'Nueva solicitud','Nueva solicitud de reintegro ingresada: ID 351','2021-12-22 10:53:26.196608',0,8,'solicitud'),(2015,'Nueva solicitud','Nueva solicitud de reintegro ingresada: ID 351','2021-12-22 10:53:26.197539',0,9,'solicitud'),(2016,'Nueva solicitud','Nueva solicitud de reintegro ingresada: ID 351','2021-12-22 10:53:26.198289',0,10,'solicitud'),(2017,'Nueva autorización generada','Solicitud de reintegro aprobada: ID 125','2021-12-22 10:53:39.485652',0,1,'autorizacion'),(2018,'Nueva autorización generada','Solicitud de reintegro aprobada: ID 125','2021-12-22 10:53:39.492281',0,3,'autorizacion'),(2019,'Nueva autorización generada','Solicitud de reintegro aprobada: ID 125','2021-12-22 10:53:39.499365',0,4,'autorizacion'),(2020,'Nueva autorización generada','Solicitud de reintegro aprobada: ID 125','2021-12-22 10:53:39.506476',0,5,'autorizacion'),(2021,'Nueva autorización generada','Solicitud de reintegro aprobada: ID 125','2021-12-22 10:53:39.513541',0,6,'autorizacion'),(2022,'Nueva autorización generada','Solicitud de reintegro aprobada: ID 125','2021-12-22 10:53:39.520070',0,7,'autorizacion'),(2023,'Nueva autorización generada','Solicitud de reintegro aprobada: ID 125','2021-12-22 10:53:39.526572',0,8,'autorizacion'),(2024,'Nueva autorización generada','Solicitud de reintegro aprobada: ID 125','2021-12-22 10:53:39.533185',0,9,'autorizacion'),(2025,'Nueva autorización generada','Solicitud de reintegro aprobada: ID 125','2021-12-22 10:53:39.539711',0,10,'autorizacion'),(2026,'Nueva solicitud','Nueva solicitud de reintegro ingresada: ID 352','2021-12-22 10:54:27.610609',0,1,'solicitud'),(2027,'Nueva solicitud','Nueva solicitud de reintegro ingresada: ID 352','2021-12-22 10:54:27.611524',0,3,'solicitud'),(2028,'Nueva solicitud','Nueva solicitud de reintegro ingresada: ID 352','2021-12-22 10:54:27.612291',0,4,'solicitud'),(2029,'Nueva solicitud','Nueva solicitud de reintegro ingresada: ID 352','2021-12-22 10:54:27.613067',0,5,'solicitud'),(2030,'Nueva solicitud','Nueva solicitud de reintegro ingresada: ID 352','2021-12-22 10:54:27.613834',0,6,'solicitud'),(2031,'Nueva solicitud','Nueva solicitud de reintegro ingresada: ID 352','2021-12-22 10:54:27.614798',0,7,'solicitud'),(2032,'Nueva solicitud','Nueva solicitud de reintegro ingresada: ID 352','2021-12-22 10:54:27.615758',0,8,'solicitud'),(2033,'Nueva solicitud','Nueva solicitud de reintegro ingresada: ID 352','2021-12-22 10:54:27.616749',0,9,'solicitud'),(2034,'Nueva solicitud','Nueva solicitud de reintegro ingresada: ID 352','2021-12-22 10:54:27.617721',0,10,'solicitud'),(2035,'Nueva autorización generada','Solicitud de reintegro aprobada: ID 126','2021-12-22 10:54:43.349426',0,1,'autorizacion'),(2036,'Nueva autorización generada','Solicitud de reintegro aprobada: ID 126','2021-12-22 10:54:43.356440',0,3,'autorizacion'),(2037,'Nueva autorización generada','Solicitud de reintegro aprobada: ID 126','2021-12-22 10:54:43.362707',0,4,'autorizacion'),(2038,'Nueva autorización generada','Solicitud de reintegro aprobada: ID 126','2021-12-22 10:54:43.369015',0,5,'autorizacion'),(2039,'Nueva autorización generada','Solicitud de reintegro aprobada: ID 126','2021-12-22 10:54:43.376051',0,6,'autorizacion'),(2040,'Nueva autorización generada','Solicitud de reintegro aprobada: ID 126','2021-12-22 10:54:43.382415',0,7,'autorizacion'),(2041,'Nueva autorización generada','Solicitud de reintegro aprobada: ID 126','2021-12-22 10:54:43.390074',0,8,'autorizacion'),(2042,'Nueva autorización generada','Solicitud de reintegro aprobada: ID 126','2021-12-22 10:54:43.397324',0,9,'autorizacion'),(2043,'Nueva autorización generada','Solicitud de reintegro aprobada: ID 126','2021-12-22 10:54:43.404420',0,10,'autorizacion'),(2044,'Nueva solicitud','Nueva solicitud de reintegro ingresada: ID 353','2021-12-22 10:55:19.454783',0,1,'solicitud'),(2045,'Nueva solicitud','Nueva solicitud de reintegro ingresada: ID 353','2021-12-22 10:55:19.455671',0,3,'solicitud'),(2046,'Nueva solicitud','Nueva solicitud de reintegro ingresada: ID 353','2021-12-22 10:55:19.456408',0,4,'solicitud'),(2047,'Nueva solicitud','Nueva solicitud de reintegro ingresada: ID 353','2021-12-22 10:55:19.457142',0,5,'solicitud'),(2048,'Nueva solicitud','Nueva solicitud de reintegro ingresada: ID 353','2021-12-22 10:55:19.457922',0,6,'solicitud'),(2049,'Nueva solicitud','Nueva solicitud de reintegro ingresada: ID 353','2021-12-22 10:55:19.458745',0,7,'solicitud'),(2050,'Nueva solicitud','Nueva solicitud de reintegro ingresada: ID 353','2021-12-22 10:55:19.459659',0,8,'solicitud'),(2051,'Nueva solicitud','Nueva solicitud de reintegro ingresada: ID 353','2021-12-22 10:55:19.460375',0,9,'solicitud'),(2052,'Nueva solicitud','Nueva solicitud de reintegro ingresada: ID 353','2021-12-22 10:55:19.461088',0,10,'solicitud'),(2053,'Nueva autorización generada','Solicitud de reintegro aprobada: ID 127','2021-12-22 10:55:35.333917',0,1,'autorizacion'),(2054,'Nueva autorización generada','Solicitud de reintegro aprobada: ID 127','2021-12-22 10:55:35.341325',0,3,'autorizacion'),(2055,'Nueva autorización generada','Solicitud de reintegro aprobada: ID 127','2021-12-22 10:55:35.348085',0,4,'autorizacion'),(2056,'Nueva autorización generada','Solicitud de reintegro aprobada: ID 127','2021-12-22 10:55:35.355121',0,5,'autorizacion'),(2057,'Nueva autorización generada','Solicitud de reintegro aprobada: ID 127','2021-12-22 10:55:35.361435',0,6,'autorizacion'),(2058,'Nueva autorización generada','Solicitud de reintegro aprobada: ID 127','2021-12-22 10:55:35.368469',0,7,'autorizacion'),(2059,'Nueva autorización generada','Solicitud de reintegro aprobada: ID 127','2021-12-22 10:55:35.374926',0,8,'autorizacion'),(2060,'Nueva autorización generada','Solicitud de reintegro aprobada: ID 127','2021-12-22 10:55:35.382064',0,9,'autorizacion'),(2061,'Nueva autorización generada','Solicitud de reintegro aprobada: ID 127','2021-12-22 10:55:35.388413',0,10,'autorizacion'),(2062,'Solicitud rechazada por el banco','Reintegro rechazado por el banco. ID 125','2021-12-22 10:59:52.679546',0,1,'autorizacion'),(2063,'Solicitud rechazada por el banco','Reintegro rechazado por el banco. ID 125','2021-12-22 10:59:52.687295',0,3,'autorizacion'),(2064,'Solicitud rechazada por el banco','Reintegro rechazado por el banco. ID 125','2021-12-22 10:59:52.694140',0,4,'autorizacion'),(2065,'Solicitud rechazada por el banco','Reintegro rechazado por el banco. ID 125','2021-12-22 10:59:52.701422',0,5,'autorizacion'),(2066,'Solicitud rechazada por el banco','Reintegro rechazado por el banco. ID 125','2021-12-22 10:59:52.707919',0,6,'autorizacion'),(2067,'Solicitud rechazada por el banco','Reintegro rechazado por el banco. ID 125','2021-12-22 10:59:52.714632',0,7,'autorizacion'),(2068,'Solicitud rechazada por el banco','Reintegro rechazado por el banco. ID 125','2021-12-22 10:59:52.721047',0,8,'autorizacion'),(2069,'Solicitud rechazada por el banco','Reintegro rechazado por el banco. ID 125','2021-12-22 10:59:52.727501',0,9,'autorizacion'),(2070,'Solicitud rechazada por el banco','Reintegro rechazado por el banco. ID 125','2021-12-22 10:59:52.734813',0,10,'autorizacion'),(2071,'Solicitud rechazada por el banco','Reintegro rechazado por el banco. ID 126','2021-12-22 11:02:31.172772',0,1,'autorizacion'),(2072,'Solicitud rechazada por el banco','Reintegro rechazado por el banco. ID 126','2021-12-22 11:02:31.179311',0,3,'autorizacion'),(2073,'Solicitud rechazada por el banco','Reintegro rechazado por el banco. ID 126','2021-12-22 11:02:31.185651',0,4,'autorizacion'),(2074,'Solicitud rechazada por el banco','Reintegro rechazado por el banco. ID 126','2021-12-22 11:02:31.192051',0,5,'autorizacion'),(2075,'Solicitud rechazada por el banco','Reintegro rechazado por el banco. ID 126','2021-12-22 11:02:31.198169',0,6,'autorizacion'),(2076,'Solicitud rechazada por el banco','Reintegro rechazado por el banco. ID 126','2021-12-22 11:02:31.204595',0,7,'autorizacion'),(2077,'Solicitud rechazada por el banco','Reintegro rechazado por el banco. ID 126','2021-12-22 11:02:31.210793',0,8,'autorizacion'),(2078,'Solicitud rechazada por el banco','Reintegro rechazado por el banco. ID 126','2021-12-22 11:02:31.219034',0,9,'autorizacion'),(2079,'Solicitud rechazada por el banco','Reintegro rechazado por el banco. ID 126','2021-12-22 11:02:31.225338',0,10,'autorizacion'),(2080,'Nueva solicitud','Nueva solicitud de reintegro ingresada: ID 354','2021-12-22 12:16:14.075326',0,1,'solicitud'),(2081,'Nueva solicitud','Nueva solicitud de reintegro ingresada: ID 354','2021-12-22 12:16:14.076315',0,3,'solicitud'),(2082,'Nueva solicitud','Nueva solicitud de reintegro ingresada: ID 354','2021-12-22 12:16:14.077076',0,4,'solicitud'),(2083,'Nueva solicitud','Nueva solicitud de reintegro ingresada: ID 354','2021-12-22 12:16:14.077982',0,5,'solicitud'),(2084,'Nueva solicitud','Nueva solicitud de reintegro ingresada: ID 354','2021-12-22 12:16:14.078928',0,6,'solicitud'),(2085,'Nueva solicitud','Nueva solicitud de reintegro ingresada: ID 354','2021-12-22 12:16:14.079870',0,7,'solicitud'),(2086,'Nueva solicitud','Nueva solicitud de reintegro ingresada: ID 354','2021-12-22 12:16:14.080831',0,8,'solicitud'),(2087,'Nueva solicitud','Nueva solicitud de reintegro ingresada: ID 354','2021-12-22 12:16:14.081742',0,9,'solicitud'),(2088,'Nueva solicitud','Nueva solicitud de reintegro ingresada: ID 354','2021-12-22 12:16:14.082721',0,10,'solicitud'),(2089,'Nueva autorización generada','Solicitud de reintegro aprobada: ID 128','2021-12-22 13:10:05.414086',0,1,'autorizacion'),(2090,'Nueva autorización generada','Solicitud de reintegro aprobada: ID 128','2021-12-22 13:10:05.421018',0,3,'autorizacion'),(2091,'Nueva autorización generada','Solicitud de reintegro aprobada: ID 128','2021-12-22 13:10:05.427718',0,4,'autorizacion'),(2092,'Nueva autorización generada','Solicitud de reintegro aprobada: ID 128','2021-12-22 13:10:05.434997',0,5,'autorizacion'),(2093,'Nueva autorización generada','Solicitud de reintegro aprobada: ID 128','2021-12-22 13:10:05.442140',0,6,'autorizacion'),(2094,'Nueva autorización generada','Solicitud de reintegro aprobada: ID 128','2021-12-22 13:10:05.449221',0,7,'autorizacion'),(2095,'Nueva autorización generada','Solicitud de reintegro aprobada: ID 128','2021-12-22 13:10:05.456030',0,8,'autorizacion'),(2096,'Nueva autorización generada','Solicitud de reintegro aprobada: ID 128','2021-12-22 13:10:05.462246',0,9,'autorizacion'),(2097,'Nueva autorización generada','Solicitud de reintegro aprobada: ID 128','2021-12-22 13:10:05.469769',0,10,'autorizacion');
/*!40000 ALTER TABLE `usuario_notificacion` ENABLE KEYS */;
UNLOCK TABLES;

--
-- Table structure for table `usuario_usuario`
--

DROP TABLE IF EXISTS `usuario_usuario`;
/*!40101 SET @saved_cs_client     = @@character_set_client */;
/*!50503 SET character_set_client = utf8mb4 */;
CREATE TABLE `usuario_usuario` (
  `id` int NOT NULL AUTO_INCREMENT,
  `password` varchar(128) CHARACTER SET utf8mb4 COLLATE utf8mb4_general_ci NOT NULL,
  `last_login` datetime(6) DEFAULT NULL,
  `is_superuser` tinyint(1) NOT NULL,
  `username` varchar(150) CHARACTER SET utf8mb4 COLLATE utf8mb4_general_ci NOT NULL,
  `first_name` varchar(150) CHARACTER SET utf8mb4 COLLATE utf8mb4_general_ci NOT NULL,
  `last_name` varchar(150) CHARACTER SET utf8mb4 COLLATE utf8mb4_general_ci NOT NULL,
  `email` varchar(254) CHARACTER SET utf8mb4 COLLATE utf8mb4_general_ci NOT NULL,
  `is_staff` tinyint(1) NOT NULL,
  `is_active` tinyint(1) NOT NULL,
  `date_joined` datetime(6) NOT NULL,
  `delegacionPrincipal_id` int DEFAULT NULL,
  `casaCentral` tinyint(1) NOT NULL,
  `lastUpdate` datetime(6) NOT NULL,
  PRIMARY KEY (`id`),
  UNIQUE KEY `username` (`username`),
  KEY `usuario_usuario_delegacionPrincipal__c90b19d7_fk_reintegro` (`delegacionPrincipal_id`),
  CONSTRAINT `usuario_usuario_delegacionPrincipal__c90b19d7_fk_reintegro` FOREIGN KEY (`delegacionPrincipal_id`) REFERENCES `reintegros_delegacion` (`id`)
) ENGINE=InnoDB AUTO_INCREMENT=11 DEFAULT CHARSET=utf8mb4 COLLATE=utf8mb4_general_ci;
/*!40101 SET character_set_client = @saved_cs_client */;

--
-- Dumping data for table `usuario_usuario`
--

LOCK TABLES `usuario_usuario` WRITE;
/*!40000 ALTER TABLE `usuario_usuario` DISABLE KEYS */;
INSERT INTO `usuario_usuario` VALUES (1,'',NULL,0,'abordon','Alicia','Bordon','abordon@ipross.rionegro.gov.ar',0,1,'2021-04-13 19:43:35.048555',3,0,'2021-12-01 19:57:56.150066'),(2,'',NULL,0,'acalvo','Adolfo','Calvo','acalvo@ipross.rionegro.gov.ar',0,1,'2021-04-13 19:43:35.055411',1,0,'2021-12-01 19:57:56.150066'),(3,'',NULL,0,'afranco','Adela','Franco','afranco@ipross.rionegro.gov.ar',0,1,'2021-04-13 19:43:35.061131',3,0,'2021-12-01 19:57:56.150066'),(4,'',NULL,0,'alopez','Andrea','Lopez','alopez@ipross.rionegro.gov.ar',0,1,'2021-04-13 19:43:35.066490',3,0,'2021-12-01 19:57:56.150066'),(5,'',NULL,0,'altec','Altec','Rio Negro','altec@ipross.rionegro.gov.ar',0,1,'2021-04-13 19:43:35.072243',3,0,'2021-12-01 19:57:56.150066'),(6,'amora@1900',NULL,0,'amora','Alejandro','Mora','amora@ipross.rionegro.gov.ar',0,1,'2021-04-13 19:43:35.000000',41,1,'2021-12-01 19:57:56.150066'),(7,'mvega@1900',NULL,1,'mvega','Maria','Vega','mvega@ipross.rionegro.gov.ar',0,1,'2021-04-13 19:43:35.000000',3,1,'2021-12-01 19:57:56.150066'),(8,'admin1900','2021-06-24 13:57:35.000000',1,'admin','Admin','Admin','carlos.igal@patagonian.it',1,1,'2021-04-30 18:16:52.000000',41,1,'2021-12-01 19:57:56.000000'),(9,'pbkdf2_sha256$216000$t27zNp7x94NK$+3nrzSN9GLFQsYmP/x02PzLI9Z97SQZIejstoWnlm+k=','2021-12-17 19:06:01.343026',1,'andy','','','andres.attwell@patagonian.it',1,1,'2021-05-15 19:05:48.656658',1,0,'2021-12-01 19:57:56.150066'),(10,'pbkdf2_sha256$216000$YLJ05Q1cr1Vt$qvpw+8IZCqS5e+l4FWENlBOSrIdmXaR/TaehVu/lWjk=','2021-08-12 19:04:17.917516',1,'guille','','','guillermo.rodriguez@patagoniansys.com',1,1,'2021-06-29 13:21:56.457805',11,1,'2021-12-01 19:57:56.150066');
/*!40000 ALTER TABLE `usuario_usuario` ENABLE KEYS */;
UNLOCK TABLES;

--
-- Table structure for table `usuario_usuario_capitulos`
--

DROP TABLE IF EXISTS `usuario_usuario_capitulos`;
/*!40101 SET @saved_cs_client     = @@character_set_client */;
/*!50503 SET character_set_client = utf8mb4 */;
CREATE TABLE `usuario_usuario_capitulos` (
  `id` int NOT NULL AUTO_INCREMENT,
  `usuario_id` int NOT NULL,
  `capitulo_id` int unsigned NOT NULL,
  PRIMARY KEY (`id`),
  UNIQUE KEY `usuario_usuario_capitulos_usuario_id_capitulo_id_32336d1b_uniq` (`usuario_id`,`capitulo_id`),
  KEY `usuario_usuario_capi_capitulo_id_5858ad02_fk_nomenclad` (`capitulo_id`),
  CONSTRAINT `usuario_usuario_capi_capitulo_id_5858ad02_fk_nomenclad` FOREIGN KEY (`capitulo_id`) REFERENCES `nomenclador_capitulo` (`capitulo`),
  CONSTRAINT `usuario_usuario_capi_usuario_id_773a3032_fk_usuario_u` FOREIGN KEY (`usuario_id`) REFERENCES `usuario_usuario` (`id`)
) ENGINE=InnoDB AUTO_INCREMENT=168 DEFAULT CHARSET=utf8mb4 COLLATE=utf8mb4_general_ci;
/*!40101 SET character_set_client = @saved_cs_client */;

--
-- Dumping data for table `usuario_usuario_capitulos`
--

LOCK TABLES `usuario_usuario_capitulos` WRITE;
/*!40000 ALTER TABLE `usuario_usuario_capitulos` DISABLE KEYS */;
INSERT INTO `usuario_usuario_capitulos` VALUES (166,3,54),(167,3,55),(163,3,66),(164,3,71),(165,3,95),(158,5,12),(161,5,54),(162,5,55),(159,5,71),(160,5,95);
/*!40000 ALTER TABLE `usuario_usuario_capitulos` ENABLE KEYS */;
UNLOCK TABLES;

--
-- Table structure for table `usuario_usuario_delegaciones`
--

DROP TABLE IF EXISTS `usuario_usuario_delegaciones`;
/*!40101 SET @saved_cs_client     = @@character_set_client */;
/*!50503 SET character_set_client = utf8mb4 */;
CREATE TABLE `usuario_usuario_delegaciones` (
  `id` int NOT NULL AUTO_INCREMENT,
  `usuario_id` int NOT NULL,
  `delegacion_id` int NOT NULL,
  PRIMARY KEY (`id`),
  UNIQUE KEY `usuario_usuario_delegaci_usuario_id_delegacion_id_445a7daa_uniq` (`usuario_id`,`delegacion_id`),
  KEY `usuario_usuario_dele_delegacion_id_0bc8e4f5_fk_reintegro` (`delegacion_id`),
  CONSTRAINT `usuario_usuario_dele_delegacion_id_0bc8e4f5_fk_reintegro` FOREIGN KEY (`delegacion_id`) REFERENCES `reintegros_delegacion` (`id`),
  CONSTRAINT `usuario_usuario_dele_usuario_id_1d3f8c33_fk_usuario_u` FOREIGN KEY (`usuario_id`) REFERENCES `usuario_usuario` (`id`)
) ENGINE=InnoDB AUTO_INCREMENT=4650 DEFAULT CHARSET=utf8mb4 COLLATE=utf8mb4_general_ci;
/*!40101 SET character_set_client = @saved_cs_client */;

--
-- Dumping data for table `usuario_usuario_delegaciones`
--

LOCK TABLES `usuario_usuario_delegaciones` WRITE;
/*!40000 ALTER TABLE `usuario_usuario_delegaciones` DISABLE KEYS */;
INSERT INTO `usuario_usuario_delegaciones` VALUES (4372,1,3),(4373,1,4),(4374,1,5),(4375,1,6),(4376,1,7),(4377,1,8),(4378,1,9),(4379,1,10),(4380,1,11),(4381,1,12),(4382,1,13),(4383,1,14),(4384,1,15),(4385,1,16),(4386,1,17),(4387,1,18),(4388,1,19),(4389,1,20),(4390,1,21),(4391,1,22),(4392,1,23),(4393,1,24),(4394,1,25),(4395,1,26),(4396,1,27),(4397,1,28),(4398,1,29),(4399,1,30),(4400,1,31),(4401,1,32),(4402,1,33),(4403,1,34),(4404,1,35),(4405,1,36),(4406,1,37),(4407,1,38),(4408,1,39),(4409,1,40),(4410,1,41),(4411,1,42),(4412,1,43),(4553,2,1),(4554,2,2),(4555,2,3),(4556,2,4),(4557,2,5),(4558,2,6),(4559,2,7),(4560,2,8),(4561,2,9),(4562,2,10),(4563,2,11),(4499,3,1),(4500,3,2),(4501,3,3),(4502,3,4),(4503,3,5),(4504,3,6),(4505,3,7),(4506,3,8),(4507,3,9),(4508,3,10),(4509,3,11),(4510,3,12),(4511,3,13),(4512,3,14),(4513,3,15),(4514,3,16),(4515,3,17),(4516,3,18),(4517,3,19),(4518,3,20),(4519,3,21),(4520,3,22),(4521,3,23),(4522,3,24),(4523,3,25),(4524,3,26),(4525,3,27),(4526,3,28),(4527,3,29),(4528,3,30),(4529,3,31),(4530,3,32),(4531,3,33),(4532,3,34),(4533,3,35),(4534,3,36),(4535,3,37),(4536,3,38),(4537,3,39),(4538,3,40),(4539,3,41),(4540,3,42),(4541,3,43),(4456,4,1),(4457,4,2),(4458,4,3),(4459,4,4),(4460,4,5),(4461,4,6),(4462,4,7),(4463,4,8),(4464,4,9),(4465,4,10),(4466,4,11),(4467,4,12),(4468,4,13),(4469,4,14),(4470,4,15),(4471,4,16),(4472,4,17),(4473,4,18),(4474,4,19),(4475,4,20),(4476,4,21),(4477,4,22),(4478,4,23),(4479,4,24),(4480,4,25),(4481,4,26),(4482,4,27),(4483,4,28),(4484,4,29),(4485,4,30),(4486,4,31),(4487,4,32),(4488,4,33),(4489,4,34),(4490,4,35),(4491,4,36),(4492,4,37),(4493,4,38),(4494,4,39),(4495,4,40),(4496,4,41),(4497,4,42),(4498,4,43),(4413,5,1),(4414,5,2),(4415,5,3),(4416,5,4),(4417,5,5),(4418,5,6),(4419,5,7),(4420,5,8),(4421,5,9),(4422,5,10),(4423,5,11),(4424,5,12),(4425,5,13),(4426,5,14),(4427,5,15),(4428,5,16),(4429,5,17),(4430,5,18),(4431,5,19),(4432,5,20),(4433,5,21),(4434,5,22),(4435,5,23),(4436,5,24),(4437,5,25),(4438,5,26),(4439,5,27),(4440,5,28),(4441,5,29),(4442,5,30),(4443,5,31),(4444,5,32),(4445,5,33),(4446,5,34),(4447,5,35),(4448,5,36),(4449,5,37),(4450,5,38),(4451,5,39),(4452,5,40),(4453,5,41),(4454,5,42),(4455,5,43),(4065,6,1),(3478,6,2),(4067,6,3),(4068,6,4),(4069,6,5),(4070,6,6),(4071,6,7),(4072,6,8),(4073,6,9),(4074,6,10),(4075,6,11),(4076,6,12),(4077,6,13),(4078,6,14),(4079,6,15),(4080,6,16),(4081,6,17),(4082,6,18),(4083,6,19),(4084,6,20),(3479,6,21),(3480,6,22),(3481,6,23),(3482,6,24),(3483,6,25),(3484,6,26),(3485,6,27),(3486,6,28),(3487,6,29),(3488,6,30),(3489,6,31),(3490,6,32),(3491,6,33),(3492,6,34),(3493,6,35),(3494,6,36),(3495,6,37),(3496,6,38),(3497,6,39),(3498,6,40),(3499,6,41),(3500,6,42),(3501,6,43),(3635,7,1),(3636,7,2),(3634,7,3),(3638,7,4),(3639,7,5),(3640,7,6),(3641,7,7),(3642,7,8),(3643,7,9),(3644,7,10),(3645,7,11),(3646,7,12),(3647,7,13),(3648,7,14),(3649,7,15),(3650,7,16),(3651,7,17),(3652,7,18),(3653,7,19),(3654,7,20),(3655,7,21),(3656,7,22),(3657,7,23),(3658,7,24),(3659,7,25),(3660,7,26),(3661,7,27),(3662,7,28),(3663,7,29),(3664,7,30),(3665,7,31),(3666,7,32),(3667,7,33),(3668,7,34),(3669,7,35),(3670,7,36),(3671,7,37),(3672,7,38),(3673,7,39),(3674,7,40),(3675,7,41),(3676,7,42),(3677,7,43),(9,8,1),(10,8,2),(109,8,3),(110,8,4),(111,8,5),(112,8,6),(113,8,7),(114,8,8),(115,8,9),(116,8,10),(117,8,11),(118,8,12),(119,8,13),(120,8,14),(121,8,15),(122,8,16),(123,8,17),(124,8,18),(125,8,19),(126,8,20),(127,8,21),(128,8,22),(129,8,23),(130,8,24),(131,8,25),(132,8,26),(133,8,27),(134,8,28),(135,8,29),(136,8,30),(137,8,31),(138,8,32),(139,8,33),(140,8,34),(141,8,35),(142,8,36),(143,8,37),(144,8,38),(145,8,39),(146,8,40),(147,8,41),(148,8,42),(149,8,43),(4279,9,2),(4280,9,3),(4281,9,4),(4282,9,5),(4283,9,6),(4284,9,7),(4285,9,8),(4286,9,9),(4287,9,10),(4288,9,11),(4289,9,12),(4290,9,13),(4291,9,14),(4292,9,15),(4293,9,16),(4294,9,17),(4295,9,18),(4296,9,19),(4297,9,20),(4298,9,21),(4299,9,22),(4300,9,23),(4301,9,24),(4302,9,25),(4303,9,26),(4304,9,27),(4305,9,28),(4306,9,29),(4307,9,30),(4308,9,31),(4309,9,32),(4310,9,33),(4311,9,35),(4312,9,36),(4313,9,37),(4314,9,38),(4315,9,39),(4316,9,40),(4317,9,41),(4318,9,42),(4319,9,43),(3505,10,1),(3502,10,2),(3507,10,3),(3508,10,4),(3509,10,5),(3510,10,6),(3503,10,7),(3512,10,8),(3513,10,9),(3514,10,10),(3504,10,11),(3516,10,12),(3517,10,13),(3518,10,14),(3519,10,15),(3520,10,16),(3521,10,17),(3522,10,18),(3523,10,19),(3524,10,20),(3525,10,21),(3526,10,22),(3527,10,23),(3528,10,24),(3529,10,25),(3530,10,26),(3531,10,27),(3532,10,28),(3533,10,29),(3534,10,30),(3535,10,31),(3536,10,32),(3537,10,33),(3538,10,34),(3539,10,35),(3540,10,36),(3541,10,37),(3542,10,38),(3543,10,39),(3544,10,40),(3545,10,41),(3546,10,42),(3547,10,43);
/*!40000 ALTER TABLE `usuario_usuario_delegaciones` ENABLE KEYS */;
UNLOCK TABLES;

--
-- Table structure for table `usuario_usuario_groups`
--

DROP TABLE IF EXISTS `usuario_usuario_groups`;
/*!40101 SET @saved_cs_client     = @@character_set_client */;
/*!50503 SET character_set_client = utf8mb4 */;
CREATE TABLE `usuario_usuario_groups` (
  `id` int NOT NULL AUTO_INCREMENT,
  `usuario_id` int NOT NULL,
  `group_id` int NOT NULL,
  PRIMARY KEY (`id`),
  UNIQUE KEY `usuario_usuario_groups_usuario_id_group_id_a4cfb0b8_uniq` (`usuario_id`,`group_id`),
  KEY `usuario_usuario_groups_group_id_b9c090f8_fk_auth_group_id` (`group_id`),
  CONSTRAINT `usuario_usuario_groups_group_id_b9c090f8_fk_auth_group_id` FOREIGN KEY (`group_id`) REFERENCES `auth_group` (`id`),
  CONSTRAINT `usuario_usuario_groups_usuario_id_62de76a1_fk_usuario_usuario_id` FOREIGN KEY (`usuario_id`) REFERENCES `usuario_usuario` (`id`)
) ENGINE=InnoDB AUTO_INCREMENT=306 DEFAULT CHARSET=utf8mb4 COLLATE=utf8mb4_general_ci;
/*!40101 SET character_set_client = @saved_cs_client */;

--
-- Dumping data for table `usuario_usuario_groups`
--

LOCK TABLES `usuario_usuario_groups` WRITE;
/*!40000 ALTER TABLE `usuario_usuario_groups` DISABLE KEYS */;
INSERT INTO `usuario_usuario_groups` VALUES (277,1,10),(269,2,2),(273,3,7),(296,4,3),(304,5,5),(295,6,8),(305,7,8),(303,8,1),(302,9,2),(301,10,6);
/*!40000 ALTER TABLE `usuario_usuario_groups` ENABLE KEYS */;
UNLOCK TABLES;

--
-- Table structure for table `usuario_usuario_user_permissions`
--

DROP TABLE IF EXISTS `usuario_usuario_user_permissions`;
/*!40101 SET @saved_cs_client     = @@character_set_client */;
/*!50503 SET character_set_client = utf8mb4 */;
CREATE TABLE `usuario_usuario_user_permissions` (
  `id` int NOT NULL AUTO_INCREMENT,
  `usuario_id` int NOT NULL,
  `permission_id` int NOT NULL,
  PRIMARY KEY (`id`),
  UNIQUE KEY `usuario_usuario_user_per_usuario_id_permission_id_c0a85055_uniq` (`usuario_id`,`permission_id`),
  KEY `usuario_usuario_user_permission_id_5cad0a4b_fk_auth_perm` (`permission_id`),
  CONSTRAINT `usuario_usuario_user_permission_id_5cad0a4b_fk_auth_perm` FOREIGN KEY (`permission_id`) REFERENCES `auth_permission` (`id`),
  CONSTRAINT `usuario_usuario_user_usuario_id_5969a193_fk_usuario_u` FOREIGN KEY (`usuario_id`) REFERENCES `usuario_usuario` (`id`)
) ENGINE=InnoDB AUTO_INCREMENT=122 DEFAULT CHARSET=utf8mb4 COLLATE=utf8mb4_general_ci;
/*!40101 SET character_set_client = @saved_cs_client */;

--
-- Dumping data for table `usuario_usuario_user_permissions`
--

LOCK TABLES `usuario_usuario_user_permissions` WRITE;
/*!40000 ALTER TABLE `usuario_usuario_user_permissions` DISABLE KEYS */;
INSERT INTO `usuario_usuario_user_permissions` VALUES (2,6,1),(1,7,85);
/*!40000 ALTER TABLE `usuario_usuario_user_permissions` ENABLE KEYS */;
UNLOCK TABLES;
/*!40103 SET TIME_ZONE=@OLD_TIME_ZONE */;

/*!40101 SET SQL_MODE=@OLD_SQL_MODE */;
/*!40014 SET FOREIGN_KEY_CHECKS=@OLD_FOREIGN_KEY_CHECKS */;
/*!40014 SET UNIQUE_CHECKS=@OLD_UNIQUE_CHECKS */;
/*!40101 SET CHARACTER_SET_CLIENT=@OLD_CHARACTER_SET_CLIENT */;
/*!40101 SET CHARACTER_SET_RESULTS=@OLD_CHARACTER_SET_RESULTS */;
/*!40101 SET COLLATION_CONNECTION=@OLD_COLLATION_CONNECTION */;
/*!40111 SET SQL_NOTES=@OLD_SQL_NOTES */;

-- Dump completed on 2022-04-12  8:32:25
